series_id,week_start,method,actual,h1,h2,h3,h4,h5,h6,h7
P010_store,2025-01-06,Repeat last year,118.0,84.0,76.0,95.0,76.0,69.0,120.0,105.0
P010_store,2025-01-06,Simple exponential smoothing,118.0,200.50754328271356,200.50754328271356,200.50754328271356,200.50754328271356,200.50754328271356,200.50754328271356,200.50754328271356
P010_store,2025-01-06,Prophet,118.0,58.9712634334016,238.74639823720779,77.32068692355578,85.4242687652231,71.3925178889655,63.63081623829285,83.15812836912639
P010_store,2025-01-06,LightGBM in global mode,118.0,83.74470852447067,207.01473542053918,83.19210913039174,85.04753665138429,98.93673180879517,113.58403202508205,113.5211755494867
P010_store,2025-01-13,Repeat last year,115.0,76.0,95.0,76.0,69.0,120.0,105.0,117.0
P010_store,2025-01-13,Simple exponential smoothing,115.0,180.94798618332632,180.94798618332632,180.94798618332632,180.94798618332632,180.94798618332632,180.94798618332632,180.94798618332632
P010_store,2025-01-13,Prophet,115.0,248.324176787174,82.21569844843918,86.53030339386149,72.00330224380868,66.01428690189096,86.83693575114367,118.31437670705344
P010_store,2025-01-13,LightGBM in global mode,115.0,207.37140956055916,80.38518297016105,82.83983230026585,94.10272108767518,111.00477750475596,110.97808205573901,106.72538191110311
P010_store,2025-01-20,Repeat last year,92.0,95.0,76.0,69.0,120.0,105.0,117.0,130.0
P010_store,2025-01-20,Simple exponential smoothing,92.0,161.6394766936314,161.6394766936314,161.6394766936314,161.6394766936314,161.6394766936314,161.6394766936314,161.6394766936314
P010_store,2025-01-20,Prophet,92.0,62.18264734928789,76.64932349282876,70.54133102526083,65.4028533943017,81.70436684659558,110.0492539113148,378.19130134780045
P010_store,2025-01-20,LightGBM in global mode,92.0,90.16025620440791,93.3290009471868,110.27821550003033,123.42234692255911,123.40426806565327,118.1434455864654,376.34976047143056
P010_store,2025-01-27,Repeat last year,80.0,76.0,69.0,120.0,105.0,117.0,130.0,69.0
P010_store,2025-01-27,Simple exponential smoothing,80.0,138.58042960297044,138.58042960297044,138.58042960297044,138.58042960297044,138.58042960297044,138.58042960297044,138.58042960297044
P010_store,2025-01-27,Prophet,80.0,80.74299941991472,72.32370121099422,65.24622470549089,81.22062129880376,110.41312594546906,378.65137995083313,115.09582951853852
P010_store,2025-01-27,LightGBM in global mode,80.0,82.32499568103405,95.95579250020013,112.48270706729997,112.64345388994346,108.13621428535161,322.2226774998412,109.47593895418966
P010_store,2025-02-03,Repeat last year,101.0,69.0,120.0,105.0,117.0,130.0,69.0,376.0
P010_store,2025-02-03,Simple exponential smoothing,101.0,118.36685271199791,118.36685271199791,118.36685271199791,118.36685271199791,118.36685271199791,118.36685271199791,118.36685271199791
P010_store,2025-02-03,Prophet,101.0,73.58559784400038,66.78151052436999,82.87764330901757,112.0228816752946,379.64057773143054,116.64286397941075,101.46120348343393
P010_store,2025-02-03,LightGBM in global mode,101.0,90.36962248582358,106.63681905615998,106.63681905615998,102.53123848891622,315.7529676774761,102.79563804029777,103.69216772924504
P010_store,2025-02-10,Repeat last year,161.0,120.0,105.0,117.0,130.0,69.0,376.0,74.0
P010_store,2025-02-10,Simple exponential smoothing,161.0,112.44587848120011,112.44587848120011,112.44587848120011,112.44587848120011,112.44587848120011,112.44587848120011,112.44587848120011
P010_store,2025-02-10,Prophet,161.0,70.98407321157846,85.01447274435796,112.41283471290042,379.1825230244964,117.60342727878307,103.0908604752444,104.35561080442004
P010_store,2025-02-10,LightGBM in global mode,161.0,112.1500816097739,111.58548324088548,111.29170181831832,377.15997845103055,111.09582284716778,112.15946756107306,111.45579996848554
P010_store,2025-02-17,Repeat last year,109.0,105.0,117.0,130.0,69.0,376.0,74.0,114.0
P010_store,2025-02-17,Simple exponential smoothing,109.0,127.82674424011074,127.82674424011074,127.82674424011074,127.82674424011074,127.82674424011074,127.82674424011074,127.82674424011074
P010_store,2025-02-17,Prophet,109.0,99.1296853982918,119.69842709202393,379.3696681515298,118.1455388676772,106.31521296603555,109.69813615766154,123.05591370827426
P010_store,2025-02-17,LightGBM in global mode,109.0,117.15773569671751,115.90875070761034,384.9235177563074,115.02931230513522,114.92333421893197,115.0782246695882,116.89531668289429
P010_store,2025-02-24,Repeat last year,105.0,117.0,130.0,69.0,376.0,74.0,114.0,129.0
P010_store,2025-02-24,Simple exponential smoothing,105.0,122.20839518677735,122.20839518677735,122.20839518677735,122.20839518677735,122.20839518677735,122.20839518677735,122.20839518677735
P010_store,2025-02-24,Prophet,105.0,122.11382094740081,380.9649327539504,119.2043974061521,107.25987625555749,110.92922680247223,124.53436138404473,127.06132273479903
P010_store,2025-02-24,LightGBM in global mode,105.0,110.60175190562778,400.3986679346269,112.44169249689666,112.51511975620942,112.88454265639696,114.55380185533214,117.74906388408593
P010_store,2025-03-03,Repeat last year,283.0,130.0,69.0,376.0,74.0,114.0,129.0,125.0
P010_store,2025-03-03,Simple exponential smoothing,283.0,117.04952850868801,117.04952850868801,117.04952850868801,117.04952850868801,117.04952850868801,117.04952850868801,117.04952850868801
P010_store,2025-03-03,Prophet,283.0,377.9648809713867,117.18940739941675,106.33973166373632,110.24037890375303,123.40170835547546,125.51478542541184,107.93525551890507
P010_store,2025-03-03,LightGBM in global mode,283.0,403.44739188617643,120.34234900315121,120.24908998269981,119.2742426070661,122.41423566845043,127.56027776677128,127.4192378343504
P010_store,2025-03-10,Repeat last year,117.0,69.0,376.0,74.0,114.0,129.0,125.0,83.0
P010_store,2025-03-10,Simple exponential smoothing,117.0,164.0034986903911,164.0034986903911,164.0034986903911,164.0034986903911,164.0034986903911,164.0034986903911,164.0034986903911
P010_store,2025-03-10,Prophet,117.0,106.45152032763991,102.29355250360251,110.91247395759092,123.59005882918683,122.14506416447983,102.55512525416106,81.5397117735427
P010_store,2025-03-10,LightGBM in global mode,117.0,102.4020226339647,103.24196113558945,103.46149603862199,104.75240637480547,107.58798612318137,105.96066931975429,104.32432124427784
P010_store,2025-03-17,Repeat last year,109.0,376.0,74.0,114.0,129.0,125.0,83.0,82.0
P010_store,2025-03-17,Simple exponential smoothing,109.0,150.65309599414593,150.65309599414593,150.65309599414593,150.65309599414593,150.65309599414593,150.65309599414593,150.65309599414593
P010_store,2025-03-17,Prophet,109.0,106.72680913952243,114.76258686086689,126.7311195864409,125.0171352474439,105.65784541716363,84.97530301118735,80.76624655469797
P010_store,2025-03-17,LightGBM in global mode,109.0,120.18016548015366,119.9632603979161,122.13602374501554,125.73146252107773,124.90798769800159,122.74122624859328,119.73565298776934
P010_store,2025-03-24,Repeat last year,127.0,74.0,114.0,129.0,125.0,83.0,82.0,96.0
P010_store,2025-03-24,Simple exponential smoothing,127.0,139.5044231602327,139.5044231602327,139.5044231602327,139.5044231602327,139.5044231602327,139.5044231602327,139.5044231602327
P010_store,2025-03-24,Prophet,127.0,113.45574516117358,125.1071345614341,123.1998251246019,103.84787661402586,83.27228076669053,79.1193049288189,90.35873586770165
P010_store,2025-03-24,LightGBM in global mode,127.0,108.75531850733366,109.95514621858005,113.10503883794179,112.15385601507256,109.50115152480976,107.62774624187246,108.30095558753098
P010_store,2025-03-31,Repeat last year,140.0,114.0,129.0,125.0,83.0,82.0,96.0,128.0
P010_store,2025-03-31,Simple exponential smoothing,140.0,136.16135235474394,136.16135235474394,136.16135235474394,136.16135235474394,136.16135235474394,136.16135235474394,136.16135235474394
P010_store,2025-03-31,Prophet,140.0,127.1389211762502,124.18680368740661,103.96206854450011,83.24635104125105,79.49063830607591,91.05085269815893,101.54237987608842
P010_store,2025-03-31,LightGBM in global mode,140.0,122.0156240158581,125.3999746678009,124.93799786154939,121.43936221344644,120.30895446532648,120.70483242350757,122.70762244520256
P010_store,2025-04-07,Repeat last year,89.0,129.0,125.0,83.0,82.0,96.0,128.0,114.0
P010_store,2025-04-07,Simple exponential smoothing,89.0,137.1885491273285,137.1885491273285,137.1885491273285,137.1885491273285,137.1885491273285,137.1885491273285,137.1885491273285
P010_store,2025-04-07,Prophet,89.0,127.2489257194382,106.1586617591005,84.66478228523168,80.76037652415609,92.66326724850559,103.44732633270358,103.31300182501562
P010_store,2025-04-07,LightGBM in global mode,89.0,128.76206405490245,127.0349309984465,124.97082760157538,122.8846568353672,122.66444791518813,125.16485268815836,126.28315838651628
P010_store,2025-04-14,Repeat last year,108.0,125.0,83.0,82.0,96.0,128.0,114.0,115.0
P010_store,2025-04-14,Simple exponential smoothing,108.0,124.2609661876228,124.2609661876228,124.2609661876228,124.2609661876228,124.2609661876228,124.2609661876228,124.2609661876228
P010_store,2025-04-14,Prophet,108.0,98.96907425826222,80.11614978677696,78.56405073288433,90.92571712078318,100.6896042225354,99.68867687667145,96.75148052703724
P010_store,2025-04-14,LightGBM in global mode,108.0,118.02278417434691,114.80717095011768,111.75646839631577,113.13672650586763,115.511452412983,117.0979078127117,118.47181997187532
P010_store,2025-04-21,Repeat last year,98.0,83.0,82.0,96.0,128.0,114.0,115.0,131.0
P010_store,2025-04-21,Simple exponential smoothing,98.0,119.80881761288906,119.80881761288906,119.80881761288906,119.80881761288906,119.80881761288906,119.80881761288906,119.80881761288906
P010_store,2025-04-21,Prophet,98.0,81.43591745852788,79.32815631847973,91.19881389994042,100.8597437663676,100.0396426309617,97.22930494742272,103.37505451248867
P010_store,2025-04-21,LightGBM in global mode,98.0,107.14628004403974,104.96566523376605,105.69760094355985,107.48127425693794,109.04775725494677,110.14467363570967,111.47407850969398
P010_store,2025-04-28,Repeat last year,95.0,82.0,96.0,128.0,114.0,115.0,131.0,116.0
P010_store,2025-04-28,Simple exponential smoothing,95.0,113.7940614525115,113.7940614525115,113.7940614525115,113.7940614525115,113.7940614525115,113.7940614525115,113.7940614525115
P010_store,2025-04-28,Prophet,95.0,83.12051462994216,94.01282612324621,102.7418640247445,101.70374843451026,99.2674601974089,105.75532594304806,117.1332689563672
P010_store,2025-04-28,LightGBM in global mode,95.0,109.20445730551488,109.1698271174352,110.87518131940223,111.81089843679466,113.39665117370222,114.83338945292448,112.8331922201076
P010_store,2025-05-05,Repeat last year,121.0,96.0,128.0,114.0,115.0,131.0,116.0,82.0
P010_store,2025-05-05,Simple exponential smoothing,121.0,108.56204870572722,108.56204870572722,108.56204870572722,108.56204870572722,108.56204870572722,108.56204870572722,108.56204870572722
P010_store,2025-05-05,Prophet,121.0,95.66507978628621,103.41972600926317,101.64145842824823,99.13088956185533,105.96083266542813,117.56395485326338,312.3618505197502
P010_store,2025-05-05,LightGBM in global mode,121.0,114.32218565845096,115.78770150733588,116.64614165017935,118.46390542099397,120.74803016077647,118.87219680332403,334.4792699035835
P010_store,2025-05-12,Repeat last year,74.0,128.0,114.0,115.0,131.0,116.0,82.0,132.0
P010_store,2025-05-12,Simple exponential smoothing,74.0,112.01021448137492,112.01021448137492,112.01021448137492,112.01021448137492,112.01021448137492,112.01021448137492,112.01021448137492
P010_store,2025-05-12,Prophet,74.0,107.00439161468732,103.26819720745064,99.09342202832747,105.62458433212937,117.9508966634768,312.78668098651576,109.61882027343566
P010_store,2025-05-12,LightGBM in global mode,74.0,116.55082820658971,118.03545308481068,119.40466570918423,123.13699510029912,120.01388496035065,350.27271954959105,121.57104220024782
P010_store,2025-05-19,Repeat last year,156.0,114.0,115.0,131.0,116.0,82.0,132.0,141.0
P010_store,2025-05-19,Simple exponential smoothing,156.0,101.52780283055168,101.52780283055168,101.52780283055168,101.52780283055168,101.52780283055168,101.52780283055168,101.52780283055168
P010_store,2025-05-19,Prophet,156.0,98.25075565951923,96.5440873432818,105.23476591540933,117.99311527867957,312.72084379808587,107.94050156473887,97.25051876284743
P010_store,2025-05-19,LightGBM in global mode,156.0,111.75221390957259,112.93868438461766,114.2548390506572,111.21007581144886,314.7700128403168,112.32772805683368,112.95401943920184
P010_store,2025-05-26,Repeat last year,136.0,115.0,131.0,116.0,82.0,132.0,141.0,179.0
P010_store,2025-05-26,Simple exponential smoothing,136.0,116.43218885225086,116.43218885225086,116.43218885225086,116.43218885225086,116.43218885225086,116.43218885225086,116.43218885225086
P010_store,2025-05-26,Prophet,136.0,105.01361015835207,109.31686902573259,118.26355953402275,311.2900725001358,109.15094725484897,99.9026508286786,105.12056442145995
P010_store,2025-05-26,LightGBM in global mode,136.0,116.73754114423741,121.46833865166586,118.17884114119424,341.82322738745955,119.07667357393875,120.04229580969097,122.59629818948146
P010_store,2025-06-02,Repeat last year,91.0,131.0,116.0,82.0,132.0,141.0,179.0,138.0
P010_store,2025-06-02,Simple exponential smoothing,91.0,121.6996600437815,121.6996600437815,121.6996600437815,121.6996600437815,121.6996600437815,121.6996600437815,121.6996600437815
P010_store,2025-06-02,Prophet,91.0,114.43806977019217,121.12768304056769,311.78396276212237,109.64555260798763,101.2715393306016,107.24856472350075,121.94206835787514
P010_store,2025-06-02,LightGBM in global mode,91.0,125.53438111567529,121.65082314424488,342.9297793953816,123.28259242825274,124.24862137880874,127.3675258714607,128.5899941374162
P010_store,2025-06-09,Repeat last year,115.0,116.0,82.0,132.0,141.0,179.0,138.0,152.0
P010_store,2025-06-09,Simple exponential smoothing,115.0,113.45255171440085,113.45255171440085,113.45255171440085,113.45255171440085,113.45255171440085,113.45255171440085,113.45255171440085
P010_store,2025-06-09,Prophet,115.0,116.28729895867508,308.7110477822233,108.007788806753,99.95164234078422,105.28851102692208,119.42588723385282,123.92949257849159
P010_store,2025-06-09,LightGBM in global mode,115.0,120.56046840156989,335.4340179100005,121.20198084520959,122.18189608552171,124.65668221181627,125.98327992017502,125.27677466819918
P010_store,2025-06-16,Repeat last year,259.0,82.0,132.0,141.0,179.0,138.0,152.0,130.0
P010_store,2025-06-16,Simple exponential smoothing,259.0,113.86741986836277,113.86741986836277,113.86741986836277,113.86741986836277,113.86741986836277,113.86741986836277,113.86741986836277
P010_store,2025-06-16,Prophet,259.0,309.6160514805397,108.98512978483971,101.05267303728287,106.39945242957734,120.4726676365239,124.92377016898656,340.3657078322839
P010_store,2025-06-16,LightGBM in global mode,259.0,331.9113450390749,112.98623739101146,113.42036917144051,115.06557289824663,117.37286764677776,116.17451467470232,389.0910045643795
P010_store,2025-06-23,Repeat last year,107.0,132.0,141.0,179.0,138.0,152.0,130.0,72.0
P010_store,2025-06-23,Simple exponential smoothing,107.0,152.4869976877048,152.4869976877048,152.4869976877048,152.4869976877048,152.4869976877048,152.4869976877048,152.4869976877048
P010_store,2025-06-23,Prophet,107.0,101.2177767933004,96.78986813017465,105.23721826279098,119.98647921966925,123.16797732779068,330.3384605813478,87.60603934920155
P010_store,2025-06-23,LightGBM in global mode,107.0,118.78125745663718,120.54239388045026,121.70632278498296,122.89885453588238,121.94356645109835,422.33429124889284,112.7973519847355
P010_store,2025-06-30,Repeat last year,89.0,141.0,179.0,138.0,152.0,130.0,72.0,97.0
P010_store,2025-06-30,Simple exponential smoothing,89.0,139.81074028832654,139.81074028832654,139.81074028832654,139.81074028832654,139.81074028832654,139.81074028832654,139.81074028832654
P010_store,2025-06-30,Prophet,89.0,99.18563121252626,107.37992094816492,121.83697434438395,124.9256465812773,331.7258070119997,89.59623430090616,87.46641755385963
P010_store,2025-06-30,LightGBM in global mode,89.0,122.39741235343816,123.90666085456093,124.942200040869,124.20463298370747,443.52513803879,114.31359770345976,115.77278304063118
P010_store,2025-07-07,Repeat last year,120.0,179.0,138.0,152.0,130.0,72.0,97.0,110.0
P010_store,2025-07-07,Simple exponential smoothing,120.0,126.83554237130306,126.83554237130306,126.83554237130306,126.83554237130306,126.83554237130306,126.83554237130306,126.83554237130306
P010_store,2025-07-07,Prophet,120.0,105.73338633020897,120.95086147841113,124.69929267730579,331.78285660623726,89.19730707279544,86.81211149491276,105.3348584632559
P010_store,2025-07-07,LightGBM in global mode,120.0,123.15330469831142,124.1825477757932,123.27329770478583,403.29307345689705,115.10377438594338,116.74426183298287,116.65527720889796
P010_store,2025-07-14,Repeat last year,125.0,138.0,152.0,130.0,72.0,97.0,110.0,92.0
P010_store,2025-07-14,Simple exponential smoothing,125.0,125.11733312588457,125.11733312588457,125.11733312588457,125.11733312588457,125.11733312588457,125.11733312588457,125.11733312588457
P010_store,2025-07-14,Prophet,125.0,123.04586116740043,125.70648626110872,331.7173466089688,89.1444037318933,87.19313921212162,106.07614397791994,125.40438403198456
P010_store,2025-07-14,LightGBM in global mode,125.0,125.02991430783231,124.11445991831782,428.32813941108674,112.5312514624854,114.73765342713607,113.98494704552675,116.01455040801115
P010_store,2025-07-21,Repeat last year,125.0,152.0,130.0,72.0,97.0,110.0,92.0,180.0
P010_store,2025-07-21,Simple exponential smoothing,125.0,125.08783213266322,125.08783213266322,125.08783213266322,125.08783213266322,125.08783213266322,125.08783213266322,125.08783213266322
P010_store,2025-07-21,Prophet,125.0,127.05600190626633,332.710109182315,90.40409087761532,88.37185397224576,107.23710155102413,126.59228290481133,126.74523512459314
P010_store,2025-07-21,LightGBM in global mode,125.0,123.1231247276309,427.1543899487198,111.14485801707812,113.63429034735401,112.834052277445,115.37953336042416,123.77459509038846
P010_store,2025-07-28,Repeat last year,259.0,130.0,72.0,97.0,110.0,92.0,180.0,86.0
P010_store,2025-07-28,Simple exponential smoothing,259.0,125.06574908836608,125.06574908836608,125.06574908836608,125.06574908836608,125.06574908836608,125.06574908836608,125.06574908836608
P010_store,2025-07-28,Prophet,259.0,331.80813672182785,89.17185297790527,87.24623974831135,106.19292907807944,125.54986665517151,125.65619516779574,110.54414424511913
P010_store,2025-07-28,LightGBM in global mode,259.0,426.4116704182965,113.70178362930851,116.08259485348772,115.46023277638258,117.43813996847683,124.54375540806485,118.4149527700128
P010_store,2025-08-04,Repeat last year,125.0,72.0,97.0,110.0,92.0,180.0,86.0,100.0
P010_store,2025-08-04,Simple exponential smoothing,125.0,158.54275761708183,158.54275761708183,158.54275761708183,158.54275761708183,158.54275761708183,158.54275761708183,158.54275761708183
P010_store,2025-08-04,Prophet,125.0,81.7108697556083,84.43239947566181,107.38716595995677,127.52780225610294,125.97600028034867,109.4742399451904,101.08536731719971
P010_store,2025-08-04,LightGBM in global mode,125.0,108.48509831441487,111.5045140895623,111.11035796438235,113.09392040557269,118.12441204396889,113.46749510769598,112.3980654221317
P010_store,2025-08-11,Repeat last year,133.0,97.0,110.0,92.0,180.0,86.0,100.0,101.0
P010_store,2025-08-11,Simple exponential smoothing,133.0,149.72786746464203,149.72786746464203,149.72786746464203,149.72786746464203,149.72786746464203,149.72786746464203,149.72786746464203
P010_store,2025-08-11,Prophet,133.0,90.42052458411578,109.93804220962927,127.24057192407055,125.2409128110819,110.02868380923547,102.67548599022335,113.03375173784556
P010_store,2025-08-11,LightGBM in global mode,133.0,120.97483177167057,120.25143020317074,122.2446628313468,128.368631594795,122.69898497887898,119.68187109896289,121.0976203444939
P010_store,2025-08-18,Repeat last year,145.0,110.0,92.0,180.0,86.0,100.0,101.0,131.0
P010_store,2025-08-18,Simple exponential smoothing,145.0,145.6044926657708,145.6044926657708,145.6044926657708,145.6044926657708,145.6044926657708,145.6044926657708,145.6044926657708
P010_store,2025-08-18,Prophet,145.0,115.17146434595682,129.20579582739478,124.4296497433443,108.71283727032669,102.5649388580996,113.93247661616726,129.10287753339463
P010_store,2025-08-18,LightGBM in global mode,145.0,120.81166040282187,122.69557919963759,130.81177666648105,125.16729897955588,122.67367545425485,124.87892675715031,125.85961378310958
P010_store,2025-08-25,Repeat last year,119.0,92.0,180.0,86.0,100.0,101.0,131.0,106.0
P010_store,2025-08-25,Simple exponential smoothing,119.0,145.4577658075341,145.4577658075341,145.4577658075341,145.4577658075341,145.4577658075341,145.4577658075341,145.4577658075341
P010_store,2025-08-25,Prophet,119.0,133.42822363937978,126.44812943155297,108.83241212878025,102.3093156278769,114.45590357473834,130.28696773882547,132.39519682695655
P010_store,2025-08-25,LightGBM in global mode,119.0,121.57496495056242,127.6820746741405,121.96782633955316,121.38949286137871,122.8843805954624,124.16049633261557,125.93131172424994
P010_store,2025-09-01,Repeat last year,124.0,180.0,86.0,100.0,101.0,131.0,106.0,133.0
P010_store,2025-09-01,Simple exponential smoothing,124.0,139.0782393662753,139.0782393662753,139.0782393662753,139.0782393662753,139.0782393662753,139.0782393662753,139.0782393662753
P010_store,2025-09-01,Prophet,124.0,124.7065382053917,108.18643101826846,102.63838907103266,114.99706608888457,130.43317650676997,132.18293476011996,123.97376344918983
P010_store,2025-09-01,LightGBM in global mode,124.0,138.29533756902188,130.04915056964856,126.62631020337902,129.49113922543043,130.72732818712714,132.66346317187813,133.45694958288595
P010_store,2025-09-08,Repeat last year,110.0,86.0,100.0,101.0,131.0,106.0,133.0,158.0
P010_store,2025-09-08,Simple exponential smoothing,110.0,135.4497510597602,135.4497510597602,135.4497510597602,135.4497510597602,135.4497510597602,135.4497510597602,135.4497510597602
P010_store,2025-09-08,Prophet,110.0,108.90975245005761,103.51541459521053,115.94351472517639,131.36504208766132,133.07902588487752,124.8684538848718,126.82701991334692
P010_store,2025-09-08,LightGBM in global mode,110.0,124.04074574411011,123.29774273583409,124.8627429430519,125.99054440910797,127.22144182640872,127.313476980844,128.58286604647674
P010_store,2025-09-15,Repeat last year,144.0,100.0,101.0,131.0,106.0,133.0,158.0,100.0
P010_store,2025-09-15,Simple exponential smoothing,144.0,129.29196647282313,129.29196647282313,129.29196647282313,129.29196647282313,129.29196647282313,129.29196647282313,129.29196647282313
P010_store,2025-09-15,Prophet,144.0,103.01743460484373,115.28896456140055,130.61741646627343,132.33033263366727,124.16126102541537,126.13693566775524,148.5726392838153
P010_store,2025-09-15,LightGBM in global mode,144.0,124.15546582009901,126.19799272897521,127.17814111862408,129.25048671434783,130.93798986074535,131.36778268240784,134.2208474439491
P010_store,2025-09-22,Repeat last year,180.0,101.0,131.0,106.0,133.0,158.0,100.0,585.0
P010_store,2025-09-22,Simple exponential smoothing,180.0,132.85910706252295,132.85910706252295,132.85910706252295,132.85910706252295,132.85910706252295,132.85910706252295,132.85910706252295
P010_store,2025-09-22,Prophet,180.0,120.26769663089814,132.42165166034974,131.43300403775012,122.77043789875411,125.93272528506567,149.394194454518,178.44730562453043
P010_store,2025-09-22,LightGBM in global mode,180.0,124.24554752489944,125.20739965444413,128.14065951895,129.13615270658013,129.62319314935397,132.27936930354957,143.48322729701383
P010_store,2025-09-29,Repeat last year,105.0,131.0,106.0,133.0,158.0,100.0,585.0,166.0
P010_store,2025-09-29,Simple exponential smoothing,105.0,144.15106072902296,144.15106072902296,144.15106072902296,144.15106072902296,144.15106072902296,144.15106072902296,144.15106072902296
P010_store,2025-09-29,Prophet,105.0,142.01043986611853,136.56163698705515,124.05824529622423,126.50041812978644,151.6283874890495,182.12444425578204,196.9179504869306
P010_store,2025-09-29,LightGBM in global mode,105.0,124.4225833778429,127.85119761394239,127.91598796904076,129.13066967989616,131.631870760075,147.2622691551488,232.55418819568928
P010_store,2025-10-06,Repeat last year,126.0,106.0,133.0,158.0,100.0,585.0,166.0,207.0
P010_store,2025-10-06,Simple exponential smoothing,126.0,134.81390350581478,134.81390350581478,134.81390350581478,134.81390350581478,134.81390350581478,134.81390350581478,134.81390350581478
P010_store,2025-10-06,Prophet,126.0,131.37280470190495,121.71125693660237,126.56560157513967,152.13002838548996,181.5691552026712,195.4584046423496,198.09535188807644
P010_store,2025-10-06,LightGBM in global mode,126.0,124.59667369664885,125.39526055918567,125.79815743218235,128.3181180813911,135.97186066262094,203.66228075994852,257.2038961548385
P010_store,2025-10-13,Repeat last year,140.0,133.0,158.0,100.0,585.0,166.0,207.0,233.0
P010_store,2025-10-13,Simple exponential smoothing,140.0,132.72122360510068,132.72122360510068,132.72122360510068,132.72122360510068,132.72122360510068,132.72122360510068,132.72122360510068
P010_store,2025-10-13,Prophet,140.0,120.73653942526434,125.97905382287155,151.90865375186604,181.44336576675613,195.19018557631964,197.67613970346258,214.3109164009125
P010_store,2025-10-13,LightGBM in global mode,140.0,127.60100496777768,128.65113230905197,131.06365010287783,146.41350240990622,229.87701101961068,278.6196398561874,267.51114510211875
P010_store,2025-10-20,Repeat last year,141.0,158.0,100.0,585.0,166.0,207.0,233.0,228.0
P010_store,2025-10-20,Simple exponential smoothing,141.0,134.44945069624882,134.44945069624882,134.44945069624882,134.44945069624882,134.44945069624882,134.44945069624882,134.44945069624882
P010_store,2025-10-20,Prophet,141.0,127.9891723385526,152.4407129164206,180.72108222743861,194.22486609070742,197.22649167863563,214.295330920882,258.0222337114015
P010_store,2025-10-20,LightGBM in global mode,141.0,126.796817641849,128.80922157461148,142.62184764610535,230.7064624183657,271.02505401988606,274.6101681127073,271.14276311734875
P010_store,2025-10-27,Repeat last year,125.0,100.0,585.0,166.0,207.0,233.0,228.0,280.0
P010_store,2025-10-27,Simple exponential smoothing,125.0,136.0019289569846,136.0019289569846,136.0019289569846,136.0019289569846,136.0019289569846,136.0019289569846,136.0019289569846
P010_store,2025-10-27,Prophet,125.0,153.63440997505256,180.8497375076491,193.4910665056084,196.35317014979452,213.8149502439123,257.8835627903957,304.05865621745517
P010_store,2025-10-27,LightGBM in global mode,125.0,128.4279968323892,135.7265379358866,198.8406926291831,241.07995214756258,212.46848913689269,209.1336742707556,216.28380294298756
P010_store,2025-11-03,Repeat last year,133.0,585.0,166.0,207.0,233.0,228.0,280.0,324.0
P010_store,2025-11-03,Simple exponential smoothing,133.0,133.39534041823998,133.39534041823998,133.39534041823998,133.39534041823998,133.39534041823998,133.39534041823998,133.39534041823998
P010_store,2025-11-03,Prophet,133.0,177.73048826772416,192.65877598231958,197.47979903394474,215.33732657212272,258.5851385585102,304.0153347278206,307.62859923736227
P010_store,2025-11-03,LightGBM in global mode,133.0,144.68351096806842,236.9286575410325,271.17104222785116,275.6411777595665,272.1318814258148,280.88115913278506,309.6545657350252
P010_store,2025-11-10,Repeat last year,148.0,166.0,207.0,233.0,228.0,280.0,324.0,203.0
P010_store,2025-11-10,Simple exponential smoothing,148.0,133.30162356286155,133.30162356286155,133.30162356286155,133.30162356286155,133.30162356286155,133.30162356286155,133.30162356286155
P010_store,2025-11-10,Prophet,148.0,185.67747662986756,193.84670522510714,214.69146728003682,258.63584508532176,302.9014052706159,305.35306868014106,316.1615856897687
P010_store,2025-11-10,LightGBM in global mode,148.0,237.91862156686463,280.0959721207536,288.4953884228912,280.5340245774735,288.7277238854212,311.7080678823103,267.04012270858334
P010_store,2025-11-17,Repeat last year,154.0,207.0,233.0,228.0,280.0,324.0,203.0,56.0
P010_store,2025-11-17,Simple exponential smoothing,154.0,136.78242345497594,136.78242345497594,136.78242345497594,136.78242345497594,136.78242345497594,136.78242345497594,136.78242345497594
P010_store,2025-11-17,Prophet,154.0,189.10134561975195,212.91942047942115,259.4148669143155,304.1955339567212,305.5859748124534,315.6842150453773,149.8826781890635
P010_store,2025-11-17,LightGBM in global mode,154.0,274.1329266556719,286.98702427716495,279.5363314071951,288.77864701199775,313.3543661683946,269.90055116943233,269.90055116943233
P010_store,2025-11-24,Repeat last year,200.0,233.0,228.0,280.0,324.0,203.0,56.0,118.0
P010_store,2025-11-24,Simple exponential smoothing,200.0,140.86404261501667,140.86404261501667,140.86404261501667,140.86404261501667,140.86404261501667,140.86404261501667,140.86404261501667
P010_store,2025-11-24,Prophet,200.0,208.35969031745793,257.4240140608909,304.42824629768194,306.31204927472487,315.682510040883,149.0537547320002,72.1768569640872
P010_store,2025-11-24,LightGBM in global mode,200.0,291.05619911236136,283.49986323637887,291.822933404507,317.8439598996925,264.3290396184324,264.3290396184324,264.3290396184324
P010_store,2025-12-01,Repeat last year,296.0,228.0,280.0,324.0,203.0,56.0,118.0,115.0
P010_store,2025-12-01,Simple exponential smoothing,296.0,155.0506941934273,155.0506941934273,155.0506941934273,155.0506941934273,155.0506941934273,155.0506941934273,155.0506941934273
P010_store,2025-12-01,Prophet,296.0,255.87465380589387,303.6526596866772,306.05957915414456,315.44690430497195,148.40938372576113,71.26018837520398,45.88905913015191
P010_store,2025-12-01,LightGBM in global mode,296.0,273.5823324727025,282.89308866165345,311.5574453973851,268.35842448050647,268.35842448050647,268.35842448050647,268.35842448050647
P010_store,2025-12-08,Repeat last year,274.0,280.0,324.0,203.0,56.0,118.0,115.0,92.0
P010_store,2025-12-08,Simple exponential smoothing,274.0,192.12721471783226,192.12721471783226,192.12721471783226,192.12721471783226,192.12721471783226,192.12721471783226,192.12721471783226
P010_store,2025-12-08,Prophet,274.0,308.4779615036084,307.80820753362786,314.7130613995104,146.9288149163542,70.61739395206673,45.98598438912914,61.449278311836935
P010_store,2025-12-08,LightGBM in global mode,274.0,271.4294314791487,300.4066874575715,282.19095499995456,282.19095499995456,282.19095499995456,282.19095499995456,282.19095499995456
P010_store,2025-12-15,Repeat last year,326.0,324.0,203.0,56.0,118.0,115.0,92.0,80.0
P010_store,2025-12-15,Simple exponential smoothing,326.0,218.19039892134583,218.19039892134583,218.19039892134583,218.19039892134583,218.19039892134583,218.19039892134583,218.19039892134583
P010_store,2025-12-15,Prophet,326.0,303.0540300870563,312.41307052023853,146.78581739495408,70.9546908619212,45.55246310541763,60.34530785401844,82.44397641415593
P010_store,2025-12-15,LightGBM in global mode,326.0,297.1898263044632,283.20495175176194,283.20495175176194,283.20495175176194,283.20495175176194,283.20495175176194,283.20495175176194
P010_store,2025-12-22,Repeat last year,344.0,203.0,56.0,118.0,115.0,92.0,80.0,101.0
P010_store,2025-12-22,Simple exponential smoothing,344.0,255.57551863696165,255.57551863696165,255.57551863696165,255.57551863696165,255.57551863696165,255.57551863696165,255.57551863696165
P010_store,2025-12-22,Prophet,344.0,315.6573525962016,148.3845650702389,71.12809903961696,45.41694007185622,60.75114400416116,83.32704573716045,91.75600086133056
P010_store,2025-12-22,LightGBM in global mode,344.0,270.4192427254705,270.4192427254705,270.4192427254705,270.4192427254705,270.4192427254705,270.4192427254705,270.4192427254705
P010_online,2025-01-06,Repeat last year,105.0,70.0,86.0,87.0,57.0,100.0,129.0,148.0
P010_online,2025-01-06,Simple exponential smoothing,105.0,223.67781253278758,223.67781253278758,223.67781253278758,223.67781253278758,223.67781253278758,223.67781253278758,223.67781253278758
P010_online,2025-01-06,Prophet,105.0,87.41164526926018,66.07922510126446,89.57674670223953,119.92420264904207,131.0832465037223,124.90625763653563,116.75101384910957
P010_online,2025-01-06,LightGBM in global mode,105.0,92.85978968898264,92.2470433504909,90.78406217195905,93.34222648408998,108.65231181827079,125.07770193889318,125.0084849602451
P010_online,2025-01-13,Repeat last year,141.0,86.0,87.0,57.0,100.0,129.0,148.0,104.0
P010_online,2025-01-13,Simple exponential smoothing,141.0,167.38338772281207,167.38338772281207,167.38338772281207,167.38338772281207,167.38338772281207,167.38338772281207,167.38338772281207
P010_online,2025-01-13,Prophet,141.0,69.42535918581335,91.51629069797319,120.70924134047917,131.71664738656247,126.07612865548967,118.30379684660704,273.9887926796585
P010_online,2025-01-13,LightGBM in global mode,141.0,98.61907974520828,97.05504200187173,99.39360803771162,116.7437389143953,130.35964226680437,130.3282921820402,206.78543351033778
P010_online,2025-01-20,Repeat last year,103.0,87.0,57.0,100.0,129.0,148.0,104.0,69.0
P010_online,2025-01-20,Simple exponential smoothing,103.0,154.22723228935314,154.22723228935314,154.22723228935314,154.22723228935314,154.22723228935314,154.22723228935314,154.22723228935314
P010_online,2025-01-20,Prophet,103.0,103.86086524121154,127.50430996790588,133.92896141064594,127.66052392037268,121.9503489472328,280.67696487440884,122.09734121791251
P010_online,2025-01-20,LightGBM in global mode,103.0,99.44503388363778,101.9917646281793,119.29010870770017,132.64021683810782,132.62078775123686,203.83442899217596,127.12732457014981
P010_online,2025-01-27,Repeat last year,93.0,57.0,100.0,129.0,148.0,104.0,69.0,107.0
P010_online,2025-01-27,Simple exponential smoothing,93.0,129.33893850467467,129.33893850467467,129.33893850467467,129.33893850467467,129.33893850467467,129.33893850467467,129.33893850467467
P010_online,2025-01-27,Prophet,93.0,127.65916355579661,134.2738486116998,128.1592033623627,122.42935496708955,281.3556857859707,122.346980286936,123.28030396132294
P010_online,2025-01-27,LightGBM in global mode,93.0,86.35688401630243,102.17400533678511,119.02905297364708,119.1991550503719,181.65630903431685,114.38421463207301,115.59046565313243
P010_online,2025-02-03,Repeat last year,83.0,100.0,129.0,148.0,104.0,69.0,107.0,99.0
P010_online,2025-02-03,Simple exponential smoothing,83.0,111.5756456805824,111.5756456805824,111.5756456805824,111.5756456805824,111.5756456805824,111.5756456805824,111.5756456805824
P010_online,2025-02-03,Prophet,83.0,129.24788482004902,125.7022090831608,122.27874121235935,281.5885037735166,121.70712642194619,121.77232882536003,127.10925992296879
P010_online,2025-02-03,LightGBM in global mode,83.0,120.11758497282538,129.22258642406825,129.22258642406825,193.2540893349998,123.85802081405029,125.0273453077764,125.33310824128979
P010_online,2025-02-10,Repeat last year,179.0,129.0,148.0,104.0,69.0,107.0,99.0,156.0
P010_online,2025-02-10,Simple exponential smoothing,179.0,97.60220124552876,97.60220124552876,97.60220124552876,97.60220124552876,97.60220124552876,97.60220124552876,97.60220124552876
P010_online,2025-02-10,Prophet,179.0,116.8822761705421,116.79042624202738,278.52912100825904,119.7773707636648,118.55647190841518,122.74778898292037,134.18702697372134
P010_online,2025-02-10,LightGBM in global mode,179.0,122.99977820966328,122.99977820966328,179.94325046482172,117.70741213526165,117.79604142270468,117.95502629136988,119.4898712994099
P010_online,2025-02-17,Repeat last year,122.0,148.0,104.0,69.0,107.0,99.0,156.0,110.0
P010_online,2025-02-17,Simple exponential smoothing,122.0,136.393465603794,136.393465603794,136.393465603794,136.393465603794,136.393465603794,136.393465603794,136.393465603794
P010_online,2025-02-17,Prophet,122.0,126.49014593127853,284.02830094722793,120.6863844060349,118.80326264642494,124.84617838970209,137.7741203363068,147.68285491387803
P010_online,2025-02-17,LightGBM in global mode,122.0,120.0221406722917,175.32959003523612,113.99073873725469,114.25633031084645,114.42129603924938,116.85293181649196,116.06383510207324
P010_online,2025-02-24,Repeat last year,208.0,104.0,69.0,107.0,99.0,156.0,110.0,123.0
P010_online,2025-02-24,Simple exponential smoothing,208.0,129.60504801553034,129.60504801553034,129.60504801553034,129.60504801553034,129.60504801553034,129.60504801553034,129.60504801553034
P010_online,2025-02-24,Prophet,208.0,283.9550161510026,120.97378065689058,119.3874877340227,125.46342166187341,138.2558983090773,148.07566111317308,147.01157394176445
P010_online,2025-02-24,LightGBM in global mode,208.0,193.85185520051004,117.59831743444964,117.7041058288515,118.05979436548681,120.15490046172955,120.4430982567066,123.95531627378921
P010_online,2025-03-03,Repeat last year,99.0,69.0,107.0,99.0,156.0,110.0,123.0,145.0
P010_online,2025-03-03,Simple exponential smoothing,99.0,166.5398915142428,166.5398915142428,166.5398915142428,166.5398915142428,166.5398915142428,166.5398915142428,166.5398915142428
P010_online,2025-03-03,Prophet,99.0,111.2818796770515,114.2000809116589,123.53182488268766,136.59939683696533,144.99188025628814,143.0307840567239,135.2261415443073
P010_online,2025-03-03,LightGBM in global mode,99.0,114.03220059173034,114.66647702118786,114.62641095295979,116.56953426653239,115.74847428856246,118.00164060178747,117.24893336968535
P010_online,2025-03-10,Repeat last year,157.0,107.0,99.0,156.0,110.0,123.0,145.0,97.0
P010_online,2025-03-10,Simple exponential smoothing,157.0,134.93580075931453,134.93580075931453,134.93580075931453,134.93580075931453,134.93580075931453,134.93580075931453,134.93580075931453
P010_online,2025-03-10,Prophet,157.0,111.20502917840082,121.27114438730348,135.09812751379923,143.69695132990245,141.44488703784302,133.35179745339482,130.00740844385794
P010_online,2025-03-10,LightGBM in global mode,157.0,123.36625455982345,123.5624727737858,125.48872437732643,124.85109524807099,128.44610937487678,128.09180295877388,125.64292385398142
P010_online,2025-03-17,Repeat last year,129.0,99.0,156.0,110.0,123.0,145.0,97.0,119.0
P010_online,2025-03-17,Simple exponential smoothing,129.0,145.12473078941696,145.12473078941696,145.12473078941696,145.12473078941696,145.12473078941696,145.12473078941696,145.12473078941696
P010_online,2025-03-17,Prophet,129.0,129.34316274927755,139.8743836226397,145.5136931187661,142.66089052784633,135.83984699945154,133.61715830810545,138.78658802570519
P010_online,2025-03-17,LightGBM in global mode,129.0,128.70858861685608,131.0025486104606,130.15090672204406,132.96806328053242,132.3812664243339,130.70282500034455,129.84522124968476
P010_online,2025-03-24,Repeat last year,141.0,156.0,110.0,123.0,145.0,97.0,119.0,121.0
P010_online,2025-03-24,Simple exponential smoothing,141.0,137.68891123343084,137.68891123343084,137.68891123343084,137.68891123343084,137.68891123343084,137.68891123343084,137.68891123343084
P010_online,2025-03-24,Prophet,141.0,139.52173370204716,145.18543750315834,142.36387426452583,135.54106462865272,133.28924650480081,138.44256817612057,144.99232123878429
P010_online,2025-03-24,LightGBM in global mode,141.0,130.6755082594477,129.82599244617305,133.44604702981013,133.2589093092748,130.84939866204436,128.74221537655356,128.5508805745688
P010_online,2025-03-31,Repeat last year,169.0,110.0,123.0,145.0,97.0,119.0,121.0,130.0
P010_online,2025-03-31,Simple exponential smoothing,169.0,139.21569338042684,139.21569338042684,139.21569338042684,139.21569338042684,139.21569338042684,139.21569338042684,139.21569338042684
P010_online,2025-03-31,Prophet,169.0,145.40461800782555,142.42313900095706,135.4920539235396,133.23737018022638,138.44437360733772,145.02122339412438,346.87038675292763
P010_online,2025-03-31,LightGBM in global mode,169.0,126.76972314331358,130.02433141277498,129.01059801012906,126.83507058656936,126.0816728873838,126.40308308416716,314.99035794304837
P010_online,2025-04-07,Repeat last year,114.0,123.0,145.0,97.0,119.0,121.0,130.0,145.0
P010_online,2025-04-07,Simple exponential smoothing,114.0,152.94289409781905,152.94289409781905,152.94289409781905,152.94289409781905,152.94289409781905,152.94289409781905,152.94289409781905
P010_online,2025-04-07,Prophet,114.0,146.48228923694677,137.8539177885281,134.11114113710752,139.02357364542178,146.21800949844106,348.81117416051313,143.0538105734442
P010_online,2025-04-07,LightGBM in global mode,114.0,143.1201896244087,141.93179556372704,139.33924883364335,138.6834261789713,138.53383230793202,328.3516959020593,140.81177320887295
P010_online,2025-04-14,Repeat last year,146.0,145.0,97.0,119.0,121.0,130.0,145.0,105.0
P010_online,2025-04-14,Simple exponential smoothing,146.0,135.03671267749246,135.03671267749246,135.03671267749246,135.03671267749246,135.03671267749246,135.03671267749246,135.03671267749246
P010_online,2025-04-14,Prophet,146.0,132.82141787427068,131.5021714659787,138.50869839721813,146.09066847970445,348.0580555004311,141.29800402927668,137.12668479025353
P010_online,2025-04-14,LightGBM in global mode,146.0,145.38588557129208,142.16388854663205,140.33484351338953,140.7965629402648,329.8762091289288,143.61460912548446,143.63614001628466
P010_online,2025-04-21,Repeat last year,150.0,97.0,119.0,121.0,130.0,145.0,105.0,92.0
P010_online,2025-04-21,Simple exponential smoothing,150.0,140.07077157076657,140.07077157076657,140.07077157076657,140.07077157076657,140.07077157076657,140.07077157076657,140.07077157076657
P010_online,2025-04-21,Prophet,150.0,131.98838464113908,137.84958043687436,144.55884848900803,346.0711632137279,140.04183222216096,136.12883951619943,386.9414708140696
P010_online,2025-04-21,LightGBM in global mode,150.0,132.78669607634174,131.42972268611211,131.2408301736986,320.647924587185,133.05489026101645,133.39227746844745,357.465854562503
P010_online,2025-04-28,Repeat last year,184.0,119.0,121.0,130.0,145.0,105.0,92.0,100.0
P010_online,2025-04-28,Simple exponential smoothing,184.0,144.6250210942571,144.6250210942571,144.6250210942571,144.6250210942571,144.6250210942571,144.6250210942571,144.6250210942571
P010_online,2025-04-28,Prophet,184.0,141.5727726504266,147.10079344012743,348.08774657314916,141.2164146792884,137.80974594943385,389.80545904898645,136.52200673457708
P010_online,2025-04-28,LightGBM in global mode,184.0,131.20851731141153,130.98234042712136,302.3798341269454,133.3921763977032,132.99516793318313,355.2654297804457,138.97845932577658
P010_online,2025-05-05,Repeat last year,117.0,121.0,130.0,145.0,105.0,92.0,100.0,117.0
P010_online,2025-05-05,Simple exponential smoothing,117.0,162.71001915302114,162.71001915302114,162.71001915302114,162.71001915302114,162.71001915302114,162.71001915302114,162.71001915302114
P010_online,2025-05-05,Prophet,117.0,153.50365556164402,351.6766901506853,141.62787267544837,137.78475845656598,391.58536010722105,138.74968508260628,135.2532129132459
P010_online,2025-05-05,LightGBM in global mode,117.0,138.66277283739828,320.59479838596707,140.11256497966053,140.40429087093452,365.32032920743325,148.8408591832337,149.0978472319891
P010_online,2025-05-12,Repeat last year,209.0,130.0,145.0,105.0,92.0,100.0,117.0,134.0
P010_online,2025-05-12,Simple exponential smoothing,209.0,141.7881881366207,141.7881881366207,141.7881881366207,141.7881881366207,141.7881881366207,141.7881881366207,141.7881881366207
P010_online,2025-05-12,Prophet,209.0,346.9033969486741,139.58617962125632,138.13228221540754,392.45514956895965,138.4426431532302,134.06260034342708,135.4412941267167
P010_online,2025-05-12,LightGBM in global mode,209.0,327.84191471697267,144.14973287580074,143.92284736438558,367.9325226611738,149.67374480787993,150.4145064599095,149.7429267316384
P010_online,2025-05-19,Repeat last year,113.0,145.0,105.0,92.0,100.0,117.0,134.0,120.0
P010_online,2025-05-19,Simple exponential smoothing,113.0,172.3117493728073,172.3117493728073,172.3117493728073,172.3117493728073,172.3117493728073,172.3117493728073,172.3117493728073
P010_online,2025-05-19,Prophet,113.0,121.91241127762581,127.25161311090625,357.8505919304704,137.1503214875816,131.32447751863515,129.56443492513696,142.27701194817425
P010_online,2025-05-19,LightGBM in global mode,113.0,149.81428287052356,151.00657504142853,374.87651351353907,159.73141964542074,159.82818068732482,157.89014770043184,158.7364169802424
P010_online,2025-05-26,Repeat last year,115.0,105.0,92.0,100.0,117.0,134.0,120.0,150.0
P010_online,2025-05-26,Simple exponential smoothing,115.0,145.546125500303,145.546125500303,145.546125500303,145.546125500303,145.546125500303,145.546125500303,145.546125500303
P010_online,2025-05-26,Prophet,115.0,124.98276572758566,356.5229352631937,136.10320726875855,130.39398103567174,128.3925774101454,140.9326498325835,161.13732625618226
P010_online,2025-05-26,LightGBM in global mode,115.0,128.62275235822295,364.3767909825716,132.76205789345693,132.92599861094814,132.0850610576968,132.99460266704654,134.38027152979285
P010_online,2025-06-02,Repeat last year,325.0,92.0,100.0,117.0,134.0,120.0,150.0,148.0
P010_online,2025-06-02,Simple exponential smoothing,325.0,131.78002116476029,131.78002116476029,131.78002116476029,131.78002116476029,131.78002116476029,131.78002116476029,131.78002116476029
P010_online,2025-06-02,Prophet,325.0,355.7762048045163,136.26342145032584,131.30744345541663,129.42212216698732,141.57747801123298,161.44643347241637,167.27940588450525
P010_online,2025-06-02,LightGBM in global mode,325.0,354.24539912384535,129.45589946814243,129.45589946814243,129.00715391466906,129.45449858160342,131.1767527483805,133.097699452472
P010_online,2025-06-09,Repeat last year,99.0,100.0,117.0,134.0,120.0,150.0,148.0,168.0
P010_online,2025-06-09,Simple exponential smoothing,99.0,216.43648231166742,216.43648231166742,216.43648231166742,216.43648231166742,216.43648231166742,216.43648231166742,216.43648231166742
P010_online,2025-06-09,Prophet,99.0,132.90165592862004,130.27996944718365,129.96337409410367,141.80895024777845,160.57842852877158,166.3840668750552,145.65204586484907
P010_online,2025-06-09,LightGBM in global mode,99.0,130.49726891793853,133.08978594797685,131.9064139381194,132.60247267004388,132.73201152032172,134.37772921140896,132.6856073198077
P010_online,2025-06-16,Repeat last year,120.0,117.0,134.0,120.0,150.0,148.0,168.0,115.0
P010_online,2025-06-16,Simple exponential smoothing,120.0,165.73834495450504,165.73834495450504,165.73834495450504,165.73834495450504,165.73834495450504,165.73834495450504,165.73834495450504
P010_online,2025-06-16,Prophet,120.0,125.53587816884917,127.83041302803136,141.96704758912833,161.18577475039086,165.9592967570564,144.2505525209627,108.62626567846308
P010_online,2025-06-16,LightGBM in global mode,120.0,134.72493006642068,135.41404829488883,135.9343553981152,136.4481070211907,137.56830635397495,136.57049428780084,133.0227573905083
P010_online,2025-06-23,Repeat last year,137.0,134.0,120.0,150.0,148.0,168.0,115.0,172.0
P010_online,2025-06-23,Simple exponential smoothing,137.0,146.98504124944589,146.98504124944589,146.98504124944589,146.98504124944589,146.98504124944589,146.98504124944589,146.98504124944589
P010_online,2025-06-23,Prophet,137.0,126.98837642323679,141.60265170303217,161.21285611347432,166.01921308771023,144.06998822642308,108.24118510006554,87.56526501950444
P010_online,2025-06-23,LightGBM in global mode,137.0,142.4835427000614,143.03101321950308,142.69062920474687,144.08877436260445,143.01282170094345,139.0672536329251,133.3912464083896
P010_online,2025-06-30,Repeat last year,121.0,120.0,150.0,148.0,168.0,115.0,172.0,87.0
P010_online,2025-06-30,Simple exponential smoothing,121.0,142.86027740278888,142.86027740278888,142.86027740278888,142.86027740278888,142.86027740278888,142.86027740278888,142.86027740278888
P010_online,2025-06-30,Prophet,121.0,142.58550085709825,161.3400610864511,165.42547768950962,143.32739845396077,107.78397483294513,87.36108476234953,98.67140405057668
P010_online,2025-06-30,LightGBM in global mode,121.0,132.3753451190761,132.38047510905915,133.48683346406654,132.698825161862,129.42026435658556,125.94267352418916,127.16093976971891
P010_online,2025-07-07,Repeat last year,132.0,150.0,148.0,168.0,115.0,172.0,87.0,110.0
P010_online,2025-07-07,Simple exponential smoothing,132.0,133.8240146965768,133.8240146965768,133.8240146965768,133.8240146965768,133.8240146965768,133.8240146965768,133.8240146965768
P010_online,2025-07-07,Prophet,132.0,158.25663558630663,163.98200152792626,143.34793395626207,108.13641555356634,87.13288058503788,97.89710923346294,128.54230987932104
P010_online,2025-07-07,LightGBM in global mode,132.0,138.05240069463503,139.20616167646796,138.1869104639907,135.02603479713306,132.07778038304846,133.3221813333197,132.3890252846514
P010_online,2025-07-14,Repeat last year,117.0,148.0,168.0,115.0,172.0,87.0,110.0,106.0
P010_online,2025-07-14,Simple exponential smoothing,117.0,133.069255625527,133.069255625527,133.069255625527,133.069255625527,133.069255625527,133.069255625527,133.069255625527
P010_online,2025-07-14,Prophet,117.0,160.2544479599348,141.66809044927163,108.17110195790775,87.4322908336928,97.38754486222227,127.36090688102507,149.89764437539324
P010_online,2025-07-14,LightGBM in global mode,117.0,135.92492956994397,134.92970315466476,131.73861739378447,126.86124830836685,127.90904471074933,127.2083735515274,129.81266349760045
P010_online,2025-07-21,Repeat last year,147.0,168.0,115.0,172.0,87.0,110.0,106.0,160.0
P010_online,2025-07-21,Simple exponential smoothing,147.0,126.42701249896803,126.42701249896803,126.42701249896803,126.42701249896803,126.42701249896803,126.42701249896803,126.42701249896803
P010_online,2025-07-21,Prophet,147.0,135.04003824112218,104.70381211747063,86.76135152637094,97.29924505573148,126.12239808898755,147.64795745432593,148.44220206913263
P010_online,2025-07-21,LightGBM in global mode,147.0,136.65409263427765,133.4222250841697,128.12986640932297,129.3030007596095,129.00222283666514,131.54506457924666,138.1013527189043
P010_online,2025-07-28,Repeat last year,214.0,115.0,172.0,87.0,110.0,106.0,160.0,130.0
P010_online,2025-07-28,Simple exponential smoothing,214.0,134.91554561028087,134.91554561028087,134.91554561028087,134.91554561028087,134.91554561028087,134.91554561028087,134.91554561028087
P010_online,2025-07-28,Prophet,214.0,105.66320910320874,86.69917812507677,96.34985058905355,124.96351693201541,146.81023647884476,147.89578721202278,138.99400076261827
P010_online,2025-07-28,LightGBM in global mode,214.0,125.70152540945918,120.4600384051201,121.72758304026394,121.15163461982412,123.33616944755259,129.22905540558335,124.9938665043666
P010_online,2025-08-04,Repeat last year,161.0,172.0,87.0,110.0,106.0,160.0,130.0,130.0
P010_online,2025-08-04,Simple exponential smoothing,161.0,167.4828662011319,167.4828662011319,167.4828662011319,167.4828662011319,167.4828662011319,167.4828662011319,167.4828662011319
P010_online,2025-08-04,Prophet,161.0,105.6509821577175,106.62800076307991,127.35256619283744,147.29616797868047,151.3558398819808,145.3094555765549,144.993683634397
P010_online,2025-08-04,LightGBM in global mode,161.0,119.53541870690498,121.33180016063314,120.95624477897093,123.22427687639052,133.31139011312115,126.22726693849926,125.4751725152486
P010_online,2025-08-11,Repeat last year,184.0,87.0,110.0,106.0,160.0,130.0,130.0,148.0
P010_online,2025-08-11,Simple exponential smoothing,184.0,164.78394313353738,164.78394313353738,164.78394313353738,164.78394313353738,164.78394313353738,164.78394313353738,164.78394313353738
P010_online,2025-08-11,Prophet,184.0,115.13541928099858,131.40117691749006,147.54719201106514,150.88079935817197,146.43989078657137,147.52108578718304,155.96436276278732
P010_online,2025-08-11,LightGBM in global mode,184.0,122.00083541878574,125.4104869497495,126.0860447930375,136.31441257276057,128.9869827173515,127.18918670687589,128.18055788207974
P010_online,2025-08-18,Repeat last year,98.0,110.0,106.0,160.0,130.0,130.0,148.0,121.0
P010_online,2025-08-18,Simple exponential smoothing,98.0,172.7298603707535,172.7298603707535,172.7298603707535,172.7298603707535,172.7298603707535,172.7298603707535,172.7298603707535
P010_online,2025-08-18,Prophet,98.0,141.25338961344318,152.0548963698104,150.90890496883313,145.70206371949018,148.77752099789865,158.87694545510033,161.08026305451406
P010_online,2025-08-18,LightGBM in global mode,98.0,123.11708461027122,125.6461596326713,136.0788183376197,128.7378952956786,124.08970089333957,125.12421095893481,125.2794770900038
P010_online,2025-08-25,Repeat last year,113.0,106.0,160.0,130.0,130.0,148.0,121.0,113.0
P010_online,2025-08-25,Simple exponential smoothing,113.0,142.1508067435481,142.1508067435481,142.1508067435481,142.1508067435481,142.1508067435481,142.1508067435481,142.1508067435481
P010_online,2025-08-25,Prophet,113.0,146.25320803310913,148.48108674922614,146.10182272059245,149.66180090127602,158.50396615811843,159.6589966449471,145.8142901693219
P010_online,2025-08-25,LightGBM in global mode,113.0,127.97874278743228,139.53433346234505,131.01181407474795,127.28690238920963,128.52049016768066,128.74921814027908,132.15716757085195
P010_online,2025-09-01,Repeat last year,156.0,160.0,130.0,130.0,148.0,121.0,113.0,102.0
P010_online,2025-09-01,Simple exponential smoothing,156.0,130.15117899411354,130.15117899411354,130.15117899411354,130.15117899411354,130.15117899411354,130.15117899411354,130.15117899411354
P010_online,2025-09-01,Prophet,156.0,143.39575400227025,143.48003446806527,149.2444412447652,158.55630438759638,158.79831900062362,144.12947953744506,128.5877564640961
P010_online,2025-09-01,LightGBM in global mode,156.0,137.78860311022925,130.13950401814932,126.18509018209866,128.19443109626528,128.67266556784065,132.60905369944376,129.21444506163888
P010_online,2025-09-08,Repeat last year,135.0,130.0,130.0,148.0,121.0,113.0,102.0,131.0
P010_online,2025-09-08,Simple exponential smoothing,135.0,140.75820343335795,140.75820343335795,140.75820343335795,140.75820343335795,140.75820343335795,140.75820343335795,140.75820343335795
P010_online,2025-09-08,Prophet,135.0,145.40870143124627,150.19559671516737,158.66540524834477,158.75518628767995,144.46010164021288,129.2356593564533,136.31124263873696
P010_online,2025-09-08,LightGBM in global mode,135.0,130.19561138203386,126.7571736169341,127.65591705551265,128.21538466362375,132.5233615086428,129.74097829292185,130.85035358788446
P010_online,2025-09-15,Repeat last year,208.0,130.0,148.0,121.0,113.0,102.0,131.0,143.0
P010_online,2025-09-15,Simple exponential smoothing,208.0,138.4107021515368,138.4107021515368,138.4107021515368,138.4107021515368,138.4107021515368,138.4107021515368,138.4107021515368
P010_online,2025-09-15,Prophet,208.0,148.88271040629513,158.16700721522685,158.94157397557987,144.7662981593976,129.24038837031864,136.0642463366685,173.74991313121168
P010_online,2025-09-15,LightGBM in global mode,208.0,133.24607149461204,134.19082301482229,134.6098841827087,137.7132180377533,135.15505254872838,135.89650731504761,142.48450197489572
P010_online,2025-09-22,Repeat last year,92.0,148.0,121.0,113.0,102.0,131.0,143.0,158.0
P010_online,2025-09-22,Simple exponential smoothing,92.0,166.70902979642972,166.70902979642972,166.70902979642972,166.70902979642972,166.70902979642972,166.70902979642972,166.70902979642972
P010_online,2025-09-22,Prophet,92.0,166.6442951222229,162.9255339519427,144.88814918244154,128.642640844202,137.14034950328872,176.25410387548942,226.62142043963266
P010_online,2025-09-22,LightGBM in global mode,92.0,134.0189310045111,134.5622528950424,140.94744419615304,137.40189453634147,138.5123887640104,144.57684618101723,160.33536229841488
P010_online,2025-09-29,Repeat last year,141.0,121.0,113.0,102.0,131.0,143.0,158.0,267.0
P010_online,2025-09-29,Simple exponential smoothing,141.0,136.57801370969256,136.57801370969256,136.57801370969256,136.57801370969256,136.57801370969256,136.57801370969256,136.57801370969256
P010_online,2025-09-29,Prophet,141.0,152.58442769781203,140.19774023284174,128.7833938467933,138.19528276175373,175.26029616708414,223.88496146567246,260.84802620633377
P010_online,2025-09-29,LightGBM in global mode,141.0,127.79173505378336,131.74216358689148,129.0238201850785,129.96294494556736,136.00850066194752,153.6731383969447,214.92697868815466
P010_online,2025-10-06,Repeat last year,140.0,113.0,102.0,131.0,143.0,158.0,267.0,416.0
P010_online,2025-10-06,Simple exponential smoothing,140.0,138.35081700283158,138.35081700283158,138.35081700283158,138.35081700283158,138.35081700283158,138.35081700283158,138.35081700283158
P010_online,2025-10-06,Prophet,140.0,138.3654238544774,127.81742414998186,137.967580745283,175.1481899757843,223.4145802406382,260.06690644707083,279.95019629966487
P010_online,2025-10-06,LightGBM in global mode,140.0,128.75949622073333,125.36310171556703,126.39481162045149,132.4599027332773,149.63137857898525,206.32890495410265,280.10720828562273
P010_online,2025-10-13,Repeat last year,126.0,102.0,131.0,143.0,158.0,267.0,416.0,312.0
P010_online,2025-10-13,Simple exponential smoothing,126.0,139.01050453482225,139.01050453482225,139.01050453482225,139.01050453482225,139.01050453482225,139.01050453482225,139.01050453482225
P010_online,2025-10-13,Prophet,126.0,127.95780094750297,137.96620891924508,175.03732972451903,223.29167178712112,259.99826219378826,279.92339863272167,299.20365601345543
P010_online,2025-10-13,LightGBM in global mode,126.0,122.32160602299626,123.32828510789665,129.0841210007356,142.85224562444094,199.75536987814118,275.62804947211765,208.26343780851974
P010_online,2025-10-20,Repeat last year,115.0,131.0,143.0,158.0,267.0,416.0,312.0,229.0
P010_online,2025-10-20,Simple exponential smoothing,115.0,133.8066041838902,133.8066041838902,133.8066041838902,133.8066041838902,133.8066041838902,133.8066041838902,133.8066041838902
P010_online,2025-10-20,Prophet,115.0,137.7678824471,174.99662654107073,223.3775139546371,260.10374278864765,279.9735166743005,299.2096114424053,331.75676968981054
P010_online,2025-10-20,LightGBM in global mode,115.0,129.4480502529021,135.48950078675023,153.07614194077635,230.2938582756158,316.1344336535874,258.53467954609533,247.7050230345074
P010_online,2025-10-27,Repeat last year,155.0,143.0,158.0,267.0,416.0,312.0,229.0,335.0
P010_online,2025-10-27,Simple exponential smoothing,155.0,126.27151279446534,126.27151279446534,126.27151279446534,126.27151279446534,126.27151279446534,126.27151279446534,126.27151279446534
P010_online,2025-10-27,Prophet,155.0,171.6744003599988,221.74168652904223,259.9293911446075,280.0908959425253,298.7250532603137,330.76157701459766,363.8468291654648
P010_online,2025-10-27,LightGBM in global mode,155.0,135.80393240710677,152.57820117151803,227.0438899060747,312.4890717649582,254.389884018449,243.40492036509633,253.2078135805302
P010_online,2025-11-03,Repeat last year,195.0,158.0,267.0,416.0,312.0,229.0,335.0,321.0
P010_online,2025-11-03,Simple exponential smoothing,195.0,137.76125722721832,137.76125722721832,137.76125722721832,137.76125722721832,137.76125722721832,137.76125722721832,137.76125722721832
P010_online,2025-11-03,Prophet,195.0,219.3349232113673,258.7981259359502,280.0331963094453,298.8460405130304,330.3906850289279,363.0527064699995,362.60186630292384
P010_online,2025-11-03,LightGBM in global mode,195.0,150.90423507095815,237.03087481793585,316.1257810554839,273.8667614569952,261.606779753127,271.4427712583597,293.87211521318767
P010_online,2025-11-10,Repeat last year,242.0,267.0,416.0,312.0,229.0,335.0,321.0,256.0
P010_online,2025-11-10,Simple exponential smoothing,242.0,160.66574287266855,160.66574287266855,160.66574287266855,160.66574287266855,160.66574287266855,160.66574287266855,160.66574287266855
P010_online,2025-11-10,Prophet,242.0,254.77944734661332,277.7165214721683,298.08061656899855,330.0132173405426,362.09225493288216,361.0158912966767,304.60242746798315
P010_online,2025-11-10,LightGBM in global mode,242.0,241.8475599717665,322.795216285503,283.0932927812891,271.8575365496097,281.74496609582974,305.9371050373033,261.43728102742
P010_online,2025-11-17,Repeat last year,342.0,416.0,312.0,229.0,335.0,321.0,256.0,136.0
P010_online,2025-11-17,Simple exponential smoothing,342.0,194.06293900642225,194.06293900642225,194.06293900642225,194.06293900642225,194.06293900642225,194.06293900642225,194.06293900642225
P010_online,2025-11-17,Prophet,342.0,276.4305796738113,297.78592741752976,330.54092758560364,362.7617479707477,361.34330525615366,304.6830946182956,209.99432517931373
P010_online,2025-11-17,LightGBM in global mode,342.0,319.7758056614692,280.27557615275515,269.29900068440526,278.9815348927629,300.88498268899366,258.4449895303857,258.4449895303857
P010_online,2025-11-24,Repeat last year,355.0,312.0,229.0,335.0,321.0,256.0,136.0,105.0
P010_online,2025-11-24,Simple exponential smoothing,355.0,259.4421273270539,259.4421273270539,259.4421273270539,259.4421273270539,259.4421273270539,259.4421273270539,259.4421273270539
P010_online,2025-11-24,Prophet,355.0,307.4088160149661,335.2756856596283,363.1556257878885,360.78498787841625,305.94398879229254,213.07999802179856,127.54932844413568
P010_online,2025-11-24,LightGBM in global mode,355.0,268.72657534954715,259.7511552734085,268.7300185508932,290.69088449022763,254.35967380640454,254.35967380640454,254.35967380640454
P010_online,2025-12-01,Repeat last year,345.0,229.0,335.0,321.0,256.0,136.0,105.0,141.0
P010_online,2025-12-01,Simple exponential smoothing,345.0,305.99409854961937,305.99409854961937,305.99409854961937,305.99409854961937,305.99409854961937,305.99409854961937,305.99409854961937
P010_online,2025-12-01,Prophet,345.0,341.1627752398656,365.43791499400925,359.9496356909627,304.45180671775375,212.8524693345911,128.49931348008863,89.75923790496854
P010_online,2025-12-01,LightGBM in global mode,345.0,258.0450845054347,269.8633354843651,292.0766277247851,255.27774612432557,255.27774612432557,255.27774612432557,255.27774612432557
P010_online,2025-12-08,Repeat last year,404.0,335.0,321.0,256.0,136.0,105.0,141.0,103.0
P010_online,2025-12-08,Simple exponential smoothing,404.0,325.18414720370583,325.18414720370583,325.18414720370583,325.18414720370583,325.18414720370583,325.18414720370583,325.18414720370583
P010_online,2025-12-08,Prophet,404.0,365.9049563751307,360.0955164829574,304.50624810379963,213.1474067100626,129.1588605071634,90.61804073657679,100.55173969197374
P010_online,2025-12-08,LightGBM in global mode,404.0,267.02277266555325,291.6040766732387,255.00425835325436,255.00425835325436,255.00425835325436,255.00425835325436,255.00425835325436
P010_online,2025-12-15,Repeat last year,291.0,321.0,256.0,136.0,105.0,141.0,103.0,93.0
P010_online,2025-12-15,Simple exponential smoothing,291.0,363.8328353570592,363.8328353570592,363.8328353570592,363.8328353570592,363.8328353570592,363.8328353570592,363.8328353570592
P010_online,2025-12-15,Prophet,291.0,365.4608820116557,307.10471289088565,213.2704663001084,128.65094481612493,90.94240998900742,101.65508385555654,130.80393961197498
P010_online,2025-12-15,LightGBM in global mode,291.0,289.9861061678454,254.4266799087217,254.4266799087217,254.4266799087217,254.4266799087217,254.4266799087217,254.4266799087217
P010_online,2025-12-22,Repeat last year,336.0,256.0,136.0,105.0,141.0,103.0,93.0,83.0
P010_online,2025-12-22,Simple exponential smoothing,336.0,328.86052736357794,328.86052736357794,328.86052736357794,328.86052736357794,328.86052736357794,328.86052736357794,328.86052736357794
P010_online,2025-12-22,Prophet,336.0,296.4857082069104,207.96371246491566,127.80211633145282,90.90089331759454,99.8020354220433,127.52923115951242,144.6946387169391
P010_online,2025-12-22,LightGBM in global mode,336.0,263.4084316468684,263.4084316468684,263.4084316468684,263.4084316468684,263.4084316468684,263.4084316468684,263.4084316468684
P011_store,2025-01-06,Repeat last year,105.0,20.0,19.0,16.0,7.0,19.0,53.0,28.0
P011_store,2025-01-06,Simple exponential smoothing,105.0,36.07618591621807,36.07618591621807,36.07618591621807,36.07618591621807,36.07618591621807,36.07618591621807,36.07618591621807
P011_store,2025-01-06,Prophet,105.0,22.661282505501603,0.0,0.0,0.0,20.60222873641321,39.25447184259133,41.15141010179917
P011_store,2025-01-06,LightGBM in global mode,105.0,11.255186104409207,10.740643287568885,9.864116805158982,10.72877194217565,12.728063005519521,19.126517876922865,18.904992486965856
P011_store,2025-01-13,Repeat last year,1.0,19.0,16.0,7.0,19.0,53.0,28.0,32.0
P011_store,2025-01-13,Simple exponential smoothing,1.0,36.72641179108604,36.72641179108604,36.72641179108604,36.72641179108604,36.72641179108604,36.72641179108604,36.72641179108604
P011_store,2025-01-13,Prophet,1.0,13.531906930108292,0.0,2.833539550630597,26.017210741971617,47.12048902000578,50.869029833070925,41.23525725537256
P011_store,2025-01-13,LightGBM in global mode,1.0,14.888185698198418,13.74474034831886,13.97575792033189,17.275164107878226,26.39793369567034,24.529084842970846,25.908386711865134
P011_store,2025-01-20,Repeat last year,1.0,16.0,7.0,19.0,53.0,28.0,32.0,8.0
P011_store,2025-01-20,Simple exponential smoothing,1.0,36.39256002404126,36.39256002404126,36.39256002404126,36.39256002404126,36.39256002404126,36.39256002404126,36.39256002404126
P011_store,2025-01-20,Prophet,1.0,0.0,0.0,19.787023271587696,40.94112925479038,44.32979255136436,34.45729300335355,28.646240415986924
P011_store,2025-01-20,LightGBM in global mode,1.0,13.401612340359415,13.897599930109196,16.38217386713958,26.084612534889505,24.3993658662625,26.528388293731762,22.547318134116253
P011_store,2025-01-27,Repeat last year,0.0,7.0,19.0,53.0,28.0,32.0,8.0,34.0
P011_store,2025-01-27,Simple exponential smoothing,0.0,36.06482737065737,36.06482737065737,36.06482737065737,36.06482737065737,36.06482737065737,36.06482737065737,36.06482737065737
P011_store,2025-01-27,Prophet,0.0,0.0,19.93185090450723,40.525262617979905,44.18784836114673,34.83979001973033,29.10959481557224,35.69473897681461
P011_store,2025-01-27,LightGBM in global mode,0.0,13.480583875186632,15.45935794197028,23.191200793230603,22.171073910134773,25.00013151897566,20.182184010979448,24.417907906518302
P011_store,2025-02-03,Repeat last year,1.0,19.0,53.0,28.0,32.0,8.0,34.0,81.0
P011_store,2025-02-03,Simple exponential smoothing,1.0,35.733941072757204,35.733941072757204,35.733941072757204,35.733941072757204,35.733941072757204,35.733941072757204,35.733941072757204
P011_store,2025-02-03,Prophet,1.0,22.89050667496509,43.29746726868272,46.63085457519996,37.122176810718024,31.513234969432173,38.31310924925683,47.13538058104944
P011_store,2025-02-03,LightGBM in global mode,1.0,12.552901657467814,16.719140371584956,15.737805256052159,16.118073094963613,13.637383307546632,16.106351138440353,18.240354904290967
P011_store,2025-02-10,Repeat last year,25.0,53.0,28.0,32.0,8.0,34.0,81.0,22.0
P011_store,2025-02-10,Simple exponential smoothing,25.0,35.418182178662555,35.418182178662555,35.418182178662555,35.418182178662555,35.418182178662555,35.418182178662555,35.418182178662555
P011_store,2025-02-10,Prophet,25.0,38.595124798114156,43.462691089241424,35.34652554081013,30.04807935665417,36.25234088645864,44.52692132517543,39.18445873925073
P011_store,2025-02-10,LightGBM in global mode,25.0,15.45707646284776,14.495381671526548,14.472669141587861,11.651738241926047,15.202190546257176,17.042622194935404,14.64935181294048
P011_store,2025-02-17,Repeat last year,14.0,28.0,32.0,8.0,34.0,81.0,22.0,71.0
P011_store,2025-02-17,Simple exponential smoothing,14.0,35.324323145280005,35.324323145280005,35.324323145280005,35.324323145280005,35.324323145280005,35.324323145280005,35.324323145280005
P011_store,2025-02-17,Prophet,14.0,40.19409217578574,32.939887425270264,28.31529752024148,34.53891986770949,42.47217761209467,36.96065475404676,17.064599271224672
P011_store,2025-02-17,LightGBM in global mode,14.0,22.85912944253527,24.474539658034484,20.145831375077588,24.21404768475096,26.42346934489426,24.28574402695757,23.23789130053214
P011_store,2025-02-24,Repeat last year,11.0,32.0,8.0,34.0,81.0,22.0,71.0,67.0
P011_store,2025-02-24,Simple exponential smoothing,11.0,35.133929961634266,35.133929961634266,35.133929961634266,35.133929961634266,35.133929961634266,35.133929961634266,35.133929961634266
P011_store,2025-02-24,Prophet,11.0,31.06481964281413,28.614372420577816,36.634135420279996,44.90303744926558,38.65176156956345,18.147881743479335,1.2898349596661092
P011_store,2025-02-24,LightGBM in global mode,11.0,22.884721373998076,18.42492081143488,21.642483397578022,23.434831960728204,21.833882753488794,20.80593111404332,23.078775573712033
P011_store,2025-03-03,Repeat last year,71.0,8.0,34.0,81.0,22.0,71.0,67.0,5.0
P011_store,2025-03-03,Simple exponential smoothing,71.0,34.92034404389117,34.92034404389117,34.92034404389117,34.92034404389117,34.92034404389117,34.92034404389117,34.92034404389117
P011_store,2025-03-03,Prophet,71.0,24.314224922634768,34.0279357246921,43.83860668852836,37.82111666962777,16.500669345345685,0.0,2.254458452620206
P011_store,2025-03-03,LightGBM in global mode,71.0,17.42024217670668,21.336269942933434,22.643779524455752,21.27424112182962,20.79639097142046,23.080945608641287,14.276805160628745
P011_store,2025-03-10,Repeat last year,50.0,34.0,81.0,22.0,71.0,67.0,5.0,11.0
P011_store,2025-03-10,Simple exponential smoothing,50.0,35.236837219038506,35.236837219038506,35.236837219038506,35.236837219038506,35.236837219038506,35.236837219038506,35.236837219038506
P011_store,2025-03-10,Prophet,50.0,44.54994656016667,50.95645286562319,41.981873372367446,20.25433356684095,4.184740781966234,8.61090401175834,27.743189072180087
P011_store,2025-03-10,LightGBM in global mode,50.0,20.489917873649933,21.82652135858317,20.638984212706184,20.73161711506389,22.548198017443713,14.057176423499259,16.998110108295037
P011_store,2025-03-17,Repeat last year,22.0,81.0,22.0,71.0,67.0,5.0,11.0,66.0
P011_store,2025-03-17,Simple exponential smoothing,22.0,35.365215343105326,35.365215343105326,35.365215343105326,35.365215343105326,35.365215343105326,35.365215343105326,35.365215343105326
P011_store,2025-03-17,Prophet,22.0,50.67795921322165,40.91131710326196,18.415988277964118,2.1322674880453327,6.896702755392539,26.46453715557697,39.80534944308035
P011_store,2025-03-17,LightGBM in global mode,22.0,23.741052506119225,22.39173111954909,22.55120111558858,25.31641421563069,15.024513389270032,18.533030276456714,20.00367013144313
P011_store,2025-03-24,Repeat last year,39.0,22.0,71.0,67.0,5.0,11.0,66.0,60.0
P011_store,2025-03-24,Simple exponential smoothing,39.0,35.25000105323081,35.25000105323081,35.25000105323081,35.25000105323081,35.25000105323081,35.25000105323081,35.25000105323081
P011_store,2025-03-24,Prophet,39.0,32.90886727923102,12.519353000639528,0.0,3.019500139564677,21.469007004836126,33.93482329099747,28.505392148379606
P011_store,2025-03-24,LightGBM in global mode,39.0,20.99660050679207,20.268985975667256,22.814703037482918,13.571133447596873,16.245543928270507,17.48825671366969,17.475177528176626
P011_store,2025-03-31,Repeat last year,19.0,71.0,67.0,5.0,11.0,66.0,60.0,24.0
P011_store,2025-03-31,Simple exponential smoothing,19.0,35.28205070698273,35.28205070698273,35.28205070698273,35.28205070698273,35.28205070698273,35.28205070698273,35.28205070698273
P011_store,2025-03-31,Prophet,19.0,18.24920223108007,3.782450447988328,8.674712369055452,27.268644255342167,39.91392003588895,34.50503031434165,19.336599084838582
P011_store,2025-03-31,LightGBM in global mode,19.0,22.61843077299625,24.58144205156824,14.703116451771699,17.66276240530146,18.822870374529828,19.028753164247014,19.04374481153752
P011_store,2025-04-07,Repeat last year,10.0,67.0,5.0,11.0,66.0,60.0,24.0,23.0
P011_store,2025-04-07,Simple exponential smoothing,10.0,35.144073215218036,35.144073215218036,35.144073215218036,35.144073215218036,35.144073215218036,35.144073215218036,35.144073215218036
P011_store,2025-04-07,Prophet,10.0,0.9953076946086057,5.370096171612765,23.539199425511587,36.103138336527564,30.88771986924777,15.913539570200664,8.972466145377389
P011_store,2025-04-07,LightGBM in global mode,10.0,25.95224496521852,15.277226424407116,17.948512130515198,18.97943806744426,19.438871728961,20.126464925107967,21.307977693264505
P011_store,2025-04-14,Repeat last year,42.0,5.0,11.0,66.0,60.0,24.0,23.0,24.0
P011_store,2025-04-14,Simple exponential smoothing,42.0,34.93277204205374,34.93277204205374,34.93277204205374,34.93277204205374,34.93277204205374,34.93277204205374,34.93277204205374
P011_store,2025-04-14,Prophet,42.0,6.4065373677910635,23.299206429460817,35.023379726069194,29.873385297141194,15.424465057328064,8.72745266267001,46.32276902553835
P011_store,2025-04-14,LightGBM in global mode,42.0,15.47712838870004,18.44919366916581,19.173076905455336,19.557278492587937,20.489428972084564,20.985315872211217,36.47716113016473
P011_store,2025-04-21,Repeat last year,24.0,11.0,66.0,60.0,24.0,23.0,24.0,117.0
P011_store,2025-04-21,Simple exponential smoothing,24.0,34.991662725547656,34.991662725547656,34.991662725547656,34.991662725547656,34.991662725547656,34.991662725547656,34.991662725547656
P011_store,2025-04-21,Prophet,24.0,33.025938056006574,42.79522104451943,35.308072696885226,20.058040856372738,14.1881246307907,53.64814988115247,32.30528719669976
P011_store,2025-04-21,LightGBM in global mode,24.0,17.729839487119648,18.615641982074713,18.922946943644583,19.212822992814566,20.029012164569075,36.67926082259602,21.319087403342227
P011_store,2025-04-28,Repeat last year,3.0,66.0,60.0,24.0,23.0,24.0,117.0,22.0
P011_store,2025-04-28,Simple exponential smoothing,3.0,34.90082844842495,34.90082844842495,34.90082844842495,34.90082844842495,34.90082844842495,34.90082844842495,34.90082844842495
P011_store,2025-04-28,Prophet,3.0,36.66312078154584,29.37990364791779,14.648408626743185,9.02543932467118,47.300719664170316,26.824991375213088,24.55115011417259
P011_store,2025-04-28,LightGBM in global mode,3.0,18.669436764480427,19.624228788390898,20.396634358894676,20.935776409711487,37.87446794373343,22.09514788706157,18.351185068131702
P011_store,2025-05-05,Repeat last year,6.0,60.0,24.0,23.0,24.0,117.0,22.0,17.0
P011_store,2025-05-05,Simple exponential smoothing,6.0,34.63934290032288,34.63934290032288,34.63934290032288,34.63934290032288,34.63934290032288,34.63934290032288,34.63934290032288
P011_store,2025-05-05,Prophet,6.0,25.565095092472493,13.422624983650092,9.963151761853325,48.73840732352558,27.177421720957692,24.12232119426978,11.705158960956258
P011_store,2025-05-05,LightGBM in global mode,6.0,21.359320022685417,21.94596072992297,22.009646190891086,37.223419826999624,23.289419741918696,19.56712464923758,16.00690054740197
P011_store,2025-05-12,Repeat last year,37.0,24.0,23.0,24.0,117.0,22.0,17.0,6.0
P011_store,2025-05-12,Simple exponential smoothing,37.0,34.406514118266664,34.406514118266664,34.406514118266664,34.406514118266664,34.406514118266664,34.406514118266664,34.406514118266664
P011_store,2025-05-12,Prophet,37.0,10.167499967676953,7.979551773349932,47.61850759076856,26.539758563203517,23.031339877318057,10.187465952810022,2.60771349873567
P011_store,2025-05-12,LightGBM in global mode,37.0,20.381146849936716,21.150011251139418,37.731297495544744,22.88730763701704,18.865460610871086,15.358137055361855,16.347250259164127
P011_store,2025-05-19,Repeat last year,47.0,23.0,24.0,117.0,22.0,17.0,6.0,82.0
P011_store,2025-05-19,Simple exponential smoothing,47.0,34.42743418200298,34.42743418200298,34.42743418200298,34.42743418200298,34.42743418200298,34.42743418200298,34.42743418200298
P011_store,2025-05-19,Prophet,47.0,14.9408044411839,54.04541714705104,30.55720395539369,26.531989119840418,14.285495887537436,7.496280833432085,14.007006466139568
P011_store,2025-05-19,LightGBM in global mode,47.0,20.116356342331027,37.916944134905606,22.87720217273967,18.7208333020311,15.813463956718556,16.98757905285401,16.963686206945773
P011_store,2025-05-26,Repeat last year,16.0,24.0,117.0,22.0,17.0,6.0,82.0,3.0
P011_store,2025-05-26,Simple exponential smoothing,16.0,34.528001057809306,34.528001057809306,34.528001057809306,34.528001057809306,34.528001057809306,34.528001057809306,34.528001057809306
P011_store,2025-05-26,Prophet,16.0,57.671768916100234,31.79513605682637,25.713482466698352,13.136986540146786,7.267601444961429,14.488123317600891,26.760920525251265
P011_store,2025-05-26,LightGBM in global mode,16.0,38.66306483692028,21.0862476311071,18.563401967720484,15.994996077228034,16.631106655991648,16.388662243612462,18.757434359957916
P011_store,2025-06-02,Repeat last year,69.0,117.0,22.0,17.0,6.0,82.0,3.0,62.0
P011_store,2025-06-02,Simple exponential smoothing,69.0,34.38095253831114,34.38095253831114,34.38095253831114,34.38095253831114,34.38095253831114,34.38095253831114,34.38095253831114
P011_store,2025-06-02,Prophet,69.0,24.935866126445973,21.64707259951717,11.27234167939367,5.391613318893963,11.213823934820212,22.71029950371876,27.72813913007276
P011_store,2025-06-02,LightGBM in global mode,69.0,22.406844745052474,18.832076681505917,16.38062826250637,16.68031328715652,17.08836934463656,19.4603675805188,24.576321924188775
P011_store,2025-06-09,Repeat last year,2.0,22.0,17.0,6.0,82.0,3.0,62.0,36.0
P011_store,2025-06-09,Simple exponential smoothing,2.0,34.65354271097412,34.65354271097412,34.65354271097412,34.65354271097412,34.65354271097412,34.65354271097412,34.65354271097412
P011_store,2025-06-09,Prophet,2.0,29.93038780360949,16.63615811290704,8.179558521469701,13.512891508411485,26.106953496901205,32.01305594562993,26.22051120974513
P011_store,2025-06-09,LightGBM in global mode,2.0,18.242807342004248,15.260323570148914,16.07528635404483,16.406206621765033,18.842778640172128,26.17714944213704,19.075027603369733
P011_store,2025-06-16,Repeat last year,19.0,17.0,6.0,82.0,3.0,62.0,36.0,7.0
P011_store,2025-06-16,Simple exponential smoothing,19.0,34.398437765218134,34.398437765218134,34.398437765218134,34.398437765218134,34.398437765218134,34.398437765218134,34.398437765218134
P011_store,2025-06-16,Prophet,19.0,10.83895442278471,4.317779923100684,11.39714450895833,24.35582853547529,29.55060462998241,23.147054423706713,14.588055222746183
P011_store,2025-06-16,LightGBM in global mode,19.0,17.56219577948394,17.507378797827364,17.127556114666625,20.190348819389314,28.159703456356066,20.41619115464024,18.390800717397713
P011_store,2025-06-23,Repeat last year,22.0,6.0,82.0,3.0,62.0,36.0,7.0,11.0
P011_store,2025-06-23,Simple exponential smoothing,22.0,34.27906928424587,34.27906928424587,34.27906928424587,34.27906928424587,34.27906928424587,34.27906928424587,34.27906928424587
P011_store,2025-06-23,Prophet,22.0,5.559174121680105,12.064537264338867,24.62459984018878,29.828225092935146,23.67502385743092,15.285518380908448,14.772176884620926
P011_store,2025-06-23,LightGBM in global mode,22.0,16.674419975087346,16.370041273178494,18.7108234109806,27.035199737315374,19.274322494263508,17.291315182127686,17.545856444250557
P011_store,2025-06-30,Repeat last year,25.0,82.0,3.0,62.0,36.0,7.0,11.0,36.0
P011_store,2025-06-30,Simple exponential smoothing,25.0,34.18461802770676,34.18461802770676,34.18461802770676,34.18461802770676,34.18461802770676,34.18461802770676,34.18461802770676
P011_store,2025-06-30,Prophet,25.0,13.18839363284668,24.216932638418704,28.261881999176435,21.975198190878874,14.11305959441175,13.969672504116732,19.71775896945363
P011_store,2025-06-30,LightGBM in global mode,25.0,17.06421421914754,19.50512416851038,26.134829871870895,20.264882415231074,18.453736185448317,18.48427477096454,19.033723963008168
P011_store,2025-07-07,Repeat last year,58.0,3.0,62.0,36.0,7.0,11.0,36.0,42.0
P011_store,2025-07-07,Simple exponential smoothing,58.0,34.11451337624697,34.11451337624697,34.11451337624697,34.11451337624697,34.11451337624697,34.11451337624697,34.11451337624697
P011_store,2025-07-07,Prophet,58.0,25.455701247262894,28.486472601076294,21.349220962649106,13.34335390018361,13.574161056995315,19.621996269886022,20.95480269519881
P011_store,2025-07-07,LightGBM in global mode,58.0,18.927694273424542,24.9114976576503,19.030045048473063,17.42607553410244,17.7641571702579,18.984735845090412,19.01939331106993
P011_store,2025-07-14,Repeat last year,79.0,62.0,36.0,7.0,11.0,36.0,42.0,14.0
P011_store,2025-07-14,Simple exponential smoothing,79.0,34.2954619673978,34.2954619673978,34.2954619673978,34.2954619673978,34.2954619673978,34.2954619673978,34.2954619673978
P011_store,2025-07-14,Prophet,79.0,36.43130213647286,27.117384990080296,17.13984915144437,16.990708892266504,23.91132145556004,26.024510861205947,66.42646782188905
P011_store,2025-07-14,LightGBM in global mode,79.0,21.434984318263467,17.388234733560232,16.11412675887649,16.553221043295448,17.327099055544657,17.709846072997802,28.296899625933182
P011_store,2025-07-21,Repeat last year,13.0,36.0,7.0,11.0,36.0,42.0,14.0,5.0
P011_store,2025-07-21,Simple exponential smoothing,13.0,34.631575306613506,34.631575306613506,34.631575306613506,34.631575306613506,34.631575306613506,34.631575306613506,34.631575306613506
P011_store,2025-07-21,Prophet,13.0,32.58533731736374,19.155172019844215,16.124926456850034,22.571294262379908,25.927916646290413,66.92808606832878,7.441670367551325
P011_store,2025-07-21,LightGBM in global mode,13.0,18.03059502286922,16.49949684573717,16.463155316489345,18.578010339777823,19.179238421283692,30.535790162965846,15.454097212348488
P011_store,2025-07-28,Repeat last year,6.0,7.0,11.0,36.0,42.0,14.0,5.0,4.0
P011_store,2025-07-28,Simple exponential smoothing,6.0,34.470154065698196,34.470154065698196,34.470154065698196,34.470154065698196,34.470154065698196,34.470154065698196,34.470154065698196
P011_store,2025-07-28,Prophet,6.0,14.888406091401905,12.968311469294438,20.58242677211017,24.278475341771777,64.0679881880921,4.680443992306039,2.923622523445708
P011_store,2025-07-28,LightGBM in global mode,6.0,17.534259134994873,17.596856480247613,18.493682936381457,19.765236091914336,34.67943474126012,15.73556301847616,13.19979035857273
P011_store,2025-08-04,Repeat last year,18.0,11.0,36.0,42.0,14.0,5.0,4.0,17.0
P011_store,2025-08-04,Simple exponential smoothing,18.0,34.259263137554264,34.259263137554264,34.259263137554264,34.259263137554264,34.259263137554264,34.259263137554264,34.259263137554264
P011_store,2025-08-04,Prophet,18.0,12.39128155819106,20.85152510216955,25.122092970939164,65.65971808047176,5.53658789185674,3.6675763913853174,14.511929212795842
P011_store,2025-08-04,LightGBM in global mode,18.0,17.221956221970444,18.17330634894797,18.728146875557048,31.863217682480098,14.914223101746986,12.28216029145049,14.199050541799117
P011_store,2025-08-11,Repeat last year,33.0,36.0,42.0,14.0,5.0,4.0,17.0,6.0
P011_store,2025-08-11,Simple exponential smoothing,33.0,34.13970893017644,34.13970893017644,34.13970893017644,34.13970893017644,34.13970893017644,34.13970893017644,34.13970893017644
P011_store,2025-08-11,Prophet,33.0,21.536729516576187,25.34012573877517,66.22476683821651,5.465863258127744,3.778415420888823,14.70260250734513,26.1965903144957
P011_store,2025-08-11,LightGBM in global mode,33.0,19.44323918132223,19.515014003025534,33.368374210980434,15.465143687228187,12.404352007077854,14.034142810692611,14.321898206186637
P011_store,2025-08-18,Repeat last year,2.0,42.0,14.0,5.0,4.0,17.0,6.0,16.0
P011_store,2025-08-18,Simple exponential smoothing,2.0,34.13138808227694,34.13138808227694,34.13138808227694,34.13138808227694,34.13138808227694,34.13138808227694,34.13138808227694
P011_store,2025-08-18,Prophet,2.0,26.59239215333938,66.1051015810924,4.999170848309902,3.132633280498979,14.399236464909254,26.242147427590986,25.737048779910467
P011_store,2025-08-18,LightGBM in global mode,2.0,18.099755621255227,34.54691869514814,15.948285066917027,12.487180459988494,13.900407854222419,14.532650585549712,14.708385787709819
P011_store,2025-08-25,Repeat last year,8.0,14.0,5.0,4.0,17.0,6.0,16.0,12.0
P011_store,2025-08-25,Simple exponential smoothing,8.0,33.89854864738762,33.89854864738762,33.89854864738762,33.89854864738762,33.89854864738762,33.89854864738762,33.89854864738762
P011_store,2025-08-25,Prophet,8.0,62.55090197080841,3.7999511617643122,3.582945524516738,15.095001219270163,26.19540699699901,25.139744354403998,13.861576334577972
P011_store,2025-08-25,LightGBM in global mode,8.0,34.151605063334856,16.870956566348205,12.933318684571594,14.168090729624058,14.031721061980416,14.195949705012097,15.457680900211452
P011_store,2025-09-01,Repeat last year,22.0,5.0,4.0,17.0,6.0,16.0,12.0,4.0
P011_store,2025-09-01,Simple exponential smoothing,22.0,33.71223062043437,33.71223062043437,33.71223062043437,33.71223062043437,33.71223062043437,33.71223062043437,33.71223062043437
P011_store,2025-09-01,Prophet,22.0,0.0,0.0,14.189321741878024,26.197119122482466,23.531114982058774,10.522289843472876,2.3618704151653205
P011_store,2025-09-01,LightGBM in global mode,22.0,17.298082976801936,13.022276057565701,14.61232663897502,14.694907233509214,15.106724188166465,16.669440079287227,10.205334493156974
P011_store,2025-09-08,Repeat last year,16.0,4.0,17.0,6.0,16.0,12.0,4.0,2.0
P011_store,2025-09-08,Simple exponential smoothing,16.0,33.62857350799911,33.62857350799911,33.62857350799911,33.62857350799911,33.62857350799911,33.62857350799911,33.62857350799911
P011_store,2025-09-08,Prophet,16.0,3.851546135335589,16.822024739757044,27.134288101563545,24.147499968291363,11.815344020787624,4.222102748432178,10.110571041924707
P011_store,2025-09-08,LightGBM in global mode,16.0,12.473909489218554,13.567909265785687,14.379809446129826,14.728852980073631,17.06843242192339,10.368248689891653,11.546472617828254
P011_store,2025-09-15,Repeat last year,20.0,17.0,6.0,16.0,12.0,4.0,2.0,28.0
P011_store,2025-09-15,Simple exponential smoothing,20.0,33.503548692919715,33.503548692919715,33.503548692919715,33.503548692919715,33.503548692919715,33.503548692919715,33.503548692919715
P011_store,2025-09-15,Prophet,20.0,18.649290088528737,27.900826875350027,24.131306901605427,11.863233734304128,4.821980959233802,10.991119379355357,24.978971066879932
P011_store,2025-09-15,LightGBM in global mode,20.0,14.262761692628635,13.77721016957307,13.61614556946449,15.812630304854604,10.695612111574977,11.385361327352237,14.160861714290812
P011_store,2025-09-22,Repeat last year,17.0,6.0,16.0,12.0,4.0,2.0,28.0,48.0
P011_store,2025-09-22,Simple exponential smoothing,17.0,33.40845709111608,33.40845709111608,33.40845709111608,33.40845709111608,33.40845709111608,33.40845709111608,33.40845709111608
P011_store,2025-09-22,Prophet,17.0,27.45429904847121,23.40545355965164,10.982311286812891,3.802814081616944,9.830427145445842,23.779960198348384,34.43012809511711
P011_store,2025-09-22,LightGBM in global mode,17.0,14.043230930274346,13.869489404062932,16.891718138420966,10.627980413371857,11.37978740108335,14.85545361267338,25.432889298303067
P011_store,2025-09-29,Repeat last year,84.0,16.0,12.0,4.0,2.0,28.0,48.0,0.0
P011_store,2025-09-29,Simple exponential smoothing,84.0,33.29369657486567,33.29369657486567,33.29369657486567,33.29369657486567,33.29369657486567,33.29369657486567,33.29369657486567
P011_store,2025-09-29,Prophet,84.0,22.597166801409514,10.809329863666647,4.321781628012474,10.7281016780194,24.597528840550424,34.93070495927375,62.905688947951425
P011_store,2025-09-29,LightGBM in global mode,84.0,13.902798945985081,16.908955176788172,10.865578633562293,11.521371291722886,14.907914000338627,24.715261403252097,27.317952290207124
P011_store,2025-10-06,Repeat last year,15.0,12.0,4.0,2.0,28.0,48.0,0.0,24.0
P011_store,2025-10-06,Simple exponential smoothing,15.0,33.645833064044176,33.645833064044176,33.645833064044176,33.645833064044176,33.645833064044176,33.645833064044176,33.645833064044176
P011_store,2025-10-06,Prophet,15.0,20.6696143871917,9.676276246362615,11.916610370482271,24.666283078595413,36.5234599601925,66.4554793412789,41.80182441489542
P011_store,2025-10-06,LightGBM in global mode,15.0,16.528599918547357,10.409441804163258,11.578985868530118,15.01399871979176,25.45705321345322,28.03552946272134,21.440328060404486
P011_store,2025-10-13,Repeat last year,56.0,4.0,2.0,28.0,48.0,0.0,24.0,77.0
P011_store,2025-10-13,Simple exponential smoothing,56.0,33.517241478559285,33.517241478559285,33.517241478559285,33.517241478559285,33.517241478559285,33.517241478559285,33.517241478559285
P011_store,2025-10-13,Prophet,56.0,6.535714426488429,8.657600523856328,21.86594156834386,34.28852451436279,64.13247751144763,40.116052454697986,46.548754377226494
P011_store,2025-10-13,LightGBM in global mode,56.0,10.020728627264933,11.157894395598367,14.627416081673086,24.504621453820093,26.95877322761864,21.48497212731884,39.12666231737624
P011_store,2025-10-20,Repeat last year,9.0,2.0,28.0,48.0,0.0,24.0,77.0,91.0
P011_store,2025-10-20,Simple exponential smoothing,9.0,33.67122801224328,33.67122801224328,33.67122801224328,33.67122801224328,33.67122801224328,33.67122801224328,33.67122801224328
P011_store,2025-10-20,Prophet,9.0,18.118018386827266,27.20668131984381,35.848293647574415,65.66298807631898,42.421945485084436,49.985754270613306,63.35710954687188
P011_store,2025-10-20,LightGBM in global mode,9.0,11.439390723162687,15.017185050125875,24.419080925799893,28.216930140846173,21.66457315181421,39.1597379363316,42.012117066950616
P011_store,2025-10-27,Repeat last year,5.0,28.0,48.0,0.0,24.0,77.0,91.0,17.0
P011_store,2025-10-27,Simple exponential smoothing,5.0,33.50340416907187,33.50340416907187,33.50340416907187,33.50340416907187,33.50340416907187,33.50340416907187,33.50340416907187
P011_store,2025-10-27,Prophet,5.0,25.24740260987601,34.705247703392914,64.51346931984953,40.7792701493303,47.15464503750531,59.67297233084744,73.71581123049418
P011_store,2025-10-27,LightGBM in global mode,5.0,14.39457595557485,23.102186926610035,25.819780154202586,19.47590387310701,37.384601049875705,41.78061027026563,31.68520580044617
P011_store,2025-11-03,Repeat last year,86.0,48.0,0.0,24.0,77.0,91.0,17.0,103.0
P011_store,2025-11-03,Simple exponential smoothing,86.0,33.31081079947267,33.31081079947267,33.31081079947267,33.31081079947267,33.31081079947267,33.31081079947267,33.31081079947267
P011_store,2025-11-03,Prophet,86.0,31.47211343116167,63.283909883384304,41.02331772090254,48.194104722462455,60.5990024240008,74.32440355625769,82.79665378303022
P011_store,2025-11-03,LightGBM in global mode,86.0,26.113032283571243,27.89572398878381,21.951977241352857,39.82168141537726,43.19041210329235,32.06605150189054,92.7017412399078
P011_store,2025-11-10,Repeat last year,6.0,0.0,24.0,77.0,91.0,17.0,103.0,43.0
P011_store,2025-11-10,Simple exponential smoothing,6.0,33.664428967599925,33.664428967599925,33.664428967599925,33.664428967599925,33.664428967599925,33.664428967599925,33.664428967599925
P011_store,2025-11-10,Prophet,6.0,70.95008043977214,45.297737576976814,48.81819687771037,60.66432768730127,76.1241553563593,86.04713003790683,83.55313760337953
P011_store,2025-11-10,LightGBM in global mode,6.0,32.19669085276647,21.864499702520085,39.44860553145096,42.85258432178766,33.80708886581884,92.90678521639168,55.956844327187966
P011_store,2025-11-17,Repeat last year,110.0,24.0,77.0,91.0,17.0,103.0,43.0,27.0
P011_store,2025-11-17,Simple exponential smoothing,110.0,33.4800007905,33.4800007905,33.4800007905,33.4800007905,33.4800007905,33.4800007905,33.4800007905
P011_store,2025-11-17,Prophet,110.0,35.564763515240884,43.40553721429312,59.37608682156578,75.96654982574995,84.38592623837158,80.30204357082695,64.13073769403218
P011_store,2025-11-17,LightGBM in global mode,110.0,23.215849304893922,41.08351795894773,42.82551576493093,32.365211914568775,95.09254583788017,61.00746275883767,61.00746275883767
P011_store,2025-11-24,Repeat last year,8.0,77.0,91.0,17.0,103.0,43.0,27.0,105.0
P011_store,2025-11-24,Simple exponential smoothing,8.0,33.98675475642219,33.98675475642219,33.98675475642219,33.98675475642219,33.98675475642219,33.98675475642219,33.98675475642219
P011_store,2025-11-24,Prophet,8.0,54.636344479337055,65.33127833123129,77.27747064876995,84.64262639890042,82.32725488822867,67.80920109813559,42.99912972941858
P011_store,2025-11-24,LightGBM in global mode,8.0,40.73408353963592,42.13497390193255,32.39856444342411,88.82309475721819,57.43383437520565,57.43383437520565,57.43383437520565
P011_store,2025-12-01,Repeat last year,31.0,91.0,17.0,103.0,43.0,27.0,105.0,1.0
P011_store,2025-12-01,Simple exponential smoothing,31.0,33.815789796622695,33.815789796622695,33.815789796622695,33.815789796622695,33.815789796622695,33.815789796622695,33.815789796622695
P011_store,2025-12-01,Prophet,31.0,57.93906637836206,73.2633357410121,83.64382904969668,82.04671271717484,66.43072032258075,40.60172676135229,13.699212344948403
P011_store,2025-12-01,LightGBM in global mode,31.0,48.513885872671345,36.045498333339665,96.74124830071524,62.87210118964186,62.87210118964186,62.87210118964186,62.87210118964186
P011_store,2025-12-08,Repeat last year,94.0,17.0,103.0,43.0,27.0,105.0,1.0,1.0
P011_store,2025-12-08,Simple exponential smoothing,94.0,33.797383348718625,33.797383348718625,33.797383348718625,33.797383348718625,33.797383348718625,33.797383348718625,33.797383348718625
P011_store,2025-12-08,Prophet,94.0,68.53643980705962,80.40364829575121,80.33586796796962,65.12934963809148,38.59234312844782,10.786104083823577,0.0
P011_store,2025-12-08,LightGBM in global mode,94.0,30.735637932275495,85.61194110686586,52.34335327931748,52.34335327931748,52.34335327931748,52.34335327931748,52.34335327931748
P011_store,2025-12-15,Repeat last year,41.0,103.0,43.0,27.0,105.0,1.0,1.0,0.0
P011_store,2025-12-15,Simple exponential smoothing,41.0,34.18831247361026,34.18831247361026,34.18831247361026,34.18831247361026,34.18831247361026,34.18831247361026,34.18831247361026
P011_store,2025-12-15,Prophet,41.0,86.63650738563572,85.03449765329485,68.07277068764878,41.03626624772842,14.056057144980183,0.0,0.0
P011_store,2025-12-15,LightGBM in global mode,41.0,88.03070128195826,58.134213218222364,58.134213218222364,58.134213218222364,58.134213218222364,58.134213218222364,58.134213218222364
P011_store,2025-12-22,Repeat last year,19.0,43.0,27.0,105.0,1.0,1.0,0.0,1.0
P011_store,2025-12-22,Simple exponential smoothing,19.0,34.2322564261747,34.2322564261747,34.2322564261747,34.2322564261747,34.2322564261747,34.2322564261747,34.2322564261747
P011_store,2025-12-22,Prophet,19.0,78.32697117594604,65.05355206069427,40.64658758416523,13.766633770393419,0.0,0.0,11.1371047882073
P011_store,2025-12-22,LightGBM in global mode,19.0,55.6870753980425,55.6870753980425,55.6870753980425,55.6870753980425,55.6870753980425,55.6870753980425,55.6870753980425
P035_store,2025-01-06,Repeat last year,0.0,1.0,0.0,0.0,2.0,0.0,0.0,1.0
P035_store,2025-01-06,Simple exponential smoothing,0.0,0.6000000030098105,0.6000000030098105,0.6000000030098105,0.6000000030098105,0.6000000030098105,0.6000000030098105,0.6000000030098105
P035_store,2025-01-06,Prophet,0.0,0.206594327199569,0.521757624139537,1.0469917233336874,1.1594583392745057,0.7352709412769539,0.256516808376348,0.19484613771903403
P035_store,2025-01-06,LightGBM in global mode,0.0,0.4724693499117858,0.4796628725363778,0.5777197736299864,0.6368069450209229,0.6675417497508804,0.6495263968819489,0.5801738380599514
P035_store,2025-01-13,Repeat last year,2.0,0.0,0.0,2.0,0.0,0.0,1.0,0.0
P035_store,2025-01-13,Simple exponential smoothing,2.0,0.5943396292067654,0.5943396292067654,0.5943396292067654,0.5943396292067654,0.5943396292067654,0.5943396292067654,0.5943396292067654
P035_store,2025-01-13,Prophet,2.0,0.48828596975156224,1.023829979885601,1.1518351813920402,0.7393094757753093,0.2624978570119585,0.19592129266733394,0.47979841887244773
P035_store,2025-01-13,LightGBM in global mode,2.0,0.5073127349004336,0.5957811908513564,0.6110835546311972,0.6622662878489297,0.6321831311529876,0.5676988161078212,0.4994650992027067
P035_store,2025-01-20,Repeat last year,0.0,0.0,2.0,0.0,0.0,1.0,0.0,0.0
P035_store,2025-01-20,Simple exponential smoothing,0.0,0.6074766348268871,0.6074766348268871,0.6074766348268871,0.6074766348268871,0.6074766348268871,0.6074766348268871,0.6074766348268871
P035_store,2025-01-20,Prophet,0.0,1.2078069759796928,1.2137972058804793,0.6963594838070131,0.19880163179853527,0.1770068904781168,0.500259266595149,0.7117479308568415
P035_store,2025-01-20,LightGBM in global mode,0.0,0.5680208132494107,0.6276374672901975,0.658727764785559,0.6481736510449879,0.585172122007294,0.5164896995295464,0.53665432189215
P035_store,2025-01-27,Repeat last year,0.0,2.0,0.0,0.0,1.0,0.0,0.0,0.0
P035_store,2025-01-27,Simple exponential smoothing,0.0,0.601851843805724,0.601851843805724,0.601851843805724,0.601851843805724,0.601851843805724,0.601851843805724,0.601851843805724
P035_store,2025-01-27,Prophet,0.0,1.0596771248930086,0.6535672776629139,0.24465131580038518,0.23346629644139605,0.5138280108481551,0.6937446035906948,0.6382282891917842
P035_store,2025-01-27,LightGBM in global mode,0.0,0.6496124917707374,0.6684721114484402,0.6515094908417767,0.5890642462540001,0.5196397920418311,0.5368930648838186,0.5302306542996098
P035_store,2025-02-03,Repeat last year,3.0,0.0,0.0,1.0,0.0,0.0,0.0,0.0
P035_store,2025-02-03,Simple exponential smoothing,3.0,0.5963302745107031,0.5963302745107031,0.5963302745107031,0.5963302745107031,0.5963302745107031,0.5963302745107031,0.5963302745107031
P035_store,2025-02-03,Prophet,3.0,0.5088540591779387,0.18635367136648096,0.24927136820240064,0.5426132960830954,0.6896507241149824,0.6069028935025002,0.5706296277357705
P035_store,2025-02-03,LightGBM in global mode,3.0,0.6839044142876967,0.6489420922382039,0.5865765084758975,0.5182198740439387,0.5356635222911833,0.5337820268901252,0.5167702443051128
P035_store,2025-02-10,Repeat last year,2.0,0.0,1.0,0.0,0.0,0.0,0.0,1.0
P035_store,2025-02-10,Simple exponential smoothing,2.0,0.6181818137874686,0.6181818137874686,0.6181818137874686,0.6181818137874686,0.6181818137874686,0.6181818137874686,0.6181818137874686
P035_store,2025-02-10,Prophet,2.0,0.4760189437712943,0.331362620319894,0.46200274787430873,0.5900478269758902,0.5848455642795696,0.605171814332644,0.7756082389044793
P035_store,2025-02-10,LightGBM in global mode,2.0,0.5031969292507888,0.4570296084354616,0.43308759013516196,0.4710352999464385,0.46375305519363985,0.42226457451485516,0.4516547637545242
P035_store,2025-02-17,Repeat last year,0.0,1.0,0.0,0.0,0.0,0.0,1.0,1.0
P035_store,2025-02-17,Simple exponential smoothing,0.0,0.6306306187712553,0.6306306187712553,0.6306306187712553,0.6306306187712553,0.6306306187712553,0.6306306187712553,0.6306306187712553
P035_store,2025-02-17,Prophet,0.0,0.61830768842618,0.6337191698004145,0.6613954516762364,0.6387217879303493,0.7030324286240246,0.9080803258105298,1.0177200356269278
P035_store,2025-02-17,LightGBM in global mode,0.0,0.4853600131218612,0.4611823152924554,0.5014494568080181,0.49443608129346794,0.44995566082317706,0.4827799371503814,0.48077026467532513
P035_store,2025-02-24,Repeat last year,0.0,0.0,0.0,0.0,0.0,1.0,1.0,0.0
P035_store,2025-02-24,Simple exponential smoothing,0.0,0.6249999956111719,0.6249999956111719,0.6249999956111719,0.6249999956111719,0.6249999956111719,0.6249999956111719,0.6249999956111719
P035_store,2025-02-24,Prophet,0.0,0.509352358846888,0.586570447584656,0.6022692894825354,0.6732926996225159,0.8630511499640484,0.9588697010251672,0.6899326880200629
P035_store,2025-02-24,LightGBM in global mode,0.0,0.4933737640129017,0.5318804622275567,0.5140679146551399,0.46722033416953307,0.5015264520699626,0.510999580167542,0.4256482667155644
P035_store,2025-03-03,Repeat last year,0.0,0.0,0.0,0.0,1.0,1.0,0.0,0.0
P035_store,2025-03-03,Simple exponential smoothing,0.0,0.6194690311401467,0.6194690311401467,0.6194690311401467,0.6194690311401467,0.6194690311401467,0.6194690311401467,0.6194690311401467
P035_store,2025-03-03,Prophet,0.0,0.5156861202485532,0.5763242422184953,0.683194412796066,0.8747388744236305,0.9516524000337433,0.6746827566854087,0.15531472863212548
P035_store,2025-03-03,LightGBM in global mode,0.0,0.5565748140328945,0.5328143578458628,0.4834795354940271,0.5444959656360309,0.5577486599975562,0.4409236296730392,0.37091837597661254
P035_store,2025-03-10,Repeat last year,0.0,0.0,0.0,1.0,1.0,0.0,0.0,0.0
P035_store,2025-03-10,Simple exponential smoothing,0.0,0.6140350909351865,0.6140350909351865,0.6140350909351865,0.6140350909351865,0.6140350909351865,0.6140350909351865,0.6140350909351865
P035_store,2025-03-10,Prophet,0.0,0.5009575911185251,0.6525591245258923,0.8825878524058278,0.9666975035748491,0.6725274100444548,0.13778008843759104,0.0
P035_store,2025-03-10,LightGBM in global mode,0.0,0.5454738865335302,0.4815044457340489,0.5421178108063742,0.5442520465389176,0.43423527872627754,0.36597730707125586,0.4748043587271865
P035_store,2025-03-17,Repeat last year,0.0,0.0,1.0,1.0,0.0,0.0,0.0,0.0
P035_store,2025-03-17,Simple exponential smoothing,0.0,0.6086956412897222,0.6086956412897222,0.6086956412897222,0.6086956412897222,0.6086956412897222,0.6086956412897222,0.6086956412897222
P035_store,2025-03-17,Prophet,0.0,0.5628104873113486,0.8355844775478362,0.9566272964319253,0.671114453463049,0.12285801117434803,0.0,0.23308730469651906
P035_store,2025-03-17,LightGBM in global mode,0.0,0.520834639203731,0.5652157697817044,0.5672799965784873,0.43741534055355347,0.36928285699259,0.47999174065870015,0.45301022184310485
P035_store,2025-03-24,Repeat last year,0.0,1.0,1.0,0.0,0.0,0.0,0.0,1.0
P035_store,2025-03-24,Simple exponential smoothing,0.0,0.6034482677361562,0.6034482677361562,0.6034482677361562,0.6034482677361562,0.6034482677361562,0.6034482677361562,0.6034482677361562
P035_store,2025-03-24,Prophet,0.0,0.7656643322997121,0.9410499809177153,0.6982444932169782,0.15378600681626975,0.0,0.23136699792092352,1.0833450982640684
P035_store,2025-03-24,LightGBM in global mode,0.0,0.555606017474649,0.5453828136527638,0.3885478460879033,0.32122835987582377,0.4445399657629712,0.4420381516280473,0.46860134593581965
P035_store,2025-03-31,Repeat last year,0.0,1.0,0.0,0.0,0.0,0.0,1.0,0.0
P035_store,2025-03-31,Simple exponential smoothing,0.0,0.598290589671078,0.598290589671078,0.598290589671078,0.598290589671078,0.598290589671078,0.598290589671078,0.598290589671078
P035_store,2025-03-31,Prophet,0.0,0.8234375689900835,0.6468022415972107,0.16040626660930524,0.0,0.2228316432423617,1.0510840014348817,1.6896062228381772
P035_store,2025-03-31,LightGBM in global mode,0.0,0.5910833479556854,0.40398109795837533,0.3305862696036817,0.4232916315191275,0.42261281199248696,0.4914517455220768,0.42676120952972985
P035_store,2025-04-07,Repeat last year,1.0,0.0,0.0,0.0,0.0,1.0,0.0,3.0
P035_store,2025-04-07,Simple exponential smoothing,1.0,0.593220340447983,0.593220340447983,0.593220340447983,0.593220340447983,0.593220340447983,0.593220340447983,0.593220340447983
P035_store,2025-04-07,Prophet,1.0,0.5297632497356801,0.1174838721917486,0.0,0.2465859041632248,1.0378048697629778,1.646628952622816,1.5980804146453282
P035_store,2025-04-07,LightGBM in global mode,1.0,0.3680323922709003,0.2978204971954812,0.3994458541489491,0.40257103262178334,0.5096431591079021,0.48223946232670417,0.5532452628779403
P035_store,2025-04-14,Repeat last year,0.0,0.0,0.0,0.0,1.0,0.0,3.0,1.0
P035_store,2025-04-14,Simple exponential smoothing,0.0,0.5966386546804706,0.5966386546804706,0.5966386546804706,0.5966386546804706,0.5966386546804706,0.5966386546804706,0.5966386546804706
P035_store,2025-04-14,Prophet,0.0,0.10779691609658792,0.0,0.198742365728659,1.067525769142113,1.746738053900186,1.7009653940006166,1.0864109954574257
P035_store,2025-04-14,LightGBM in global mode,0.0,0.29092020246212336,0.38498700702938143,0.39619850058724637,0.48078208516079446,0.46045775102926145,0.5426015919324845,0.5400270466883667
P035_store,2025-04-21,Repeat last year,1.0,0.0,0.0,1.0,0.0,3.0,1.0,0.0
P035_store,2025-04-21,Simple exponential smoothing,1.0,0.5916666486398656,0.5916666486398656,0.5916666486398656,0.5916666486398656,0.5916666486398656,0.5916666486398656,0.5916666486398656
P035_store,2025-04-21,Prophet,1.0,0.0,0.22286695502056486,1.0323577987459513,1.6594571648767265,1.6118184431395215,1.0414609385989422,0.5535746677703826
P035_store,2025-04-21,LightGBM in global mode,1.0,0.35305604417978625,0.35480392186036896,0.44916186642401135,0.4136647547387049,0.48719351063331584,0.5026706957312999,0.42888713462872985
P035_store,2025-04-28,Repeat last year,2.0,0.0,1.0,0.0,3.0,1.0,0.0,0.0
P035_store,2025-04-28,Simple exponential smoothing,2.0,0.5950413038395677,0.5950413038395677,0.5950413038395677,0.5950413038395677,0.5950413038395677,0.5950413038395677,0.5950413038395677
P035_store,2025-04-28,Prophet,2.0,0.45614899752317706,1.2135860646438288,1.791043581488839,1.7239402689767827,1.153584696973263,0.6602193154597072,0.6604677070760465
P035_store,2025-04-28,LightGBM in global mode,2.0,0.4343151827162308,0.5588256564658874,0.49827148307686314,0.5877175635742591,0.6264463736377478,0.5432895510957315,0.4407218755338385
P035_store,2025-05-05,Repeat last year,1.0,1.0,0.0,3.0,1.0,0.0,0.0,0.0
P035_store,2025-05-05,Simple exponential smoothing,1.0,0.6065573637301573,0.6065573637301573,0.6065573637301573,0.6065573637301573,0.6065573637301573,0.6065573637301573,0.6065573637301573
P035_store,2025-05-05,Prophet,1.0,1.319758029050021,1.7573085528922192,1.5913328048718278,1.0265040792449567,0.6043189467157302,0.6519751051140155,1.0125802703770965
P035_store,2025-05-05,LightGBM in global mode,1.0,0.5259777159782636,0.471900247621019,0.5626405634857985,0.5507524388636883,0.5193712258017602,0.41163202217232636,0.4441476472059659
P035_store,2025-05-12,Repeat last year,0.0,0.0,3.0,1.0,0.0,0.0,0.0,3.0
P035_store,2025-05-12,Simple exponential smoothing,0.0,0.6097560948403135,0.6097560948403135,0.6097560948403135,0.6097560948403135,0.6097560948403135,0.6097560948403135,0.6097560948403135
P035_store,2025-05-12,Prophet,0.0,1.7112739813796831,1.5757164628540448,1.0486311257424292,0.6412338851623866,0.675394199667125,1.0154701088329467,1.2919972342239179
P035_store,2025-05-12,LightGBM in global mode,0.0,0.45322106392129613,0.5842291507552259,0.6099832615093516,0.5408454092611807,0.44492352093358234,0.4801110410241975,0.6349080328911507
P035_store,2025-05-19,Repeat last year,0.0,3.0,1.0,0.0,0.0,0.0,3.0,0.0
P035_store,2025-05-19,Simple exponential smoothing,0.0,0.6048387006481338,0.6048387006481338,0.6048387006481338,0.6048387006481338,0.6048387006481338,0.6048387006481338,0.6048387006481338
P035_store,2025-05-19,Prophet,0.0,1.3145305505369413,0.9145580939096947,0.6112455299097915,0.6629356248246022,0.9574042184516176,1.1954812342278855,1.2011138639912415
P035_store,2025-05-19,LightGBM in global mode,0.0,0.5617016559995441,0.5714478333944214,0.474148326944457,0.3817315692759502,0.4228822434864179,0.5916003396214193,0.545933436808331
P035_store,2025-05-26,Repeat last year,0.0,1.0,0.0,0.0,0.0,3.0,0.0,0.0
P035_store,2025-05-26,Simple exponential smoothing,0.0,0.5999999923937279,0.5999999923937279,0.5999999923937279,0.5999999923937279,0.5999999923937279,0.5999999923937279,0.5999999923937279
P035_store,2025-05-26,Prophet,0.0,0.7499163367555819,0.5532922796423092,0.6933935192160757,1.001206251544578,1.1985805205547528,1.172412035078235,0.9929016580333014
P035_store,2025-05-26,LightGBM in global mode,0.0,0.5833845522448051,0.468289434435393,0.39148359853742437,0.4343347780036706,0.6015300070736546,0.5566175081509686,0.4329933186134465
P035_store,2025-06-02,Repeat last year,2.0,0.0,0.0,0.0,3.0,0.0,0.0,2.0
P035_store,2025-06-02,Simple exponential smoothing,2.0,0.5952380955285569,0.5952380955285569,0.5952380955285569,0.5952380955285569,0.5952380955285569,0.5952380955285569,0.5952380955285569
P035_store,2025-06-02,Prophet,2.0,0.43766754302643995,0.6342577389810667,0.9876993850818732,1.189352578612462,1.1386924992428031,0.9429708582939391,0.7155694290641119
P035_store,2025-06-02,LightGBM in global mode,2.0,0.45650616386358395,0.3722056299980456,0.4123206622723574,0.548900346914439,0.5081426938670215,0.42109103373680495,0.8255523307083977
P035_store,2025-06-09,Repeat last year,1.0,0.0,0.0,3.0,0.0,0.0,2.0,1.0
P035_store,2025-06-09,Simple exponential smoothing,1.0,0.6062992151548053,0.6062992151548053,0.6062992151548053,0.6062992151548053,0.6062992151548053,0.6062992151548053,0.6062992151548053
P035_store,2025-06-09,Prophet,1.0,0.8263210678100782,1.068329832378602,1.1782639904341021,1.1138970207528796,0.9589418255406296,0.7572409186528806,0.5113411215560952
P035_store,2025-06-09,LightGBM in global mode,1.0,0.4213865119690435,0.4579135122794882,0.5935373011878167,0.5502877684943034,0.473262696274617,0.9416571606249623,0.45400596882358957
P035_store,2025-06-16,Repeat last year,0.0,0.0,3.0,0.0,0.0,2.0,1.0,0.0
P035_store,2025-06-16,Simple exponential smoothing,0.0,0.6093750008432912,0.6093750008432912,0.6093750008432912,0.6093750008432912,0.6093750008432912,0.6093750008432912,0.6093750008432912
P035_store,2025-06-16,Prophet,0.0,1.1129608991688205,1.2162963238769438,1.1657705214763343,1.0287960431918899,0.835995801400067,0.5941420994884351,0.4155092289404596
P035_store,2025-06-16,LightGBM in global mode,0.0,0.46867454078175846,0.6609629996442974,0.6124881281220237,0.5116419590853175,0.9745059384524487,0.496878543025481,0.39851965658940963
P035_store,2025-06-23,Repeat last year,0.0,3.0,0.0,0.0,2.0,1.0,0.0,0.0
P035_store,2025-06-23,Simple exponential smoothing,0.0,0.6046511635272014,0.6046511635272014,0.6046511635272014,0.6046511635272014,0.6046511635272014,0.6046511635272014,0.6046511635272014
P035_store,2025-06-23,Prophet,0.0,1.029204861041356,1.03914329839152,0.9524501085895394,0.7735479284700011,0.5166226511440664,0.3195219527111147,0.39711964161352614
P035_store,2025-06-23,LightGBM in global mode,0.0,0.7147405529265235,0.6311669309703736,0.527368140045851,1.0025929875459945,0.5127825070442521,0.40733589212795074,0.5581866871646403
P035_store,2025-06-30,Repeat last year,0.0,0.0,0.0,2.0,1.0,0.0,0.0,0.0
P035_store,2025-06-30,Simple exponential smoothing,0.0,0.6000000011800719,0.6000000011800719,0.6000000011800719,0.6000000011800719,0.6000000011800719,0.6000000011800719,0.6000000011800719
P035_store,2025-06-30,Prophet,0.0,0.9166007206736152,0.9139463989686185,0.8001520601631534,0.5449280576566583,0.30905586499641513,0.3649820804285243,0.7720729218358664
P035_store,2025-06-30,LightGBM in global mode,0.0,0.5876463218431933,0.47198968853271667,0.9965204021169468,0.482897288558139,0.38309524941594514,0.5279610280684074,0.4310529905375755
P035_store,2025-07-07,Repeat last year,0.0,0.0,2.0,1.0,0.0,0.0,0.0,1.0
P035_store,2025-07-07,Simple exponential smoothing,0.0,0.5954198466538735,0.5954198466538735,0.5954198466538735,0.5954198466538735,0.5954198466538735,0.5954198466538735,0.5954198466538735
P035_store,2025-07-07,Prophet,0.0,0.8016591700013651,0.7588430394287788,0.5630079023917065,0.33588958713035555,0.36519202955840757,0.7538625771999973,1.1828579185102228
P035_store,2025-07-07,LightGBM in global mode,0.0,0.4579305648447498,0.9665104657199063,0.4546146983826993,0.36119783153071716,0.49862760428747926,0.4078675851289808,0.5340945571900602
P035_store,2025-07-14,Repeat last year,0.0,2.0,1.0,0.0,0.0,0.0,1.0,2.0
P035_store,2025-07-14,Simple exponential smoothing,0.0,0.5909090925714431,0.5909090925714431,0.5909090925714431,0.5909090925714431,0.5909090925714431,0.5909090925714431,0.5909090925714431
P035_store,2025-07-14,Prophet,0.0,0.6498085662105955,0.5228759722989843,0.35479867396191384,0.3911893663237471,0.7452755687106503,1.144447121774813,1.1418506732111164
P035_store,2025-07-14,LightGBM in global mode,0.0,0.9616081977827244,0.4726641400515459,0.3984503024006127,0.48082552127528083,0.4210579215521992,0.5647750130331516,0.6041601155036973
P035_store,2025-07-21,Repeat last year,1.0,1.0,0.0,0.0,0.0,1.0,2.0,0.0
P035_store,2025-07-21,Simple exponential smoothing,1.0,0.5864661626482408,0.5864661626482408,0.5864661626482408,0.5864661626482408,0.5864661626482408,0.5864661626482408,0.5864661626482408
P035_store,2025-07-21,Prophet,1.0,0.4336828890085581,0.31814601884228527,0.39938507073378005,0.7624912558585966,1.1435046597142073,1.1247678515382393,0.6275885410138429
P035_store,2025-07-21,LightGBM in global mode,1.0,0.45719463509735303,0.37224361907672116,0.47708645278907613,0.41818778638679904,0.6038155472373747,0.6121253115266992,0.7048601857356934
P035_store,2025-07-28,Repeat last year,0.0,0.0,0.0,0.0,1.0,2.0,0.0,0.0
P035_store,2025-07-28,Simple exponential smoothing,0.0,0.5895522391875151,0.5895522391875151,0.5895522391875151,0.5895522391875151,0.5895522391875151,0.5895522391875151,0.5895522391875151
P035_store,2025-07-28,Prophet,0.0,0.32234981889177317,0.35812448593661206,0.7108034939895445,1.1105196650898825,1.1032564491890953,0.589180014172666,0.0511660069100206
P035_store,2025-07-28,LightGBM in global mode,0.0,0.3900128098975372,0.49386816081089663,0.4322414540637705,0.6368754979783399,0.6459266484334386,0.6820914516525158,0.6300353531838713
P035_store,2025-08-04,Repeat last year,0.0,0.0,0.0,1.0,2.0,0.0,0.0,0.0
P035_store,2025-08-04,Simple exponential smoothing,0.0,0.5851851850480216,0.5851851850480216,0.5851851850480216,0.5851851850480216,0.5851851850480216,0.5851851850480216,0.5851851850480216
P035_store,2025-08-04,Prophet,0.0,0.3594481540949559,0.7280383781241694,1.1361350868436213,1.137216542647023,0.6365837368941236,0.1083426068330855,0.15094300373938185
P035_store,2025-08-04,LightGBM in global mode,0.0,0.468058907062551,0.3909979485033687,0.5578039998712702,0.5439250158015947,0.6630335688186862,0.6257079752506742,0.6330282640425174
P035_store,2025-08-11,Repeat last year,1.0,0.0,1.0,2.0,0.0,0.0,0.0,1.0
P035_store,2025-08-11,Simple exponential smoothing,1.0,0.5808823544436057,0.5808823544436057,0.5808823544436057,0.5808823544436057,0.5808823544436057,0.5808823544436057,0.5808823544436057
P035_store,2025-08-11,Prophet,1.0,0.6616529585526432,1.0993199015320991,1.1306119027736523,0.6431974741076576,0.10983751010965259,0.14024661548071654,0.7907647021609068
P035_store,2025-08-11,LightGBM in global mode,1.0,0.41992399913742195,0.6343799000245302,0.5790770316754942,0.8311741453358801,0.6601752320624635,0.6508010790622983,0.6087968114579022
P035_store,2025-08-18,Repeat last year,0.0,1.0,2.0,0.0,0.0,0.0,1.0,3.0
P035_store,2025-08-18,Simple exponential smoothing,0.0,0.5839416072924117,0.5839416072924117,0.5839416072924117,0.5839416072924117,0.5839416072924117,0.5839416072924117,0.5839416072924117
P035_store,2025-08-18,Prophet,0.0,1.1315499309645234,1.1187416373185908,0.5757208547572179,0.015881950441883674,0.07165301365928622,0.7790402171410924,1.4613011397276199
P035_store,2025-08-18,LightGBM in global mode,0.0,0.6311788972011816,0.6087712132966072,0.7181320123256477,0.6305088639564148,0.6433147658625542,0.6144036407639941,0.6946845368079184
P035_store,2025-08-25,Repeat last year,0.0,2.0,0.0,0.0,0.0,1.0,3.0,2.0
P035_store,2025-08-25,Simple exponential smoothing,0.0,0.5797101410865004,0.5797101410865004,0.5797101410865004,0.5797101410865004,0.5797101410865004,0.5797101410865004,0.5797101410865004
P035_store,2025-08-25,Prophet,0.0,1.0074725665452124,0.5866381430032042,0.12320120904729914,0.17299737861748132,0.7937529350897418,1.4038137362645355,1.3731898183539317
P035_store,2025-08-25,LightGBM in global mode,0.0,0.62496185355643,0.7340859112033759,0.6256307491989083,0.6362854892089804,0.6108336390196462,0.692540352231962,0.584920717630082
P035_store,2025-09-01,Repeat last year,0.0,0.0,0.0,0.0,1.0,3.0,2.0,0.0
P035_store,2025-09-01,Simple exponential smoothing,0.0,0.5755395671959728,0.5755395671959728,0.5755395671959728,0.5755395671959728,0.5755395671959728,0.5755395671959728,0.5755395671959728
P035_store,2025-09-01,Prophet,0.0,0.47379205090394616,0.08034189914100076,0.19197992941061937,0.8279700548728449,1.4158346492188967,1.363083840458979,0.7112178043933302
P035_store,2025-09-01,LightGBM in global mode,0.0,0.7431369903808177,0.6559419466400312,0.6661015812387667,0.6374013829981603,0.7263999492054314,0.5999648789590576,0.39070704682486185
P035_store,2025-09-08,Repeat last year,0.0,0.0,0.0,1.0,3.0,2.0,0.0,0.0
P035_store,2025-09-08,Simple exponential smoothing,0.0,0.5714285603589968,0.5714285603589968,0.5714285603589968,0.5714285603589968,0.5714285603589968,0.5714285603589968,0.5714285603589968
P035_store,2025-09-08,Prophet,0.0,0.00552760687962206,0.1591338754898992,0.8395218791287848,1.4431255686809457,1.3747681115932027,0.6998326301450952,0.0996966003611166
P035_store,2025-09-08,LightGBM in global mode,0.0,0.6242445070783167,0.6085443763563152,0.5814413543047496,0.6604962114020041,0.6035764689714956,0.36085431800182083,0.3690858186549741
P035_store,2025-09-15,Repeat last year,0.0,0.0,1.0,3.0,2.0,0.0,0.0,0.0
P035_store,2025-09-15,Simple exponential smoothing,0.0,0.5673758939270483,0.5673758939270483,0.5673758939270483,0.5673758939270483,0.5673758939270483,0.5673758939270483,0.5673758939270483
P035_store,2025-09-15,Prophet,0.0,0.14264938605982236,0.8251843857904124,1.4313537104308218,1.3660539577915962,0.6949008817735567,0.09778610885975436,0.14185619163083302
P035_store,2025-09-15,LightGBM in global mode,0.0,0.765153128321089,0.7026441788539018,0.7969682007267441,0.7119525015327536,0.42838549996423975,0.4404833970444812,0.5869501972657566
P035_store,2025-09-22,Repeat last year,0.0,1.0,3.0,2.0,0.0,0.0,0.0,0.0
P035_store,2025-09-22,Simple exponential smoothing,0.0,0.5633802776080481,0.5633802776080481,0.5633802776080481,0.5633802776080481,0.5633802776080481,0.5633802776080481,0.5633802776080481
P035_store,2025-09-22,Prophet,0.0,0.7888297923539707,1.4025380706712807,1.3554298585429632,0.7017425535342149,0.110750817009308,0.14843217480322002,0.6732944468934655
P035_store,2025-09-22,LightGBM in global mode,0.0,0.6598032287409519,0.7456844598582582,0.6912151744161554,0.40199884845048245,0.40420712731324165,0.5591035910279688,0.6821983548653304
P035_store,2025-09-29,Repeat last year,1.0,3.0,2.0,0.0,0.0,0.0,0.0,2.0
P035_store,2025-09-29,Simple exponential smoothing,1.0,0.5594405489410968,0.5594405489410968,0.5594405489410968,0.5594405489410968,0.5594405489410968,0.5594405489410968,0.5594405489410968
P035_store,2025-09-29,Prophet,1.0,1.3395536753591089,1.341570405857105,0.6937882187967087,0.07319467887432773,0.09115374823808797,0.6327272727704175,1.0147509939889585
P035_store,2025-09-29,LightGBM in global mode,1.0,0.767709710776146,0.6922668335464176,0.38983362304513336,0.39388530991409043,0.5457748428033825,0.6687152387592683,0.6343723364773393
P035_store,2025-10-06,Repeat last year,1.0,2.0,0.0,0.0,0.0,0.0,2.0,0.0
P035_store,2025-10-06,Simple exponential smoothing,1.0,0.5624999942412943,0.5624999942412943,0.5624999942412943,0.5624999942412943,0.5624999942412943,0.5624999942412943,0.5624999942412943
P035_store,2025-10-06,Prophet,1.0,1.2099241832988739,0.6046639316529686,0.03311164490763202,0.0637221057349745,0.5798623323555249,0.9353129279141013,0.6996391684154918
P035_store,2025-10-06,LightGBM in global mode,1.0,0.6560158960613354,0.37915706683009814,0.37835433749787195,0.5067225710902309,0.6312165912989972,0.5972342668991076,0.3543987684763999
P035_store,2025-10-13,Repeat last year,2.0,0.0,0.0,0.0,0.0,2.0,0.0,1.0
P035_store,2025-10-13,Simple exponential smoothing,2.0,0.5655172300751367,0.5655172300751367,0.5655172300751367,0.5655172300751367,0.5655172300751367,0.5655172300751367,0.5655172300751367
P035_store,2025-10-13,Prophet,2.0,0.5737008584300838,0.007265994772619355,0.05024970247585092,0.5761267707717111,0.9315623761442129,0.6883144139403414,0.11757639073614168
P035_store,2025-10-13,LightGBM in global mode,2.0,0.3838493579596179,0.4004553313464608,0.54382396407951,0.6821029115050709,0.6491331973748459,0.3805244115501993,0.5576767572320355
P035_store,2025-10-20,Repeat last year,1.0,0.0,0.0,0.0,2.0,0.0,1.0,0.0
P035_store,2025-10-20,Simple exponential smoothing,1.0,0.5753424653889326,0.5753424653889326,0.5753424653889326,0.5753424653889326,0.5753424653889326,0.5753424653889326,0.5753424653889326
P035_store,2025-10-20,Prophet,1.0,0.19241830971113166,0.1264221201478105,0.5811332555252451,0.9371554044610927,0.7255761912296441,0.1602785018175924,0.0
P035_store,2025-10-20,LightGBM in global mode,1.0,0.4247314512583398,0.555578471608618,0.6957898638161468,0.6847645844899076,0.43010097037988393,0.6223124364241972,0.6811581606873908
P035_store,2025-10-27,Repeat last year,0.0,0.0,0.0,2.0,0.0,1.0,0.0,0.0
P035_store,2025-10-27,Simple exponential smoothing,0.0,0.5782312935739302,0.5782312935739302,0.5782312935739302,0.5782312935739302,0.5782312935739302,0.5782312935739302,0.5782312935739302
P035_store,2025-10-27,Prophet,0.0,0.2903394771067211,0.6620722531487551,0.9487077599295232,0.7403915196593569,0.2333022106679934,0.0,0.2665849054120203
P035_store,2025-10-27,LightGBM in global mode,0.0,0.5580905953825055,0.6846958679909254,0.6667570354517834,0.4484334274092382,0.6228548798907633,0.6764377540304819,0.6539204501742498
P035_store,2025-11-03,Repeat last year,3.0,0.0,2.0,0.0,1.0,0.0,0.0,2.0
P035_store,2025-11-03,Simple exponential smoothing,3.0,0.5743243158396422,0.5743243158396422,0.5743243158396422,0.5743243158396422,0.5743243158396422,0.5743243158396422,0.5743243158396422
P035_store,2025-11-03,Prophet,3.0,0.6390221157179725,0.9641318345768461,0.7758787885432599,0.25721113764986264,0.0,0.25872718841193837,0.7619321775386021
P035_store,2025-11-03,LightGBM in global mode,3.0,0.6859902576008041,0.6627636372024523,0.42475465661302075,0.618724610496064,0.6369270499548901,0.6345214380083599,1.0665279272856034
P035_store,2025-11-10,Repeat last year,0.0,2.0,0.0,1.0,0.0,0.0,2.0,2.0
P035_store,2025-11-10,Simple exponential smoothing,0.0,0.5906040261317829,0.5906040261317829,0.5906040261317829,0.5906040261317829,0.5906040261317829,0.5906040261317829,0.5906040261317829
P035_store,2025-11-10,Prophet,0.0,1.2639092861929635,0.8774117813471578,0.18524116318097067,0.0,0.2305458093727366,0.809150357553551,1.0002222703387162
P035_store,2025-11-10,LightGBM in global mode,0.0,0.6412365871786033,0.42071060085057205,0.6155483630048451,0.650689682362375,0.5436878567630523,0.9599041534771023,1.0952856371777746
P035_store,2025-11-17,Repeat last year,1.0,0.0,1.0,0.0,0.0,2.0,2.0,0.0
P035_store,2025-11-17,Simple exponential smoothing,1.0,0.5866666663255389,0.5866666663255389,0.5866666663255389,0.5866666663255389,0.5866666663255389,0.5866666663255389,0.5866666663255389
P035_store,2025-11-17,Prophet,1.0,0.7450503376154947,0.17280662726199797,0.0,0.29467454210224453,0.812105974305267,0.9678697990883731,0.6785637128567426
P035_store,2025-11-17,LightGBM in global mode,1.0,0.42223196391168955,0.6279084211688523,0.6627491422331028,0.554593210782634,0.9795923859742618,1.1355005194572247,1.1355005194572247
P035_store,2025-11-24,Repeat last year,2.0,1.0,0.0,0.0,2.0,2.0,0.0,0.0
P035_store,2025-11-24,Simple exponential smoothing,2.0,0.5894039764565293,0.5894039764565293,0.5894039764565293,0.5894039764565293,0.5894039764565293,0.5894039764565293,0.5894039764565293
P035_store,2025-11-24,Prophet,2.0,0.16228076938041003,0.0,0.26688393374776725,0.789202737569431,0.9493865276934088,0.649127224240145,0.3036629045578864
P035_store,2025-11-24,LightGBM in global mode,2.0,0.6021637605757142,0.6328854463926964,0.5288001994531888,0.9707076483716187,1.0915168036013265,1.0915168036013265,1.0915168036013265
P035_store,2025-12-01,Repeat last year,0.0,0.0,0.0,2.0,2.0,0.0,0.0,2.0
P035_store,2025-12-01,Simple exponential smoothing,0.0,0.5986842011164242,0.5986842011164242,0.5986842011164242,0.5986842011164242,0.5986842011164242,0.5986842011164242,0.5986842011164242
P035_store,2025-12-01,Prophet,0.0,0.1268601348704042,0.3347083933492807,0.7504975108017944,0.8868841336129918,0.6238365081806774,0.3149998680379422,0.3520736474564964
P035_store,2025-12-01,LightGBM in global mode,0.0,0.58187932958193,0.5354442742579916,0.9939050703484441,1.0645534597484332,1.0645534597484332,1.0645534597484332,1.0645534597484332
P035_store,2025-12-08,Repeat last year,0.0,0.0,2.0,2.0,0.0,0.0,2.0,0.0
P035_store,2025-12-08,Simple exponential smoothing,0.0,0.5947712423208279,0.5947712423208279,0.5947712423208279,0.5947712423208279,0.5947712423208279,0.5947712423208279,0.5947712423208279
P035_store,2025-12-08,Prophet,0.0,0.33162797243536324,0.7560184313702368,0.9143570349659569,0.6802271597570764,0.3952222783911402,0.4424462450918527,0.8110507345833244
P035_store,2025-12-08,LightGBM in global mode,0.0,0.5444956363400494,0.9933813444308498,0.9991329744896841,0.9991329744896841,0.9991329744896841,0.9991329744896841,0.9991329744896841
P035_store,2025-12-15,Repeat last year,0.0,2.0,2.0,0.0,0.0,2.0,0.0,0.0
P035_store,2025-12-15,Simple exponential smoothing,0.0,0.5909090926282126,0.5909090926282126,0.5909090926282126,0.5909090926282126,0.5909090926282126,0.5909090926282126,0.5909090926282126
P035_store,2025-12-15,Prophet,0.0,0.7186727908762389,0.9050632315368986,0.6921540789269434,0.4088274342215773,0.4455979625363171,0.8076210193168999,1.1376054078064355
P035_store,2025-12-15,LightGBM in global mode,0.0,1.0244124688343137,1.028183039910375,1.028183039910375,1.028183039910375,1.028183039910375,1.028183039910375,1.028183039910375
P035_store,2025-12-22,Repeat last year,2.0,2.0,0.0,0.0,2.0,0.0,0.0,3.0
P035_store,2025-12-22,Simple exponential smoothing,2.0,0.5870967702098633,0.5870967702098633,0.5870967702098633,0.5870967702098633,0.5870967702098633,0.5870967702098633,0.5870967702098633
P035_store,2025-12-22,Prophet,2.0,0.8249425429857282,0.6607651510958328,0.41754748453486845,0.4631902583609985,0.8121723774740767,1.13183045302881,1.1252954543480074
P035_store,2025-12-22,LightGBM in global mode,2.0,1.0411473740591197,1.0411473740591197,1.0411473740591197,1.0411473740591197,1.0411473740591197,1.0411473740591197,1.0411473740591197
P015_store,2025-01-06,Repeat last year,69.0,45.0,46.0,67.0,83.0,60.0,61.0,140.0
P015_store,2025-01-06,Simple exponential smoothing,69.0,59.45831522817174,59.45831522817174,59.45831522817174,59.45831522817174,59.45831522817174,59.45831522817174,59.45831522817174
P015_store,2025-01-06,Prophet,69.0,59.54875354262488,59.48683663694315,59.62041640124909,58.411588616113434,56.71146094349869,60.11005739944021,73.10362352009219
P015_store,2025-01-06,LightGBM in global mode,69.0,58.80369702282549,58.80369702282549,58.69964729551606,59.56680913272203,58.994954209506176,70.58546789642429,70.70734049084984
P015_store,2025-01-13,Repeat last year,62.0,46.0,67.0,83.0,60.0,61.0,140.0,73.0
P015_store,2025-01-13,Simple exponential smoothing,62.0,62.83843849646074,62.83843849646074,62.83843849646074,62.83843849646074,62.83843849646074,62.83843849646074,62.83843849646074
P015_store,2025-01-13,Prophet,62.0,60.023961047304695,59.256995875096806,57.41108247313305,55.667335560405334,59.372554247496396,72.55633434680362,91.52645893935224
P015_store,2025-01-13,LightGBM in global mode,62.0,58.3324465288302,58.22923065190564,59.03839750329134,59.810595090194745,71.47803093802808,71.42338151280619,75.74983451494785
P015_store,2025-01-20,Repeat last year,63.0,67.0,83.0,60.0,61.0,140.0,73.0,112.0
P015_store,2025-01-20,Simple exponential smoothing,63.0,62.5424441543373,62.5424441543373,62.5424441543373,62.5424441543373,62.5424441543373,62.5424441543373,62.5424441543373
P015_store,2025-01-20,Prophet,63.0,59.25620168726327,57.17103976599999,55.25043767510998,58.9381184162654,72.20522249528995,91.23649227593494,107.07194690600582
P015_store,2025-01-20,LightGBM in global mode,63.0,59.72781559034421,61.08093369806661,62.09800930473469,73.16459267723232,73.20564373025205,78.25699642054298,96.58875518009219
P015_store,2025-01-27,Repeat last year,71.0,83.0,60.0,61.0,140.0,73.0,112.0,94.0
P015_store,2025-01-27,Simple exponential smoothing,71.0,62.70391894974844,62.70391894974844,62.70391894974844,62.70391894974844,62.70391894974844,62.70391894974844,62.70391894974844
P015_store,2025-01-27,Prophet,71.0,59.54031888577062,57.57339208324548,61.109655017155134,74.3005768749961,93.35718768195741,109.20908083325595,117.6958664778822
P015_store,2025-01-27,LightGBM in global mode,71.0,63.49835612452925,64.8396313430533,75.68909727007612,75.75453932867651,80.31572763113525,99.3826483273362,105.89576592002464
P015_store,2025-02-03,Repeat last year,62.0,60.0,61.0,140.0,73.0,112.0,94.0,141.0
P015_store,2025-02-03,Simple exponential smoothing,62.0,65.6304032341963,65.6304032341963,65.6304032341963,65.6304032341963,65.6304032341963,65.6304032341963,65.6304032341963
P015_store,2025-02-03,Prophet,62.0,58.69911524081206,61.25075912371659,73.67982322618164,92.64127651573162,108.84540908908971,117.59110233150409,124.29909439554172
P015_store,2025-02-03,LightGBM in global mode,62.0,62.04499820190424,73.61426678357094,73.61426678357094,77.19623195116766,96.03293763507904,103.8085282403442,106.37716219887673
P015_store,2025-02-10,Repeat last year,64.0,61.0,140.0,73.0,112.0,94.0,141.0,168.0
P015_store,2025-02-10,Simple exponential smoothing,64.0,64.34991492387564,64.34991492387564,64.34991492387564,64.34991492387564,64.34991492387564,64.34991492387564,64.34991492387564
P015_store,2025-02-10,Prophet,64.0,62.02205969201296,74.18992649756987,92.9096484117537,109.0587519570548,117.88777375173287,124.66053323637632,137.21549116748992
P015_store,2025-02-10,LightGBM in global mode,64.0,75.4092696292902,75.4092696292902,79.01026347931493,98.19256409626838,105.3138440904472,109.93518765321923,111.3403741111159
P015_store,2025-02-17,Repeat last year,86.0,140.0,73.0,112.0,94.0,141.0,168.0,145.0
P015_store,2025-02-17,Simple exponential smoothing,86.0,64.22650440706599,64.22650440706599,64.22650440706599,64.22650440706599,64.22650440706599,64.22650440706599,64.22650440706599
P015_store,2025-02-17,Prophet,86.0,75.49488709707843,93.96682257850406,109.99031280349105,118.92989592709833,125.93084626399498,138.6347913879564,155.59243923601173
P015_store,2025-02-17,LightGBM in global mode,86.0,91.33618163533875,93.85508751170548,114.58203615769422,119.54249538119376,123.70187437448827,126.89703194082459,128.34026734634233
P015_store,2025-02-24,Repeat last year,97.0,73.0,112.0,94.0,141.0,168.0,145.0,150.0
P015_store,2025-02-24,Simple exponential smoothing,97.0,71.90508983212585,71.90508983212585,71.90508983212585,71.90508983212585,71.90508983212585,71.90508983212585,71.90508983212585
P015_store,2025-02-24,Prophet,97.0,95.35913537609122,110.5289184277497,118.52047480244065,125.14365973416464,138.07595793672687,155.3790156503548,165.86484636112561
P015_store,2025-02-24,LightGBM in global mode,97.0,83.64255286776154,102.48130183081014,109.03983067612168,112.20809404289146,114.53046797705818,116.36521536351128,115.88526912810732
P015_store,2025-03-03,Repeat last year,97.0,112.0,94.0,141.0,168.0,145.0,150.0,330.0
P015_store,2025-03-03,Simple exponential smoothing,97.0,80.79354728871354,80.79354728871354,80.79354728871354,80.79354728871354,80.79354728871354,80.79354728871354,80.79354728871354
P015_store,2025-03-03,Prophet,97.0,111.29606176995014,119.30269404044684,125.90288959990184,138.81034950955558,156.11048380826696,166.6127094520157,163.51056550839724
P015_store,2025-03-03,LightGBM in global mode,97.0,125.39155491383876,131.57290920051526,133.5325655248205,134.04843248293437,137.24953126127937,140.39769733804417,138.6692778228304
P015_store,2025-03-10,Repeat last year,127.0,94.0,141.0,168.0,145.0,150.0,330.0,156.0
P015_store,2025-03-10,Simple exponential smoothing,127.0,86.57342970770519,86.57342970770519,86.57342970770519,86.57342970770519,86.57342970770519,86.57342970770519,86.57342970770519
P015_store,2025-03-10,Prophet,127.0,115.84450298493645,123.307947277775,137.07373218150255,154.56469287962346,164.6729097101038,161.19984950780463,152.7027383737525
P015_store,2025-03-10,LightGBM in global mode,127.0,140.89585947407613,143.93148890706848,145.51996030949365,145.5048168710513,145.6031718841122,144.84106789211674,144.29600075062191
P015_store,2025-03-17,Repeat last year,108.0,141.0,168.0,145.0,150.0,330.0,156.0,114.0
P015_store,2025-03-17,Simple exponential smoothing,108.0,101.12675979705774,101.12675979705774,101.12675979705774,101.12675979705774,101.12675979705774,101.12675979705774,101.12675979705774
P015_store,2025-03-17,Prophet,108.0,125.49479956680987,138.4866757484815,155.27765371800777,165.25330947242745,162.09309233149108,153.85707467459986,156.05046935444813
P015_store,2025-03-17,LightGBM in global mode,108.0,143.26677816534536,143.19779803959088,144.76241298945314,145.3758986467868,147.07229028991796,148.45888423880442,150.11621085083206
P015_store,2025-03-24,Repeat last year,95.0,168.0,145.0,150.0,330.0,156.0,114.0,154.0
P015_store,2025-03-24,Simple exponential smoothing,95.0,103.62985668893393,103.62985668893393,103.62985668893393,103.62985668893393,103.62985668893393,103.62985668893393,103.62985668893393
P015_store,2025-03-24,Prophet,95.0,135.59628583497258,153.72200069298208,164.86425650188875,161.92088998304823,153.16608684459382,154.91234643207105,173.01196679256915
P015_store,2025-03-24,LightGBM in global mode,95.0,144.86494678475637,146.44777741870067,147.58129862505197,147.62498750050875,146.74528522378526,149.12896311555704,148.3064607007957
P015_store,2025-03-31,Repeat last year,109.0,145.0,150.0,330.0,156.0,114.0,154.0,189.0
P015_store,2025-03-31,Simple exponential smoothing,109.0,100.51467147207362,100.51467147207362,100.51467147207362,100.51467147207362,100.51467147207362,100.51467147207362,100.51467147207362
P015_store,2025-03-31,Prophet,109.0,147.41614311555924,161.64713184435988,161.34450993905486,153.03782327280547,153.59995682563496,170.73556755129042,193.1643980587902
P015_store,2025-03-31,LightGBM in global mode,109.0,150.96240822566008,150.96774133900163,150.37476047029205,149.16368352438454,150.20003944694153,152.18692118922297,155.84376239383835
P015_store,2025-04-07,Repeat last year,170.0,150.0,330.0,156.0,114.0,154.0,189.0,281.0
P015_store,2025-04-07,Simple exponential smoothing,170.0,103.56117652241639,103.56117652241639,103.56117652241639,103.56117652241639,103.56117652241639,103.56117652241639,103.56117652241639
P015_store,2025-04-07,Prophet,170.0,157.22830013228025,159.98601899734626,154.27160477982474,155.29599058897938,171.3066066697054,192.81167383926953,203.20294913272494
P015_store,2025-04-07,LightGBM in global mode,170.0,153.55894587245677,152.24902934362976,148.74414157560958,148.73632610723652,149.14646896634324,156.73534730674356,163.66412326006974
P015_store,2025-04-14,Repeat last year,126.0,330.0,156.0,114.0,154.0,189.0,281.0,196.0
P015_store,2025-04-14,Simple exponential smoothing,126.0,127.60445854567786,127.60445854567786,127.60445854567786,127.60445854567786,127.60445854567786,127.60445854567786,127.60445854567786
P015_store,2025-04-14,Prophet,126.0,161.88249530304012,155.1731228223578,155.33151112110917,171.17412425312207,193.0420504618669,203.73510907650797,198.98831424278578
P015_store,2025-04-14,LightGBM in global mode,126.0,170.39642036594094,165.91796951162587,166.34130296847016,165.8390197977785,171.68631346481817,184.46828543144724,186.28400506949387
P015_store,2025-04-21,Repeat last year,186.0,156.0,114.0,154.0,189.0,281.0,196.0,147.0
P015_store,2025-04-21,Simple exponential smoothing,186.0,127.01284080439049,127.01284080439049,127.01284080439049,127.01284080439049,127.01284080439049,127.01284080439049,127.01284080439049
P015_store,2025-04-21,Prophet,186.0,147.88154637320275,150.65377683574786,168.8326319723892,191.18570341767088,200.92328832796537,195.3488077976791,188.8810815506807
P015_store,2025-04-21,LightGBM in global mode,186.0,173.58651648984204,173.59911997177045,173.51135412075743,178.0743277209779,189.75459355674346,199.63390026298552,201.5162059858892
P015_store,2025-04-28,Repeat last year,148.0,114.0,154.0,189.0,281.0,196.0,147.0,226.0
P015_store,2025-04-28,Simple exponential smoothing,148.0,148.79426781282092,148.79426781282092,148.79426781282092,148.79426781282092,148.79426781282092,148.79426781282092,148.79426781282092
P015_store,2025-04-28,Prophet,148.0,157.82615035560988,173.24881991722845,193.17990494472878,202.44180631771133,197.9001977390197,192.3414619700906,198.31592626950663
P015_store,2025-04-28,LightGBM in global mode,148.0,158.28954334800508,160.79640612737393,164.90072489678684,174.52903344404197,180.07864967293062,189.16639651473568,172.38483314599327
P015_store,2025-05-05,Repeat last year,230.0,154.0,189.0,281.0,196.0,147.0,226.0,192.0
P015_store,2025-05-05,Simple exponential smoothing,230.0,148.49596601815455,148.49596601815455,148.49596601815455,148.49596601815455,148.49596601815455,148.49596601815455,148.49596601815455
P015_store,2025-05-05,Prophet,230.0,171.86632288227347,192.56103786033313,202.47262158556939,198.04773717118667,192.1986890240335,197.9184528561347,211.0415615256235
P015_store,2025-05-05,LightGBM in global mode,230.0,166.92337558221485,172.3258672008366,178.19806464476275,179.9936234953947,196.1277770158799,179.8324231301807,180.34002727794498
P015_store,2025-05-12,Repeat last year,217.0,189.0,281.0,196.0,147.0,226.0,192.0,387.0
P015_store,2025-05-12,Simple exponential smoothing,217.0,179.29027216816917,179.29027216816917,179.29027216816917,179.29027216816917,179.29027216816917,179.29027216816917,179.29027216816917
P015_store,2025-05-12,Prophet,217.0,200.87490137110711,206.54556870658115,198.45074638705603,191.85475275323307,198.99371865881227,213.24142828236444,215.59667991578885
P015_store,2025-05-12,LightGBM in global mode,217.0,176.85137865975582,182.401621602411,183.87627124137123,196.41775318339282,181.9273343698633,182.0664966845838,176.5613753588789
P015_store,2025-05-19,Repeat last year,214.0,281.0,196.0,147.0,226.0,192.0,387.0,95.0
P015_store,2025-05-19,Simple exponential smoothing,214.0,194.24881016233354,194.24881016233354,194.24881016233354,194.24881016233354,194.24881016233354,194.24881016233354,194.24881016233354
P015_store,2025-05-19,Prophet,214.0,208.7153823997308,199.26139957012566,191.68265018280573,198.88498015142966,213.86800125429164,216.7354641582856,197.8234484182875
P015_store,2025-05-19,LightGBM in global mode,214.0,185.57576493160178,187.86534139307662,201.3518224358641,187.78389927558433,187.32798962519004,184.07932136379156,183.49014041993135
P015_store,2025-05-26,Repeat last year,208.0,196.0,147.0,226.0,192.0,387.0,95.0,162.0
P015_store,2025-05-26,Simple exponential smoothing,208.0,202.11964858539324,202.11964858539324,202.11964858539324,202.11964858539324,202.11964858539324,202.11964858539324,202.11964858539324
P015_store,2025-05-26,Prophet,208.0,200.16957993448062,192.27563352052798,199.1522687186855,214.04859791913074,217.0335452798226,198.21058410305477,170.1035589267779
P015_store,2025-05-26,LightGBM in global mode,208.0,189.83624348055716,210.7241364715913,193.68056363524983,194.03933225529138,188.00566373552257,188.0260189563467,180.38954006640685
P015_store,2025-06-02,Repeat last year,203.0,147.0,226.0,192.0,387.0,95.0,162.0,187.0
P015_store,2025-06-02,Simple exponential smoothing,203.0,204.44049201620246,204.44049201620246,204.44049201620246,204.44049201620246,204.44049201620246,204.44049201620246,204.44049201620246
P015_store,2025-06-02,Prophet,203.0,194.05051013043953,200.329214263732,214.73944390120386,217.66650300740866,199.10911197417124,171.24291612713668,243.9960216876201
P015_store,2025-06-02,LightGBM in global mode,203.0,204.05133718214665,184.69805992078827,184.3693385463133,177.1898182245487,176.73250997502436,168.95313471504878,390.48525370786507
P015_store,2025-06-09,Repeat last year,235.0,226.0,192.0,387.0,95.0,162.0,187.0,187.0
P015_store,2025-06-09,Simple exponential smoothing,235.0,203.8781747239109,203.8781747239109,203.8781747239109,203.8781747239109,203.8781747239109,203.8781747239109,203.8781747239109
P015_store,2025-06-09,Prophet,235.0,201.31934775038872,215.06846781770463,217.387194712084,198.69733318853957,171.08307923874193,244.37997188409187,158.76950971667998
P015_store,2025-06-09,LightGBM in global mode,235.0,186.04303990033392,185.46873817849436,177.8546558540973,177.57502207646408,170.3462047550135,385.3118207623876,168.6185744839137
P015_store,2025-06-16,Repeat last year,184.0,192.0,387.0,95.0,162.0,187.0,187.0,128.0
P015_store,2025-06-16,Simple exponential smoothing,184.0,216.0104825836258,216.0104825836258,216.0104825836258,216.0104825836258,216.0104825836258,216.0104825836258,216.0104825836258
P015_store,2025-06-16,Prophet,184.0,219.0799077081678,218.7485846961859,197.83446643773948,169.8268824861296,243.83794498609038,159.27481770515206,167.60602518794465
P015_store,2025-06-16,LightGBM in global mode,184.0,179.31969155361728,171.97768646881676,171.94676783710105,164.83196514815205,374.66761430052196,164.91470071337045,161.24226026569033
P015_store,2025-06-23,Repeat last year,171.0,387.0,95.0,162.0,187.0,187.0,128.0,136.0
P015_store,2025-06-23,Simple exponential smoothing,171.0,203.57144209244274,203.57144209244274,203.57144209244274,203.57144209244274,203.57144209244274,203.57144209244274,203.57144209244274
P015_store,2025-06-23,Prophet,171.0,214.21611636385785,195.97419434686196,170.3313437219147,245.6361829331774,159.3337300595346,166.81132563800824,163.13860086999517
P015_store,2025-06-23,LightGBM in global mode,171.0,172.00349917081945,171.58470992519003,163.5811163240134,373.3099476355119,165.0950544261626,160.47367749001344,151.33493531919487
P015_store,2025-06-30,Repeat last year,125.0,95.0,162.0,187.0,187.0,128.0,136.0,179.0
P015_store,2025-06-30,Simple exponential smoothing,125.0,191.0092242864297,191.0092242864297,191.0092242864297,191.0092242864297,191.0092242864297,191.0092242864297,191.0092242864297
P015_store,2025-06-30,Prophet,125.0,189.60806981286953,167.4277162440908,247.04637630367677,159.89862612347065,166.0846560913194,161.32911502373375,146.50879615268235
P015_store,2025-06-30,LightGBM in global mode,125.0,138.4009493004039,133.24575535445888,360.67351361277815,133.9687754989497,131.14996420790752,123.80606942426142,128.92389195802366
P015_store,2025-07-07,Repeat last year,148.0,162.0,187.0,187.0,128.0,136.0,179.0,127.0
P015_store,2025-07-07,Simple exponential smoothing,148.0,165.2039200184772,165.2039200184772,165.2039200184772,165.2039200184772,165.2039200184772,165.2039200184772,165.2039200184772
P015_store,2025-07-07,Prophet,148.0,157.65698019643563,243.834686034262,159.37203961636038,166.28537195946424,159.63538467346513,143.2440495156876,131.8808009829502
P015_store,2025-07-07,LightGBM in global mode,148.0,162.9582497257947,369.4874731386433,162.4508876386549,159.09279268979265,149.5690768158814,153.65723701959465,149.29008641106662
P015_store,2025-07-14,Repeat last year,322.0,187.0,187.0,128.0,136.0,179.0,127.0,106.0
P015_store,2025-07-14,Simple exponential smoothing,322.0,158.3037773971868,158.3037773971868,158.3037773971868,158.3037773971868,158.3037773971868,158.3037773971868,158.3037773971868
P015_store,2025-07-14,Prophet,322.0,242.18279879136924,158.45599978180977,166.00677267034465,159.4984565302357,142.86355949141748,131.29807086388064,132.8492543672025
P015_store,2025-07-14,LightGBM in global mode,322.0,352.77679091278554,162.38727288293296,159.25228801130382,149.8001350485333,155.47671152774356,150.1849179626468,139.24381705526326
P015_store,2025-07-21,Repeat last year,94.0,187.0,128.0,136.0,179.0,127.0,106.0,135.0
P015_store,2025-07-21,Simple exponential smoothing,94.0,220.07502941391007,220.07502941391007,220.07502941391007,220.07502941391007,220.07502941391007,220.07502941391007,220.07502941391007
P015_store,2025-07-21,Prophet,94.0,169.3436096202931,171.48429362921195,160.29861210349134,142.8484350823232,133.31454415544954,136.4895721361716,142.40778100308026
P015_store,2025-07-21,LightGBM in global mode,94.0,163.01225533771665,160.4791754730426,151.96638746291183,156.05984410719483,151.44812422896172,142.211778430502,143.57503509939423
P015_store,2025-07-28,Repeat last year,92.0,128.0,136.0,179.0,127.0,106.0,135.0,150.0
P015_store,2025-07-28,Simple exponential smoothing,92.0,174.32329245002154,174.32329245002154,174.32329245002154,174.32329245002154,174.32329245002154,174.32329245002154,174.32329245002154
P015_store,2025-07-28,Prophet,92.0,160.24037525203144,154.57943014817195,142.05049954132588,133.59651742621793,134.78780136222767,138.90928133387834,135.0022513858512
P015_store,2025-07-28,LightGBM in global mode,92.0,144.26540166011725,139.80893710080622,142.64780301469878,138.57241098780403,126.66128466293456,132.7273083797576,129.32314677570685
P015_store,2025-08-04,Repeat last year,155.0,136.0,179.0,127.0,106.0,135.0,150.0,88.0
P015_store,2025-08-04,Simple exponential smoothing,155.0,144.82743084483747,144.82743084483747,144.82743084483747,144.82743084483747,144.82743084483747,144.82743084483747,144.82743084483747
P015_store,2025-08-04,Prophet,155.0,143.82137308080343,136.33229552901503,132.274764521448,134.31829715650028,136.54506249492533,130.99213003074746,117.28417402979986
P015_store,2025-08-04,LightGBM in global mode,155.0,141.42413728277748,145.4071388636135,140.42231284284958,128.7713904148572,134.90937223771996,131.57053683576237,119.88116236253546
P015_store,2025-08-11,Repeat last year,125.0,179.0,127.0,106.0,135.0,150.0,88.0,83.0
P015_store,2025-08-11,Simple exponential smoothing,125.0,148.55243310552387,148.55243310552387,148.55243310552387,148.55243310552387,148.55243310552387,148.55243310552387,148.55243310552387
P015_store,2025-08-11,Prophet,125.0,139.1708212605659,134.39336017733532,135.73777955676758,137.79896655024308,132.53369983010282,119.08939314897334,105.46297346088635
P015_store,2025-08-11,LightGBM in global mode,125.0,146.21012369157384,141.19776986374364,131.5978101287407,133.81185743009007,130.47204276930862,118.49420590273529,118.53192264809033
P015_store,2025-08-18,Repeat last year,144.0,127.0,106.0,135.0,150.0,88.0,83.0,99.0
P015_store,2025-08-18,Simple exponential smoothing,144.0,140.07207221440297,140.07207221440297,140.07207221440297,140.07207221440297,140.07207221440297,140.07207221440297,140.07207221440297
P015_store,2025-08-18,Prophet,144.0,131.73379488038051,134.08605342519957,137.03776777059912,131.94366716079026,118.1120096732222,104.15261585306968,98.88933738152883
P015_store,2025-08-18,LightGBM in global mode,144.0,129.43369234510942,115.69655762205507,120.34667538182362,117.15203464146079,107.3513942170339,107.75727239763172,111.79893942413229
P015_store,2025-08-25,Repeat last year,117.0,106.0,135.0,150.0,88.0,83.0,99.0,112.0
P015_store,2025-08-25,Simple exponential smoothing,117.0,141.4851986087151,141.4851986087151,141.4851986087151,141.4851986087151,141.4851986087151,141.4851986087151,141.4851986087151
P015_store,2025-08-25,Prophet,117.0,136.44768678812733,138.53844202482279,132.68456075119488,118.70714781860981,105.07983407529065,100.10548254735372,103.76456090311306
P015_store,2025-08-25,LightGBM in global mode,117.0,114.2598104691333,115.98745021658452,113.80948665522914,102.2319885418857,103.1032012869519,107.12682062304066,114.54502525179755
P015_store,2025-09-01,Repeat last year,145.0,135.0,150.0,88.0,83.0,99.0,112.0,115.0
P015_store,2025-09-01,Simple exponential smoothing,145.0,132.7053189140633,132.7053189140633,132.7053189140633,132.7053189140633,132.7053189140633,132.7053189140633,132.7053189140633
P015_store,2025-09-01,Prophet,145.0,135.39056418266952,130.99592576505327,118.25934026373125,104.86690955979988,99.37391885150032,102.59539694991018,237.7852931450921
P015_store,2025-09-01,LightGBM in global mode,145.0,123.99620441223203,121.66785583269233,107.94141991165422,108.60247416271068,113.36252265161767,121.73319744583186,307.0994505072384
P015_store,2025-09-08,Repeat last year,53.0,150.0,88.0,83.0,99.0,112.0,115.0,121.0
P015_store,2025-09-08,Simple exponential smoothing,53.0,137.1141203469054,137.1141203469054,137.1141203469054,137.1141203469054,137.1141203469054,137.1141203469054,137.1141203469054
P015_store,2025-09-08,Prophet,53.0,132.40261201902288,118.94491011674519,104.90731261101456,99.25337388282797,102.71310448901713,238.10836303882445,110.18324511370461
P015_store,2025-09-08,LightGBM in global mode,53.0,124.23947924459833,110.43641564096708,111.31011714493367,115.9998152529221,125.60777224636566,301.59308998190824,125.62119657755926
P015_store,2025-09-15,Repeat last year,168.0,88.0,83.0,99.0,112.0,115.0,121.0,137.0
P015_store,2025-09-15,Simple exponential smoothing,168.0,106.92028205977971,106.92028205977971,106.92028205977971,106.92028205977971,106.92028205977971,106.92028205977971,106.92028205977971
P015_store,2025-09-15,Prophet,168.0,107.1172779842522,99.03963108796998,98.58536050979444,103.05102153520725,236.123008015927,106.36379997256235,104.30217999502523
P015_store,2025-09-15,LightGBM in global mode,168.0,90.88863134544006,91.26894755548506,95.28322429586274,99.78711199104413,272.75305199525917,101.31983050291626,99.9849218544572
P015_store,2025-09-22,Repeat last year,139.0,83.0,99.0,112.0,115.0,121.0,137.0,83.0
P015_store,2025-09-22,Simple exponential smoothing,139.0,128.8400888987612,128.8400888987612,128.8400888987612,128.8400888987612,128.8400888987612,128.8400888987612,128.8400888987612
P015_store,2025-09-22,Prophet,139.0,108.44674770003226,103.56206452864731,104.1219711986194,236.33621765101583,108.31190908654771,107.66912957175643,104.8613886861111
P015_store,2025-09-22,LightGBM in global mode,139.0,90.59589183853873,94.35190050064922,99.79987171612777,282.06454220851674,100.52949085148282,98.99392710693512,97.58647608427655
P015_store,2025-09-29,Repeat last year,121.0,99.0,112.0,115.0,121.0,137.0,83.0,95.0
P015_store,2025-09-29,Simple exponential smoothing,121.0,132.40615620616217,132.40615620616217,132.40615620616217,132.40615620616217,132.40615620616217,132.40615620616217,132.40615620616217
P015_store,2025-09-29,Prophet,121.0,107.85272624227468,106.01714947994486,236.18338232398133,107.89106899284953,108.15178055292387,106.09944676181456,99.28815145794823
P015_store,2025-09-29,LightGBM in global mode,121.0,104.77951378620978,111.49856473956123,298.36734181305377,111.718224384793,111.32034823597631,108.32912252038203,95.10688611067978
P015_store,2025-10-06,Repeat last year,158.0,112.0,115.0,121.0,137.0,83.0,95.0,99.0
P015_store,2025-10-06,Simple exponential smoothing,158.0,128.40347807099658,128.40347807099658,128.40347807099658,128.40347807099658,128.40347807099658,128.40347807099658,128.40347807099658
P015_store,2025-10-06,Prophet,158.0,107.6391531617784,236.8494085154196,107.56407696927563,107.60984481072649,105.91441437172038,99.4378881849411,86.07789426374313
P015_store,2025-10-06,LightGBM in global mode,158.0,115.75491234521382,298.3913647545666,116.52712249612084,114.98641209728389,113.6384653159968,98.71860072268875,110.4959746163437
P015_store,2025-10-13,Repeat last year,165.0,115.0,121.0,137.0,83.0,95.0,99.0,55.0
P015_store,2025-10-13,Simple exponential smoothing,165.0,138.78202331191815,138.78202331191815,138.78202331191815,138.78202331191815,138.78202331191815,138.78202331191815,138.78202331191815
P015_store,2025-10-13,Prophet,165.0,244.06004358926478,111.20706656533346,107.98685052806528,105.65217309339933,100.57935946419683,88.48256962261604,70.16202964273636
P015_store,2025-10-13,LightGBM in global mode,165.0,309.5832855035535,115.54609778039566,115.1514562852134,112.91358557826054,98.56619064369106,109.52805833909404,79.63907600196994
P015_store,2025-10-20,Repeat last year,97.0,121.0,137.0,83.0,95.0,99.0,55.0,86.0
P015_store,2025-10-20,Simple exponential smoothing,97.0,148.01182519990576,148.01182519990576,148.01182519990576,148.01182519990576,148.01182519990576,148.01182519990576,148.01182519990576
P015_store,2025-10-20,Prophet,97.0,101.62205778454654,103.5253465281875,105.60115711883071,101.24555597183262,87.14383515123927,67.4853912571128,51.06811057283568
P015_store,2025-10-20,LightGBM in global mode,97.0,115.45525869197634,114.83658914008248,112.80485538895665,98.3110743848481,109.80091610339295,79.316960631455,78.14671061427782
P015_store,2025-10-27,Repeat last year,123.0,137.0,83.0,95.0,99.0,55.0,86.0,39.0
P015_store,2025-10-27,Simple exponential smoothing,123.0,130.14525695035286,130.14525695035286,130.14525695035286,130.14525695035286,130.14525695035286,130.14525695035286,130.14525695035286
P015_store,2025-10-27,Prophet,123.0,103.10197255893468,105.59779596713977,101.56339129537324,87.48584570572233,67.63059739955102,51.02970331933051,184.29437173480792
P015_store,2025-10-27,LightGBM in global mode,123.0,121.32471091815685,120.07651909015587,107.62128836040333,119.79888864028739,92.50521895181667,90.04275880059318,328.39766105788453
P015_store,2025-11-03,Repeat last year,119.0,83.0,95.0,99.0,55.0,86.0,39.0,53.0
P015_store,2025-11-03,Simple exponential smoothing,119.0,127.64892823098563,127.64892823098563,127.64892823098563,127.64892823098563,127.64892823098563,127.64892823098563,127.64892823098563
P015_store,2025-11-03,Prophet,119.0,108.15191739599382,102.6189154501885,87.2828265978413,67.23461812001564,51.2458310189445,184.66711218159196,46.15843854174142
P015_store,2025-11-03,LightGBM in global mode,119.0,101.65812313496633,92.97774818278737,97.1109449837334,72.64806381824374,70.48132144196309,293.99589880632675,66.46305630128221
P015_store,2025-11-10,Repeat last year,105.0,95.0,99.0,55.0,86.0,39.0,53.0,56.0
P015_store,2025-11-10,Simple exponential smoothing,105.0,124.62548150462129,124.62548150462129,124.62548150462129,124.62548150462129,124.62548150462129,124.62548150462129,124.62548150462129
P015_store,2025-11-10,Prophet,105.0,103.86498601346369,87.7090746343726,66.9575757396405,50.817747042316796,184.59357543125776,46.2770509181469,51.10224490729472
P015_store,2025-11-10,LightGBM in global mode,105.0,94.40860791929279,103.18101947292517,75.1262630695491,73.16156043942932,308.0747640631986,68.33027329866523,71.19828431926798
P015_store,2025-11-17,Repeat last year,68.0,99.0,55.0,86.0,39.0,53.0,56.0,57.0
P015_store,2025-11-17,Simple exponential smoothing,68.0,117.75307079538041,117.75307079538041,117.75307079538041,117.75307079538041,117.75307079538041,117.75307079538041,117.75307079538041
P015_store,2025-11-17,Prophet,68.0,88.22025553547995,67.43248021786482,51.24398086014702,184.9558172685716,46.70597303388324,51.57600708567807,56.46929970856689
P015_store,2025-11-17,LightGBM in global mode,68.0,103.77841805664431,72.60103514587979,70.80241009211326,304.90164767841924,66.20603524248831,69.2732032536656,69.2732032536656
P015_store,2025-11-24,Repeat last year,75.0,55.0,86.0,39.0,53.0,56.0,57.0,69.0
P015_store,2025-11-24,Simple exponential smoothing,75.0,100.19578217462634,100.19578217462634,100.19578217462634,100.19578217462634,100.19578217462634,100.19578217462634,100.19578217462634
P015_store,2025-11-24,Prophet,75.0,64.65634348051667,49.963872105974374,185.10864236840467,47.071539483869515,51.38761139057348,55.71939264650375,60.2551339958091
P015_store,2025-11-24,LightGBM in global mode,75.0,65.47456631387924,63.85249308696155,259.8116477594167,59.03708232447378,61.67626137075898,61.67626137075898,61.67626137075898
P015_store,2025-12-01,Repeat last year,67.0,86.0,39.0,53.0,56.0,57.0,69.0,62.0
P015_store,2025-12-01,Simple exponential smoothing,67.0,91.16425576797101,91.16425576797101,91.16425576797101,91.16425576797101,91.16425576797101,91.16425576797101,91.16425576797101
P015_store,2025-12-01,Prophet,67.0,51.58065429108102,185.72820664208263,47.19169932307831,51.399571951427504,56.07496022186048,60.9266931576411,64.70534218288907
P015_store,2025-12-01,LightGBM in global mode,67.0,69.97540192080223,253.41653236920925,65.25799175057185,68.6190375414056,68.6190375414056,68.6190375414056,68.6190375414056
P015_store,2025-12-08,Repeat last year,232.0,39.0,53.0,56.0,57.0,69.0,62.0,63.0
P015_store,2025-12-08,Simple exponential smoothing,232.0,82.45133043561921,82.45133043561921,82.45133043561921,82.45133043561921,82.45133043561921,82.45133043561921,82.45133043561921
P015_store,2025-12-08,Prophet,232.0,187.6937399096343,48.425487634203876,51.64514099560313,56.10043886644081,61.332806263502704,65.45911399366759,65.42104931402852
P015_store,2025-12-08,LightGBM in global mode,232.0,235.16861774170198,58.80090554328452,60.785002049814594,60.785002049814594,60.785002049814594,60.785002049814594,60.785002049814594
P015_store,2025-12-15,Repeat last year,42.0,53.0,56.0,57.0,69.0,62.0,63.0,71.0
P015_store,2025-12-15,Simple exponential smoothing,42.0,134.38553039814335,134.38553039814335,134.38553039814335,134.38553039814335,134.38553039814335,134.38553039814335,134.38553039814335
P015_store,2025-12-15,Prophet,42.0,52.02720382463477,52.78198550640876,55.482872620334106,60.70302617222505,65.76050697027863,66.14622910008478,61.192170985634974
P015_store,2025-12-15,LightGBM in global mode,42.0,60.72138573227006,63.277158602978574,63.277158602978574,63.277158602978574,63.277158602978574,63.277158602978574,63.277158602978574
P015_store,2025-12-22,Repeat last year,75.0,56.0,57.0,69.0,62.0,63.0,71.0,62.0
P015_store,2025-12-22,Simple exponential smoothing,75.0,102.9634844277419,102.9634844277419,102.9634844277419,102.9634844277419,102.9634844277419,102.9634844277419,102.9634844277419
P015_store,2025-12-22,Prophet,75.0,51.111336927579515,54.56748589103225,60.48199435713808,65.72924533314202,65.88356938667417,60.69035364286958,56.41091827194117
P015_store,2025-12-22,LightGBM in global mode,75.0,60.753400362211764,60.753400362211764,60.753400362211764,60.753400362211764,60.753400362211764,60.753400362211764,60.753400362211764
