week_start,product_id,channel,units,price,discount_pct,promo_flag,stockout_flag
2023-01-02,P001,store,109,331.95,0,0,0
2023-01-09,P001,store,150,331.95,0,0,0
2023-01-16,P001,store,156,331.95,0,0,0
2023-01-23,P001,store,141,331.95,0,0,0
2023-01-30,P001,store,198,331.95,0,0,0
2023-02-06,P001,store,334,282.16,15,1,0
2023-02-13,P001,store,168,331.95,0,0,0
2023-02-20,P001,store,106,331.95,0,0,0
2023-02-27,P001,store,292,331.95,0,0,0
2023-03-06,P001,store,208,331.95,0,0,0
2023-03-13,P001,store,161,331.95,0,0,0
2023-03-20,P001,store,207,282.16,15,1,0
2023-03-27,P001,store,134,331.95,0,0,0
2023-04-03,P001,store,149,331.95,0,0,0
2023-04-10,P001,store,169,331.95,0,0,0
2023-04-17,P001,store,203,331.95,0,0,0
2023-04-24,P001,store,126,331.95,0,0,0
2023-05-01,P001,store,160,331.95,0,0,0
2023-05-08,P001,store,114,331.95,0,0,0
2023-05-15,P001,store,182,331.95,0,0,0
2023-05-22,P001,store,167,331.95,0,0,0
2023-05-29,P001,store,177,331.95,0,0,0
2023-06-05,P001,store,121,331.95,0,0,0
2023-06-12,P001,store,168,331.95,0,0,0
2023-06-19,P001,store,234,282.16,15,1,0
2023-06-26,P001,store,149,331.95,0,0,0
2023-07-03,P001,store,179,331.95,0,0,0
2023-07-10,P001,store,194,331.95,0,0,0
2023-07-17,P001,store,134,331.95,0,0,0
2023-07-24,P001,store,163,331.95,0,0,0
2023-07-31,P001,store,219,331.95,0,0,0
2023-08-07,P001,store,166,298.76,10,1,0
2023-08-14,P001,store,143,331.95,0,0,0
2023-08-21,P001,store,202,298.76,10,1,0
2023-08-28,P001,store,146,331.95,0,0,0
2023-09-04,P001,store,141,331.95,0,0,0
2023-09-11,P001,store,176,331.95,0,0,0
2023-09-18,P001,store,194,331.95,0,0,0
2023-09-25,P001,store,143,331.95,0,0,0
2023-10-02,P001,store,150,331.95,0,0,0
2023-10-09,P001,store,116,331.95,0,0,0
2023-10-16,P001,store,168,331.95,0,0,0
2023-10-23,P001,store,156,331.95,0,0,0
2023-10-30,P001,store,132,331.95,0,0,0
2023-11-06,P001,store,223,331.95,0,0,0
2023-11-13,P001,store,204,331.95,0,0,0
2023-11-20,P001,store,279,331.95,0,0,0
2023-11-27,P001,store,227,331.95,0,0,0
2023-12-04,P001,store,252,331.95,0,0,0
2023-12-11,P001,store,260,331.95,0,0,0
2023-12-18,P001,store,287,331.95,0,0,0
2023-12-25,P001,store,210,331.95,0,0,0
2024-01-01,P001,store,161,331.95,0,0,0
2024-01-08,P001,store,184,331.95,0,0,0
2024-01-15,P001,store,110,331.95,0,0,0
2024-01-22,P001,store,119,331.95,0,0,0
2024-01-29,P001,store,145,331.95,0,0,0
2024-02-05,P001,store,233,331.95,0,0,0
2024-02-12,P001,store,159,331.95,0,0,0
2024-02-19,P001,store,327,298.76,10,1,0
2024-02-26,P001,store,139,331.95,0,0,0
2024-03-04,P001,store,291,298.76,10,1,0
2024-03-11,P001,store,140,331.95,0,0,0
2024-03-18,P001,store,169,331.95,0,0,0
2024-03-25,P001,store,313,265.56,20,1,0
2024-04-01,P001,store,143,331.95,0,0,0
2024-04-08,P001,store,178,331.95,0,0,0
2024-04-15,P001,store,175,331.95,0,0,0
2024-04-22,P001,store,195,331.95,0,0,0
2024-04-29,P001,store,172,331.95,0,0,0
2024-05-06,P001,store,144,331.95,0,0,0
2024-05-13,P001,store,301,248.96,25,1,0
2024-05-20,P001,store,133,331.95,0,0,0
2024-05-27,P001,store,163,331.95,0,0,0
2024-06-03,P001,store,226,331.95,0,0,0
2024-06-10,P001,store,450,232.36,30,1,0
2024-06-17,P001,store,177,331.95,0,0,0
2024-06-24,P001,store,206,331.95,0,0,0
2024-07-01,P001,store,349,248.96,25,1,0
2024-07-08,P001,store,177,331.95,0,0,0
2024-07-15,P001,store,224,331.95,0,0,0
2024-07-22,P001,store,158,331.95,0,0,0
2024-07-29,P001,store,158,331.95,0,0,0
2024-08-05,P001,store,291,248.96,25,1,0
2024-08-12,P001,store,137,331.95,0,0,0
2024-08-19,P001,store,141,331.95,0,0,0
2024-08-26,P001,store,165,331.95,0,0,0
2024-09-02,P001,store,149,331.95,0,0,0
2024-09-09,P001,store,179,331.95,0,0,0
2024-09-16,P001,store,186,331.95,0,0,0
2024-09-23,P001,store,158,331.95,0,0,0
2024-09-30,P001,store,139,331.95,0,0,0
2024-10-07,P001,store,197,331.95,0,0,0
2024-10-14,P001,store,137,331.95,0,0,0
2024-10-21,P001,store,100,331.95,0,0,0
2024-10-28,P001,store,184,331.95,0,0,0
2024-11-04,P001,store,180,331.95,0,0,0
2024-11-11,P001,store,245,331.95,0,0,0
2024-11-18,P001,store,198,331.95,0,0,0
2024-11-25,P001,store,294,331.95,0,0,0
2024-12-02,P001,store,249,331.95,0,0,0
2024-12-09,P001,store,283,331.95,0,0,0
2024-12-16,P001,store,334,331.95,0,0,0
2024-12-23,P001,store,733,232.36,30,1,0
2024-12-30,P001,store,107,331.95,0,0,0
2025-01-06,P001,store,200,282.16,15,1,0
2025-01-13,P001,store,102,331.95,0,0,0
2025-01-20,P001,store,166,331.95,0,0,0
2025-01-27,P001,store,192,331.95,0,0,0
2025-02-03,P001,store,515,248.96,25,1,0
2025-02-10,P001,store,148,331.95,0,0,0
2025-02-17,P001,store,171,331.95,0,0,0
2025-02-24,P001,store,132,331.95,0,0,0
2025-03-03,P001,store,206,282.16,15,1,0
2025-03-10,P001,store,132,331.95,0,0,0
2025-03-17,P001,store,146,331.95,0,0,0
2025-03-24,P001,store,111,331.95,0,0,0
2025-03-31,P001,store,132,331.95,0,0,0
2025-04-07,P001,store,283,265.56,20,1,0
2025-04-14,P001,store,124,331.95,0,0,0
2025-04-21,P001,store,106,331.95,0,0,0
2025-04-28,P001,store,130,331.95,0,0,0
2025-05-05,P001,store,101,331.95,0,0,0
2025-05-12,P001,store,185,331.95,0,0,0
2025-05-19,P001,store,108,331.95,0,0,0
2025-05-26,P001,store,153,331.95,0,0,0
2025-06-02,P001,store,196,331.95,0,0,0
2025-06-09,P001,store,138,331.95,0,0,0
2025-06-16,P001,store,128,331.95,0,0,0
2025-06-23,P001,store,125,331.95,0,0,0
2025-06-30,P001,store,146,331.95,0,0,0
2025-07-07,P001,store,99,331.95,0,0,0
2025-07-14,P001,store,176,331.95,0,0,0
2025-07-21,P001,store,144,331.95,0,0,0
2025-07-28,P001,store,207,331.95,0,0,0
2025-08-04,P001,store,220,331.95,0,0,0
2025-08-11,P001,store,143,331.95,0,0,0
2025-08-18,P001,store,162,331.95,0,0,0
2025-08-25,P001,store,121,331.95,0,0,0
2025-09-01,P001,store,512,232.36,30,1,0
2025-09-08,P001,store,198,331.95,0,0,0
2025-09-15,P001,store,158,331.95,0,0,0
2025-09-22,P001,store,188,331.95,0,0,0
2025-09-29,P001,store,136,331.95,0,0,0
2025-10-06,P001,store,156,331.95,0,0,0
2025-10-13,P001,store,175,331.95,0,0,0
2025-10-20,P001,store,189,331.95,0,0,0
2025-10-27,P001,store,179,331.95,0,0,0
2025-11-03,P001,store,202,331.95,0,0,0
2025-11-10,P001,store,178,331.95,0,0,0
2025-11-17,P001,store,243,331.95,0,0,0
2025-11-24,P001,store,296,331.95,0,0,0
2025-12-01,P001,store,215,331.95,0,0,0
2025-12-08,P001,store,278,331.95,0,0,0
2025-12-15,P001,store,286,331.95,0,0,0
2025-12-22,P001,store,253,331.95,0,0,0
2023-01-02,P001,online,96,331.95,0,0,0
2023-01-09,P001,online,82,331.95,0,0,0
2023-01-16,P001,online,58,331.95,0,0,0
2023-01-23,P001,online,81,331.95,0,0,0
2023-01-30,P001,online,95,331.95,0,0,0
2023-02-06,P001,online,84,331.95,0,0,0
2023-02-13,P001,online,95,331.95,0,0,0
2023-02-20,P001,online,90,331.95,0,0,0
2023-02-27,P001,online,88,331.95,0,0,0
2023-03-06,P001,online,94,331.95,0,0,0
2023-03-13,P001,online,118,331.95,0,0,0
2023-03-20,P001,online,96,331.95,0,0,0
2023-03-27,P001,online,75,331.95,0,0,0
2023-04-03,P001,online,115,331.95,0,0,0
2023-04-10,P001,online,68,331.95,0,0,0
2023-04-17,P001,online,142,331.95,0,0,0
2023-04-24,P001,online,97,331.95,0,0,0
2023-05-01,P001,online,92,331.95,0,0,0
2023-05-08,P001,online,122,331.95,0,0,0
2023-05-15,P001,online,81,331.95,0,0,0
2023-05-22,P001,online,354,232.36,30,1,0
2023-05-29,P001,online,68,331.95,0,0,0
2023-06-05,P001,online,110,331.95,0,0,0
2023-06-12,P001,online,80,331.95,0,0,0
2023-06-19,P001,online,116,331.95,0,0,0
2023-06-26,P001,online,95,331.95,0,0,0
2023-07-03,P001,online,129,331.95,0,0,0
2023-07-10,P001,online,102,331.95,0,0,0
2023-07-17,P001,online,83,331.95,0,0,0
2023-07-24,P001,online,117,331.95,0,0,0
2023-07-31,P001,online,110,331.95,0,0,0
2023-08-07,P001,online,104,331.95,0,0,0
2023-08-14,P001,online,75,331.95,0,0,0
2023-08-21,P001,online,180,298.76,10,1,0
2023-08-28,P001,online,70,331.95,0,0,0
2023-09-04,P001,online,112,331.95,0,0,0
2023-09-11,P001,online,44,331.95,0,0,0
2023-09-18,P001,online,139,282.16,15,1,0
2023-09-25,P001,online,88,331.95,0,0,0
2023-10-02,P001,online,94,331.95,0,0,0
2023-10-09,P001,online,99,331.95,0,0,0
2023-10-16,P001,online,57,331.95,0,0,0
2023-10-23,P001,online,108,331.95,0,0,0
2023-10-30,P001,online,100,331.95,0,0,0
2023-11-06,P001,online,84,331.95,0,0,0
2023-11-13,P001,online,173,331.95,0,0,0
2023-11-20,P001,online,269,331.95,0,0,0
2023-11-27,P001,online,167,331.95,0,0,0
2023-12-04,P001,online,165,331.95,0,0,0
2023-12-11,P001,online,235,331.95,0,0,0
2023-12-18,P001,online,403,232.36,30,1,0
2023-12-25,P001,online,148,331.95,0,0,0
2024-01-01,P001,online,59,331.95,0,0,0
2024-01-08,P001,online,75,331.95,0,0,0
2024-01-15,P001,online,55,331.95,0,0,0
2024-01-22,P001,online,96,331.95,0,0,0
2024-01-29,P001,online,305,248.96,25,1,0
2024-02-05,P001,online,117,331.95,0,0,0
2024-02-12,P001,online,115,331.95,0,0,0
2024-02-19,P001,online,91,331.95,0,0,0
2024-02-26,P001,online,94,331.95,0,0,0
2024-03-04,P001,online,130,331.95,0,0,0
2024-03-11,P001,online,111,331.95,0,0,0
2024-03-18,P001,online,106,331.95,0,0,0
2024-03-25,P001,online,67,331.95,0,0,0
2024-04-01,P001,online,125,331.95,0,0,0
2024-04-08,P001,online,112,331.95,0,0,0
2024-04-15,P001,online,80,331.95,0,0,0
2024-04-22,P001,online,81,331.95,0,0,0
2024-04-29,P001,online,85,331.95,0,0,0
2024-05-06,P001,online,70,331.95,0,0,0
2024-05-13,P001,online,95,331.95,0,0,0
2024-05-20,P001,online,127,331.95,0,0,0
2024-05-27,P001,online,124,331.95,0,0,0
2024-06-03,P001,online,127,331.95,0,0,0
2024-06-10,P001,online,98,331.95,0,0,0
2024-06-17,P001,online,91,331.95,0,0,0
2024-06-24,P001,online,144,298.76,10,1,0
2024-07-01,P001,online,110,331.95,0,0,0
2024-07-08,P001,online,101,331.95,0,0,0
2024-07-15,P001,online,114,331.95,0,0,0
2024-07-22,P001,online,344,248.96,25,1,0
2024-07-29,P001,online,95,331.95,0,0,0
2024-08-05,P001,online,80,331.95,0,0,0
2024-08-12,P001,online,120,331.95,0,0,0
2024-08-19,P001,online,108,331.95,0,0,0
2024-08-26,P001,online,121,331.95,0,0,0
2024-09-02,P001,online,97,331.95,0,0,0
2024-09-09,P001,online,199,282.16,15,1,0
2024-09-16,P001,online,75,331.95,0,0,0
2024-09-23,P001,online,146,331.95,0,0,0
2024-09-30,P001,online,125,331.95,0,0,0
2024-10-07,P001,online,130,331.95,0,0,0
2024-10-14,P001,online,287,232.36,30,1,0
2024-10-21,P001,online,108,331.95,0,0,0
2024-10-28,P001,online,95,331.95,0,0,0
2024-11-04,P001,online,127,331.95,0,0,0
2024-11-11,P001,online,458,265.56,20,1,0
2024-11-18,P001,online,223,331.95,0,0,0
2024-11-25,P001,online,256,331.95,0,0,0
2024-12-02,P001,online,152,331.95,0,0,0
2024-12-09,P001,online,302,282.16,15,1,0
2024-12-16,P001,online,134,331.95,0,0,0
2024-12-23,P001,online,167,331.95,0,0,0
2024-12-30,P001,online,185,265.56,20,1,0
2025-01-06,P001,online,68,331.95,0,0,0
2025-01-13,P001,online,103,331.95,0,0,0
2025-01-20,P001,online,77,331.95,0,0,0
2025-01-27,P001,online,142,298.76,10,1,0
2025-02-03,P001,online,104,331.95,0,0,0
2025-02-10,P001,online,79,331.95,0,0,0
2025-02-17,P001,online,114,331.95,0,0,0
2025-02-24,P001,online,133,331.95,0,0,0
2025-03-03,P001,online,122,331.95,0,0,0
2025-03-10,P001,online,128,331.95,0,0,0
2025-03-17,P001,online,219,282.16,15,1,0
2025-03-24,P001,online,129,331.95,0,0,0
2025-03-31,P001,online,101,331.95,0,0,0
2025-04-07,P001,online,135,331.95,0,0,0
2025-04-14,P001,online,137,331.95,0,0,0
2025-04-21,P001,online,111,331.95,0,0,0
2025-04-28,P001,online,138,331.95,0,0,0
2025-05-05,P001,online,130,331.95,0,0,0
2025-05-12,P001,online,77,331.95,0,0,0
2025-05-19,P001,online,103,331.95,0,0,0
2025-05-26,P001,online,104,331.95,0,0,0
2025-06-02,P001,online,105,331.95,0,0,0
2025-06-09,P001,online,169,298.76,10,1,0
2025-06-16,P001,online,86,331.95,0,0,0
2025-06-23,P001,online,120,331.95,0,0,0
2025-06-30,P001,online,93,331.95,0,0,0
2025-07-07,P001,online,123,331.95,0,0,0
2025-07-14,P001,online,92,331.95,0,0,0
2025-07-21,P001,online,100,331.95,0,0,0
2025-07-28,P001,online,103,331.95,0,0,0
2025-08-04,P001,online,104,331.95,0,0,0
2025-08-11,P001,online,103,331.95,0,0,0
2025-08-18,P001,online,134,331.95,0,0,0
2025-08-25,P001,online,96,331.95,0,0,0
2025-09-01,P001,online,87,331.95,0,0,0
2025-09-08,P001,online,111,331.95,0,0,0
2025-09-15,P001,online,81,331.95,0,0,0
2025-09-22,P001,online,141,331.95,0,0,0
2025-09-29,P001,online,134,331.95,0,0,0
2025-10-06,P001,online,91,331.95,0,0,0
2025-10-13,P001,online,83,331.95,0,0,0
2025-10-20,P001,online,113,331.95,0,0,0
2025-10-27,P001,online,81,331.95,0,0,0
2025-11-03,P001,online,177,298.76,10,1,0
2025-11-10,P001,online,136,331.95,0,0,0
2025-11-17,P001,online,218,331.95,0,0,0
2025-11-24,P001,online,155,331.95,0,0,0
2025-12-01,P001,online,218,331.95,0,0,0
2025-12-08,P001,online,207,331.95,0,0,0
2025-12-15,P001,online,184,331.95,0,0,0
2025-12-22,P001,online,180,331.95,0,0,0
2023-01-02,P002,store,54,291.79,0,0,0
2023-01-09,P002,store,80,291.79,0,0,0
2023-01-16,P002,store,79,262.61,10,1,0
2023-01-23,P002,store,93,291.79,0,0,0
2023-01-30,P002,store,91,291.79,0,0,0
2023-02-06,P002,store,135,291.79,0,0,0
2023-02-13,P002,store,102,291.79,0,0,0
2023-02-20,P002,store,70,291.79,0,0,0
2023-02-27,P002,store,117,291.79,0,0,0
2023-03-06,P002,store,131,291.79,0,0,0
2023-03-13,P002,store,119,291.79,0,0,0
2023-03-20,P002,store,99,291.79,0,0,0
2023-03-27,P002,store,78,291.79,0,0,0
2023-04-03,P002,store,84,291.79,0,0,0
2023-04-10,P002,store,83,291.79,0,0,0
2023-04-17,P002,store,84,291.79,0,0,0
2023-04-24,P002,store,123,291.79,0,0,0
2023-05-01,P002,store,83,291.79,0,0,0
2023-05-08,P002,store,77,291.79,0,0,0
2023-05-15,P002,store,115,291.79,0,0,0
2023-05-22,P002,store,110,291.79,0,0,0
2023-05-29,P002,store,107,291.79,0,0,0
2023-06-05,P002,store,83,291.79,0,0,0
2023-06-12,P002,store,126,291.79,0,0,0
2023-06-19,P002,store,110,291.79,0,0,0
2023-06-26,P002,store,79,291.79,0,0,0
2023-07-03,P002,store,107,291.79,0,0,0
2023-07-10,P002,store,78,291.79,0,0,0
2023-07-17,P002,store,341,218.84,25,1,0
2023-07-24,P002,store,60,291.79,0,0,0
2023-07-31,P002,store,116,291.79,0,0,0
2023-08-07,P002,store,108,291.79,0,0,0
2023-08-14,P002,store,120,291.79,0,0,0
2023-08-21,P002,store,114,291.79,0,0,0
2023-08-28,P002,store,66,291.79,0,0,0
2023-09-04,P002,store,107,291.79,0,0,0
2023-09-11,P002,store,103,291.79,0,0,0
2023-09-18,P002,store,95,291.79,0,0,0
2023-09-25,P002,store,154,291.79,0,0,0
2023-10-02,P002,store,102,291.79,0,0,0
2023-10-09,P002,store,88,291.79,0,0,0
2023-10-16,P002,store,66,291.79,0,0,0
2023-10-23,P002,store,110,291.79,0,0,0
2023-10-30,P002,store,253,218.84,25,1,0
2023-11-06,P002,store,86,291.79,0,0,0
2023-11-13,P002,store,93,291.79,0,0,0
2023-11-20,P002,store,145,291.79,0,0,0
2023-11-27,P002,store,140,291.79,0,0,0
2023-12-04,P002,store,168,262.61,10,1,0
2023-12-11,P002,store,153,291.79,0,0,0
2023-12-18,P002,store,176,291.79,0,0,0
2023-12-25,P002,store,201,291.79,0,0,0
2024-01-01,P002,store,124,291.79,0,0,0
2024-01-08,P002,store,73,291.79,0,0,0
2024-01-15,P002,store,64,291.79,0,0,0
2024-01-22,P002,store,96,291.79,0,0,0
2024-01-29,P002,store,97,291.79,0,0,0
2024-02-05,P002,store,103,291.79,0,0,0
2024-02-12,P002,store,99,291.79,0,0,0
2024-02-19,P002,store,121,291.79,0,0,0
2024-02-26,P002,store,111,291.79,0,0,0
2024-03-04,P002,store,116,291.79,0,0,0
2024-03-11,P002,store,280,218.84,25,1,0
2024-03-18,P002,store,72,291.79,0,0,0
2024-03-25,P002,store,74,291.79,0,0,0
2024-04-01,P002,store,90,291.79,0,0,0
2024-04-08,P002,store,111,291.79,0,0,0
2024-04-15,P002,store,172,248.02,15,1,0
2024-04-22,P002,store,97,291.79,0,0,0
2024-04-29,P002,store,64,291.79,0,0,0
2024-05-06,P002,store,69,291.79,0,0,0
2024-05-13,P002,store,349,204.25,30,1,0
2024-05-20,P002,store,49,291.79,0,0,0
2024-05-27,P002,store,75,291.79,0,0,0
2024-06-03,P002,store,79,291.79,0,0,0
2024-06-10,P002,store,95,291.79,0,0,0
2024-06-17,P002,store,91,291.79,0,0,0
2024-06-24,P002,store,213,218.84,25,1,0
2024-07-01,P002,store,84,291.79,0,0,0
2024-07-08,P002,store,104,291.79,0,0,0
2024-07-15,P002,store,70,291.79,0,0,0
2024-07-22,P002,store,67,291.79,0,0,0
2024-07-29,P002,store,141,291.79,0,0,0
2024-08-05,P002,store,74,291.79,0,0,0
2024-08-12,P002,store,116,291.79,0,0,0
2024-08-19,P002,store,100,291.79,0,0,0
2024-08-26,P002,store,98,291.79,0,0,0
2024-09-02,P002,store,128,291.79,0,0,0
2024-09-09,P002,store,82,291.79,0,0,0
2024-09-16,P002,store,66,291.79,0,0,0
2024-09-23,P002,store,82,291.79,0,0,0
2024-09-30,P002,store,86,291.79,0,0,0
2024-10-07,P002,store,98,291.79,0,0,0
2024-10-14,P002,store,120,291.79,0,0,0
2024-10-21,P002,store,110,291.79,0,0,0
2024-10-28,P002,store,109,291.79,0,0,0
2024-11-04,P002,store,71,291.79,0,0,0
2024-11-11,P002,store,92,291.79,0,0,0
2024-11-18,P002,store,165,291.79,0,0,0
2024-11-25,P002,store,155,291.79,0,0,0
2024-12-02,P002,store,147,291.79,0,0,0
2024-12-09,P002,store,127,291.79,0,0,0
2024-12-16,P002,store,149,291.79,0,0,0
2024-12-23,P002,store,159,291.79,0,0,0
2024-12-30,P002,store,183,233.43,20,1,0
2025-01-06,P002,store,78,291.79,0,0,0
2025-01-13,P002,store,104,291.79,0,0,0
2025-01-20,P002,store,62,291.79,0,0,0
2025-01-27,P002,store,136,248.02,15,1,0
2025-02-03,P002,store,97,291.79,0,0,0
2025-02-10,P002,store,102,291.79,0,0,0
2025-02-17,P002,store,90,291.79,0,0,0
2025-02-24,P002,store,148,291.79,0,0,0
2025-03-03,P002,store,62,291.79,0,0,0
2025-03-10,P002,store,95,291.79,0,0,0
2025-03-17,P002,store,105,291.79,0,0,0
2025-03-24,P002,store,205,233.43,20,1,0
2025-03-31,P002,store,85,291.79,0,0,0
2025-04-07,P002,store,115,291.79,0,0,0
2025-04-14,P002,store,68,291.79,0,0,0
2025-04-21,P002,store,84,291.79,0,0,0
2025-04-28,P002,store,97,291.79,0,0,0
2025-05-05,P002,store,115,291.79,0,0,0
2025-05-12,P002,store,211,233.43,20,1,0
2025-05-19,P002,store,89,291.79,0,0,0
2025-05-26,P002,store,71,291.79,0,0,0
2025-06-02,P002,store,121,291.79,0,0,0
2025-06-09,P002,store,268,204.25,30,1,0
2025-06-16,P002,store,123,291.79,0,0,0
2025-06-23,P002,store,81,291.79,0,0,0
2025-06-30,P002,store,107,291.79,0,0,0
2025-07-07,P002,store,102,291.79,0,0,0
2025-07-14,P002,store,94,291.79,0,0,0
2025-07-21,P002,store,64,291.79,0,0,0
2025-07-28,P002,store,163,262.61,10,1,0
2025-08-04,P002,store,82,291.79,0,0,0
2025-08-11,P002,store,91,291.79,0,0,0
2025-08-18,P002,store,91,291.79,0,0,0
2025-08-25,P002,store,73,291.79,0,0,0
2025-09-01,P002,store,121,291.79,0,0,0
2025-09-08,P002,store,101,291.79,0,0,0
2025-09-15,P002,store,82,291.79,0,0,0
2025-09-22,P002,store,92,291.79,0,0,0
2025-09-29,P002,store,135,291.79,0,0,0
2025-10-06,P002,store,80,291.79,0,0,0
2025-10-13,P002,store,109,291.79,0,0,0
2025-10-20,P002,store,101,291.79,0,0,0
2025-10-27,P002,store,110,291.79,0,0,0
2025-11-03,P002,store,110,291.79,0,0,0
2025-11-10,P002,store,177,291.79,0,0,0
2025-11-17,P002,store,174,291.79,0,0,0
2025-11-24,P002,store,119,291.79,0,0,0
2025-12-01,P002,store,130,291.79,0,0,0
2025-12-08,P002,store,163,291.79,0,0,0
2025-12-15,P002,store,135,291.79,0,0,0
2025-12-22,P002,store,191,291.79,0,0,0
2023-01-02,P002,online,88,291.79,0,0,0
2023-01-09,P002,online,108,291.79,0,0,0
2023-01-16,P002,online,89,291.79,0,0,0
2023-01-23,P002,online,79,291.79,0,0,0
2023-01-30,P002,online,157,291.79,0,0,0
2023-02-06,P002,online,78,291.79,0,0,0
2023-02-13,P002,online,135,291.79,0,0,0
2023-02-20,P002,online,99,291.79,0,0,0
2023-02-27,P002,online,150,291.79,0,0,0
2023-03-06,P002,online,91,291.79,0,0,0
2023-03-13,P002,online,134,291.79,0,0,0
2023-03-20,P002,online,327,233.43,20,1,0
2023-03-27,P002,online,111,291.79,0,0,0
2023-04-03,P002,online,101,291.79,0,0,0
2023-04-10,P002,online,78,291.79,0,0,0
2023-04-17,P002,online,240,233.43,20,1,0
2023-04-24,P002,online,77,291.79,0,0,0
2023-05-01,P002,online,129,291.79,0,0,0
2023-05-08,P002,online,218,248.02,15,1,0
2023-05-15,P002,online,90,291.79,0,0,0
2023-05-22,P002,online,121,291.79,0,0,0
2023-05-29,P002,online,127,291.79,0,0,0
2023-06-05,P002,online,105,291.79,0,0,0
2023-06-12,P002,online,126,291.79,0,0,0
2023-06-19,P002,online,168,248.02,15,1,0
2023-06-26,P002,online,93,291.79,0,0,0
2023-07-03,P002,online,88,291.79,0,0,0
2023-07-10,P002,online,180,248.02,15,1,0
2023-07-17,P002,online,65,291.79,0,0,0
2023-07-24,P002,online,99,291.79,0,0,0
2023-07-31,P002,online,336,218.84,25,1,0
2023-08-07,P002,online,83,291.79,0,0,0
2023-08-14,P002,online,100,291.79,0,0,0
2023-08-21,P002,online,68,291.79,0,0,0
2023-08-28,P002,online,404,204.25,30,1,0
2023-09-04,P002,online,78,291.79,0,0,0
2023-09-11,P002,online,106,291.79,0,0,0
2023-09-18,P002,online,102,291.79,0,0,0
2023-09-25,P002,online,92,291.79,0,0,0
2023-10-02,P002,online,93,291.79,0,0,0
2023-10-09,P002,online,108,291.79,0,0,0
2023-10-16,P002,online,87,291.79,0,0,0
2023-10-23,P002,online,100,291.79,0,0,0
2023-10-30,P002,online,133,291.79,0,0,0
2023-11-06,P002,online,101,291.79,0,0,0
2023-11-13,P002,online,124,291.79,0,0,0
2023-11-20,P002,online,255,291.79,0,0,0
2023-11-27,P002,online,227,291.79,0,0,0
2023-12-04,P002,online,216,291.79,0,0,0
2023-12-11,P002,online,152,291.79,0,0,0
2023-12-18,P002,online,223,291.79,0,0,0
2023-12-25,P002,online,342,233.43,20,1,0
2024-01-01,P002,online,75,291.79,0,0,0
2024-01-08,P002,online,91,291.79,0,0,0
2024-01-15,P002,online,104,291.79,0,0,0
2024-01-22,P002,online,145,248.02,15,1,0
2024-01-29,P002,online,71,291.79,0,0,0
2024-02-05,P002,online,105,291.79,0,0,0
2024-02-12,P002,online,111,291.79,0,0,0
2024-02-19,P002,online,142,291.79,0,0,0
2024-02-26,P002,online,94,291.79,0,0,0
2024-03-04,P002,online,101,291.79,0,0,0
2024-03-11,P002,online,99,291.79,0,0,0
2024-03-18,P002,online,153,291.79,0,0,0
2024-03-25,P002,online,128,291.79,0,0,0
2024-04-01,P002,online,142,291.79,0,0,0
2024-04-08,P002,online,143,291.79,0,0,0
2024-04-15,P002,online,63,291.79,0,0,0
2024-04-22,P002,online,134,262.61,10,1,0
2024-04-29,P002,online,92,291.79,0,0,0
2024-05-06,P002,online,99,291.79,0,0,0
2024-05-13,P002,online,97,291.79,0,0,0
2024-05-20,P002,online,127,291.79,0,0,0
2024-05-27,P002,online,83,291.79,0,0,0
2024-06-03,P002,online,87,291.79,0,0,0
2024-06-10,P002,online,123,291.79,0,0,0
2024-06-17,P002,online,364,218.84,25,1,0
2024-06-24,P002,online,116,291.79,0,0,0
2024-07-01,P002,online,139,291.79,0,0,0
2024-07-08,P002,online,134,291.79,0,0,0
2024-07-15,P002,online,121,291.79,0,0,0
2024-07-22,P002,online,119,291.79,0,0,0
2024-07-29,P002,online,147,291.79,0,0,0
2024-08-05,P002,online,95,291.79,0,0,0
2024-08-12,P002,online,137,291.79,0,0,0
2024-08-19,P002,online,99,291.79,0,0,0
2024-08-26,P002,online,149,291.79,0,0,0
2024-09-02,P002,online,92,291.79,0,0,0
2024-09-09,P002,online,116,291.79,0,0,0
2024-09-16,P002,online,87,291.79,0,0,0
2024-09-23,P002,online,147,248.02,15,1,0
2024-09-30,P002,online,109,291.79,0,0,0
2024-10-07,P002,online,146,262.61,10,1,0
2024-10-14,P002,online,108,291.79,0,0,0
2024-10-21,P002,online,109,291.79,0,0,0
2024-10-28,P002,online,206,248.02,15,1,0
2024-11-04,P002,online,106,291.79,0,0,0
2024-11-11,P002,online,185,291.79,0,0,0
2024-11-18,P002,online,331,291.79,0,0,0
2024-11-25,P002,online,147,291.79,0,0,0
2024-12-02,P002,online,307,262.61,10,1,0
2024-12-09,P002,online,138,291.79,0,0,0
2024-12-16,P002,online,189,291.79,0,0,0
2024-12-23,P002,online,698,204.25,30,1,0
2024-12-30,P002,online,61,291.79,0,0,0
2025-01-06,P002,online,126,291.79,0,0,0
2025-01-13,P002,online,246,233.43,20,1,0
2025-01-20,P002,online,76,291.79,0,0,0
2025-01-27,P002,online,127,291.79,0,0,0
2025-02-03,P002,online,144,291.79,0,0,0
2025-02-10,P002,online,97,291.79,0,0,0
2025-02-17,P002,online,333,218.84,25,1,0
2025-02-24,P002,online,103,291.79,0,0,0
2025-03-03,P002,online,130,291.79,0,0,0
2025-03-10,P002,online,130,291.79,0,0,0
2025-03-17,P002,online,114,291.79,0,0,0
2025-03-24,P002,online,153,291.79,0,0,0
2025-03-31,P002,online,104,291.79,0,0,0
2025-04-07,P002,online,94,291.79,0,0,0
2025-04-14,P002,online,341,233.43,20,1,0
2025-04-21,P002,online,123,291.79,0,0,0
2025-04-28,P002,online,336,204.25,30,1,0
2025-05-05,P002,online,65,291.79,0,0,0
2025-05-12,P002,online,137,291.79,0,0,0
2025-05-19,P002,online,121,291.79,0,0,0
2025-05-26,P002,online,100,291.79,0,0,0
2025-06-02,P002,online,207,262.61,10,1,0
2025-06-09,P002,online,110,291.79,0,0,0
2025-06-16,P002,online,97,291.79,0,0,0
2025-06-23,P002,online,158,291.79,0,0,0
2025-06-30,P002,online,142,291.79,0,0,0
2025-07-07,P002,online,149,291.79,0,0,0
2025-07-14,P002,online,108,291.79,0,0,0
2025-07-21,P002,online,127,291.79,0,0,0
2025-07-28,P002,online,121,291.79,0,0,0
2025-08-04,P002,online,119,291.79,0,0,0
2025-08-11,P002,online,96,291.79,0,0,0
2025-08-18,P002,online,114,291.79,0,0,0
2025-08-25,P002,online,126,291.79,0,0,0
2025-09-01,P002,online,135,291.79,0,0,0
2025-09-08,P002,online,124,291.79,0,0,0
2025-09-15,P002,online,220,262.61,10,1,0
2025-09-22,P002,online,118,291.79,0,0,0
2025-09-29,P002,online,146,291.79,0,0,0
2025-10-06,P002,online,154,291.79,0,0,0
2025-10-13,P002,online,260,233.43,20,1,0
2025-10-20,P002,online,89,291.79,0,0,0
2025-10-27,P002,online,182,262.61,10,1,0
2025-11-03,P002,online,113,291.79,0,0,0
2025-11-10,P002,online,138,291.79,0,0,0
2025-11-17,P002,online,397,291.79,0,0,0
2025-11-24,P002,online,221,291.79,0,0,0
2025-12-01,P002,online,216,291.79,0,0,0
2025-12-08,P002,online,198,291.79,0,0,0
2025-12-15,P002,online,167,291.79,0,0,0
2025-12-22,P002,online,183,291.79,0,0,0
2023-01-02,P003,store,7,260.81,0,0,0
2023-01-09,P003,store,12,260.81,0,0,0
2023-01-16,P003,store,9,260.81,0,0,0
2023-01-23,P003,store,3,221.69,15,1,0
2023-01-30,P003,store,2,260.81,0,0,0
2023-02-06,P003,store,14,182.57,30,1,0
2023-02-13,P003,store,14,260.81,0,0,0
2023-02-20,P003,store,2,260.81,0,0,0
2023-02-27,P003,store,6,260.81,0,0,0
2023-03-06,P003,store,9,260.81,0,0,0
2023-03-13,P003,store,6,260.81,0,0,0
2023-03-20,P003,store,16,260.81,0,0,0
2023-03-27,P003,store,17,260.81,0,0,0
2023-04-03,P003,store,1,260.81,0,0,0
2023-04-10,P003,store,1,260.81,0,0,0
2023-04-17,P003,store,29,234.73,10,1,0
2023-04-24,P003,store,3,260.81,0,0,0
2023-05-01,P003,store,30,260.81,0,0,0
2023-05-08,P003,store,2,260.81,0,0,0
2023-05-15,P003,store,10,260.81,0,0,0
2023-05-22,P003,store,53,182.57,30,1,0
2023-05-29,P003,store,14,260.81,0,0,0
2023-06-05,P003,store,86,208.65,20,1,0
2023-06-12,P003,store,94,260.81,0,0,0
2023-06-19,P003,store,3,260.81,0,0,0
2023-06-26,P003,store,95,260.81,0,0,0
2023-07-03,P003,store,3,260.81,0,0,0
2023-07-10,P003,store,5,260.81,0,0,0
2023-07-17,P003,store,9,260.81,0,0,0
2023-07-24,P003,store,10,260.81,0,0,0
2023-07-31,P003,store,10,260.81,0,0,0
2023-08-07,P003,store,7,260.81,0,0,0
2023-08-14,P003,store,10,260.81,0,0,0
2023-08-21,P003,store,0,260.81,0,0,0
2023-08-28,P003,store,33,195.61,25,1,0
2023-09-04,P003,store,3,260.81,0,0,0
2023-09-11,P003,store,13,260.81,0,0,0
2023-09-18,P003,store,3,260.81,0,0,0
2023-09-25,P003,store,3,260.81,0,0,0
2023-10-02,P003,store,85,260.81,0,0,0
2023-10-09,P003,store,45,260.81,0,0,0
2023-10-16,P003,store,9,260.81,0,0,0
2023-10-23,P003,store,4,260.81,0,0,0
2023-10-30,P003,store,4,260.81,0,0,0
2023-11-06,P003,store,38,260.81,0,0,0
2023-11-13,P003,store,43,260.81,0,0,0
2023-11-20,P003,store,17,260.81,0,0,0
2023-11-27,P003,store,30,260.81,0,0,0
2023-12-04,P003,store,6,260.81,0,0,0
2023-12-11,P003,store,10,260.81,0,0,0
2023-12-18,P003,store,15,260.81,0,0,0
2023-12-25,P003,store,28,260.81,0,0,0
2024-01-01,P003,store,4,260.81,0,0,0
2024-01-08,P003,store,10,195.61,25,1,0
2024-01-15,P003,store,15,260.81,0,0,0
2024-01-22,P003,store,0,260.81,0,0,0
2024-01-29,P003,store,9,260.81,0,0,0
2024-02-05,P003,store,22,260.81,0,0,0
2024-02-12,P003,store,12,260.81,0,0,0
2024-02-19,P003,store,6,260.81,0,0,0
2024-02-26,P003,store,34,260.81,0,0,0
2024-03-04,P003,store,12,260.81,0,0,0
2024-03-11,P003,store,3,260.81,0,0,0
2024-03-18,P003,store,12,260.81,0,0,0
2024-03-25,P003,store,4,260.81,0,0,0
2024-04-01,P003,store,20,260.81,0,0,0
2024-04-08,P003,store,10,208.65,20,1,0
2024-04-15,P003,store,3,260.81,0,0,0
2024-04-22,P003,store,22,195.61,25,1,0
2024-04-29,P003,store,4,260.81,0,0,0
2024-05-06,P003,store,30,260.81,0,0,0
2024-05-13,P003,store,4,260.81,0,0,0
2024-05-20,P003,store,20,260.81,0,0,0
2024-05-27,P003,store,49,260.81,0,0,0
2024-06-03,P003,store,8,221.69,15,1,0
2024-06-10,P003,store,8,260.81,0,0,0
2024-06-17,P003,store,39,260.81,0,0,0
2024-06-24,P003,store,96,260.81,0,0,0
2024-07-01,P003,store,1,260.81,0,0,0
2024-07-08,P003,store,33,260.81,0,0,0
2024-07-15,P003,store,3,260.81,0,0,0
2024-07-22,P003,store,7,260.81,0,0,0
2024-07-29,P003,store,7,260.81,0,0,0
2024-08-05,P003,store,17,260.81,0,0,0
2024-08-12,P003,store,52,260.81,0,0,0
2024-08-19,P003,store,34,260.81,0,0,0
2024-08-26,P003,store,4,260.81,0,0,0
2024-09-02,P003,store,9,260.81,0,0,0
2024-09-09,P003,store,2,260.81,0,0,0
2024-09-16,P003,store,23,260.81,0,0,0
2024-09-23,P003,store,17,260.81,0,0,0
2024-09-30,P003,store,33,260.81,0,0,0
2024-10-07,P003,store,22,260.81,0,0,0
2024-10-14,P003,store,13,260.81,0,0,0
2024-10-21,P003,store,3,260.81,0,0,0
2024-10-28,P003,store,31,260.81,0,0,0
2024-11-04,P003,store,4,260.81,0,0,0
2024-11-11,P003,store,36,260.81,0,0,0
2024-11-18,P003,store,6,260.81,0,0,0
2024-11-25,P003,store,29,260.81,0,0,0
2024-12-02,P003,store,0,260.81,0,0,0
2024-12-09,P003,store,32,260.81,0,0,0
2024-12-16,P003,store,7,260.81,0,0,0
2024-12-23,P003,store,21,260.81,0,0,0
2024-12-30,P003,store,13,260.81,0,0,0
2025-01-06,P003,store,5,260.81,0,0,0
2025-01-13,P003,store,9,260.81,0,0,0
2025-01-20,P003,store,7,260.81,0,0,0
2025-01-27,P003,store,3,260.81,0,0,0
2025-02-03,P003,store,9,208.65,20,1,0
2025-02-10,P003,store,22,260.81,0,0,0
2025-02-17,P003,store,10,260.81,0,0,0
2025-02-24,P003,store,0,260.81,0,0,0
2025-03-03,P003,store,37,234.73,10,1,0
2025-03-10,P003,store,3,260.81,0,0,0
2025-03-17,P003,store,23,260.81,0,0,0
2025-03-24,P003,store,39,182.57,30,1,0
2025-03-31,P003,store,1,260.81,0,0,0
2025-04-07,P003,store,42,260.81,0,0,0
2025-04-14,P003,store,1,260.81,0,0,0
2025-04-21,P003,store,3,260.81,0,0,0
2025-04-28,P003,store,3,260.81,0,0,0
2025-05-05,P003,store,14,260.81,0,0,0
2025-05-12,P003,store,10,260.81,0,0,0
2025-05-19,P003,store,5,260.81,0,0,0
2025-05-26,P003,store,1,234.73,10,1,0
2025-06-02,P003,store,19,260.81,0,0,0
2025-06-09,P003,store,61,260.81,0,0,0
2025-06-16,P003,store,23,260.81,0,0,0
2025-06-23,P003,store,33,260.81,0,0,0
2025-06-30,P003,store,0,260.81,0,0,0
2025-07-07,P003,store,33,260.81,0,0,0
2025-07-14,P003,store,19,260.81,0,0,0
2025-07-21,P003,store,19,260.81,0,0,0
2025-07-28,P003,store,8,260.81,0,0,0
2025-08-04,P003,store,17,260.81,0,0,0
2025-08-11,P003,store,17,260.81,0,0,0
2025-08-18,P003,store,0,260.81,0,0,0
2025-08-25,P003,store,19,260.81,0,0,0
2025-09-01,P003,store,21,260.81,0,0,0
2025-09-08,P003,store,22,221.69,15,1,0
2025-09-15,P003,store,20,260.81,0,0,0
2025-09-22,P003,store,12,260.81,0,0,0
2025-09-29,P003,store,17,260.81,0,0,0
2025-10-06,P003,store,10,260.81,0,0,0
2025-10-13,P003,store,16,260.81,0,0,0
2025-10-20,P003,store,2,260.81,0,0,0
2025-10-27,P003,store,30,195.61,25,1,0
2025-11-03,P003,store,10,260.81,0,0,0
2025-11-10,P003,store,35,260.81,0,0,0
2025-11-17,P003,store,74,182.57,30,1,0
2025-11-24,P003,store,27,260.81,0,0,0
2025-12-01,P003,store,14,260.81,0,0,0
2025-12-08,P003,store,12,260.81,0,0,0
2025-12-15,P003,store,35,260.81,0,0,0
2025-12-22,P003,store,4,260.81,0,0,0
2023-01-02,P003,online,18,260.81,0,0,0
2023-01-09,P003,online,4,260.81,0,0,0
2023-01-16,P003,online,17,260.81,0,0,0
2023-01-23,P003,online,4,260.81,0,0,0
2023-01-30,P003,online,13,234.73,10,1,0
2023-02-06,P003,online,39,260.81,0,0,0
2023-02-13,P003,online,15,260.81,0,0,0
2023-02-20,P003,online,20,260.81,0,0,0
2023-02-27,P003,online,10,260.81,0,0,0
2023-03-06,P003,online,8,260.81,0,0,0
2023-03-13,P003,online,15,260.81,0,0,0
2023-03-20,P003,online,14,260.81,0,0,0
2023-03-27,P003,online,4,260.81,0,0,0
2023-04-03,P003,online,3,260.81,0,0,0
2023-04-10,P003,online,3,260.81,0,0,0
2023-04-17,P003,online,24,260.81,0,0,0
2023-04-24,P003,online,5,260.81,0,0,0
2023-05-01,P003,online,6,260.81,0,0,0
2023-05-08,P003,online,10,260.81,0,0,0
2023-05-15,P003,online,4,195.61,25,1,0
2023-05-22,P003,online,13,260.81,0,0,0
2023-05-29,P003,online,15,260.81,0,0,0
2023-06-05,P003,online,2,260.81,0,0,0
2023-06-12,P003,online,35,182.57,30,1,0
2023-06-19,P003,online,15,260.81,0,0,0
2023-06-26,P003,online,3,260.81,0,0,0
2023-07-03,P003,online,4,260.81,0,0,0
2023-07-10,P003,online,0,260.81,0,0,0
2023-07-17,P003,online,3,260.81,0,0,0
2023-07-24,P003,online,0,260.81,0,0,0
2023-07-31,P003,online,6,260.81,0,0,0
2023-08-07,P003,online,2,260.81,0,0,0
2023-08-14,P003,online,4,260.81,0,0,0
2023-08-21,P003,online,18,260.81,0,0,0
2023-08-28,P003,online,5,260.81,0,0,0
2023-09-04,P003,online,4,260.81,0,0,0
2023-09-11,P003,online,8,260.81,0,0,0
2023-09-18,P003,online,7,260.81,0,0,0
2023-09-25,P003,online,4,195.61,25,1,0
2023-10-02,P003,online,2,260.81,0,0,0
2023-10-09,P003,online,7,260.81,0,0,0
2023-10-16,P003,online,13,260.81,0,0,0
2023-10-23,P003,online,21,260.81,0,0,0
2023-10-30,P003,online,4,260.81,0,0,0
2023-11-06,P003,online,0,260.81,0,0,0
2023-11-13,P003,online,24,260.81,0,0,0
2023-11-20,P003,online,6,260.81,0,0,0
2023-11-27,P003,online,4,260.81,0,0,0
2023-12-04,P003,online,8,208.65,20,1,0
2023-12-11,P003,online,1,260.81,0,0,0
2023-12-18,P003,online,5,260.81,0,0,0
2023-12-25,P003,online,9,260.81,0,0,0
2024-01-01,P003,online,3,260.81,0,0,0
2024-01-08,P003,online,21,260.81,0,0,0
2024-01-15,P003,online,7,260.81,0,0,0
2024-01-22,P003,online,8,260.81,0,0,0
2024-01-29,P003,online,1,260.81,0,0,0
2024-02-05,P003,online,11,208.65,20,1,0
2024-02-12,P003,online,4,260.81,0,0,0
2024-02-19,P003,online,0,260.81,0,0,0
2024-02-26,P003,online,28,234.73,10,1,0
2024-03-04,P003,online,0,260.81,0,0,0
2024-03-11,P003,online,3,260.81,0,0,0
2024-03-18,P003,online,10,260.81,0,0,0
2024-03-25,P003,online,11,260.81,0,0,0
2024-04-01,P003,online,6,260.81,0,0,0
2024-04-08,P003,online,15,260.81,0,0,0
2024-04-15,P003,online,2,234.73,10,1,0
2024-04-22,P003,online,3,260.81,0,0,0
2024-04-29,P003,online,6,260.81,0,0,0
2024-05-06,P003,online,12,260.81,0,0,0
2024-05-13,P003,online,13,260.81,0,0,0
2024-05-20,P003,online,14,260.81,0,0,0
2024-05-27,P003,online,0,260.81,0,0,0
2024-06-03,P003,online,20,260.81,0,0,0
2024-06-10,P003,online,3,260.81,0,0,0
2024-06-17,P003,online,19,221.69,15,1,0
2024-06-24,P003,online,3,260.81,0,0,0
2024-07-01,P003,online,11,260.81,0,0,0
2024-07-08,P003,online,12,260.81,0,0,0
2024-07-15,P003,online,2,260.81,0,0,0
2024-07-22,P003,online,14,260.81,0,0,0
2024-07-29,P003,online,10,260.81,0,0,0
2024-08-05,P003,online,3,260.81,0,0,0
2024-08-12,P003,online,13,260.81,0,0,0
2024-08-19,P003,online,4,260.81,0,0,0
2024-08-26,P003,online,2,260.81,0,0,0
2024-09-02,P003,online,11,260.81,0,0,0
2024-09-09,P003,online,8,260.81,0,0,0
2024-09-16,P003,online,12,182.57,30,1,0
2024-09-23,P003,online,1,260.81,0,0,0
2024-09-30,P003,online,5,208.65,20,1,0
2024-10-07,P003,online,12,260.81,0,0,0
2024-10-14,P003,online,7,260.81,0,0,0
2024-10-21,P003,online,1,260.81,0,0,0
2024-10-28,P003,online,3,260.81,0,0,0
2024-11-04,P003,online,1,260.81,0,0,0
2024-11-11,P003,online,33,260.81,0,0,0
2024-11-18,P003,online,10,195.61,25,1,0
2024-11-25,P003,online,11,260.81,0,0,0
2024-12-02,P003,online,17,260.81,0,0,0
2024-12-09,P003,online,8,260.81,0,0,0
2024-12-16,P003,online,2,260.81,0,0,0
2024-12-23,P003,online,8,260.81,0,0,0
2024-12-30,P003,online,2,260.81,0,0,0
2025-01-06,P003,online,7,260.81,0,0,0
2025-01-13,P003,online,9,260.81,0,0,0
2025-01-20,P003,online,1,260.81,0,0,0
2025-01-27,P003,online,2,260.81,0,0,0
2025-02-03,P003,online,4,260.81,0,0,0
2025-02-10,P003,online,4,260.81,0,0,0
2025-02-17,P003,online,9,260.81,0,0,0
2025-02-24,P003,online,9,182.57,30,1,0
2025-03-03,P003,online,2,260.81,0,0,0
2025-03-10,P003,online,14,260.81,0,0,0
2025-03-17,P003,online,2,260.81,0,0,0
2025-03-24,P003,online,1,260.81,0,0,0
2025-03-31,P003,online,1,260.81,0,0,0
2025-04-07,P003,online,0,260.81,0,0,0
2025-04-14,P003,online,6,260.81,0,0,0
2025-04-21,P003,online,15,260.81,0,0,0
2025-04-28,P003,online,12,260.81,0,0,0
2025-05-05,P003,online,0,260.81,0,0,0
2025-05-12,P003,online,32,260.81,0,0,0
2025-05-19,P003,online,2,260.81,0,0,0
2025-05-26,P003,online,16,260.81,0,0,0
2025-06-02,P003,online,8,260.81,0,0,0
2025-06-09,P003,online,31,195.61,25,1,0
2025-06-16,P003,online,3,260.81,0,0,0
2025-06-23,P003,online,19,260.81,0,0,0
2025-06-30,P003,online,32,182.57,30,1,0
2025-07-07,P003,online,7,260.81,0,0,0
2025-07-14,P003,online,5,260.81,0,0,0
2025-07-21,P003,online,4,260.81,0,0,0
2025-07-28,P003,online,6,260.81,0,0,0
2025-08-04,P003,online,7,260.81,0,0,0
2025-08-11,P003,online,12,260.81,0,0,0
2025-08-18,P003,online,6,260.81,0,0,0
2025-08-25,P003,online,2,260.81,0,0,0
2025-09-01,P003,online,4,260.81,0,0,0
2025-09-08,P003,online,5,260.81,0,0,0
2025-09-15,P003,online,9,260.81,0,0,0
2025-09-22,P003,online,7,234.73,10,1,0
2025-09-29,P003,online,12,260.81,0,0,0
2025-10-06,P003,online,41,260.81,0,0,0
2025-10-13,P003,online,2,260.81,0,0,0
2025-10-20,P003,online,9,260.81,0,0,0
2025-10-27,P003,online,14,260.81,0,0,0
2025-11-03,P003,online,2,260.81,0,0,0
2025-11-10,P003,online,14,260.81,0,0,0
2025-11-17,P003,online,34,234.73,10,1,0
2025-11-24,P003,online,5,260.81,0,0,0
2025-12-01,P003,online,22,260.81,0,0,0
2025-12-08,P003,online,3,260.81,0,0,0
2025-12-15,P003,online,4,260.81,0,0,0
2025-12-22,P003,online,21,260.81,0,0,0
2023-01-02,P004,store,23,135.38,0,0,0
2023-01-09,P004,store,22,135.38,0,0,0
2023-01-16,P004,store,3,135.38,0,0,0
2023-01-23,P004,store,30,135.38,0,0,0
2023-01-30,P004,store,14,135.38,0,0,0
2023-02-06,P004,store,32,135.38,0,0,0
2023-02-13,P004,store,24,135.38,0,0,0
2023-02-20,P004,store,7,135.38,0,0,0
2023-02-27,P004,store,6,135.38,0,0,0
2023-03-06,P004,store,16,135.38,0,0,0
2023-03-13,P004,store,32,135.38,0,0,0
2023-03-20,P004,store,35,135.38,0,0,0
2023-03-27,P004,store,10,135.38,0,0,0
2023-04-03,P004,store,12,135.38,0,0,0
2023-04-10,P004,store,28,135.38,0,0,0
2023-04-17,P004,store,55,135.38,0,0,0
2023-04-24,P004,store,4,121.84,10,1,0
2023-05-01,P004,store,19,135.38,0,0,0
2023-05-08,P004,store,60,135.38,0,0,0
2023-05-15,P004,store,3,135.38,0,0,0
2023-05-22,P004,store,61,135.38,0,0,0
2023-05-29,P004,store,26,135.38,0,0,0
2023-06-05,P004,store,54,135.38,0,0,0
2023-06-12,P004,store,20,135.38,0,0,0
2023-06-19,P004,store,30,135.38,0,0,0
2023-06-26,P004,store,16,135.38,0,0,0
2023-07-03,P004,store,23,135.38,0,0,0
2023-07-10,P004,store,46,135.38,0,0,0
2023-07-17,P004,store,37,135.38,0,0,0
2023-07-24,P004,store,52,135.38,0,0,0
2023-07-31,P004,store,12,135.38,0,0,0
2023-08-07,P004,store,23,135.38,0,0,0
2023-08-14,P004,store,15,135.38,0,0,0
2023-08-21,P004,store,2,135.38,0,0,0
2023-08-28,P004,store,7,135.38,0,0,0
2023-09-04,P004,store,9,135.38,0,0,0
2023-09-11,P004,store,25,135.38,0,0,0
2023-09-18,P004,store,4,135.38,0,0,0
2023-09-25,P004,store,32,135.38,0,0,0
2023-10-02,P004,store,38,135.38,0,0,0
2023-10-09,P004,store,16,135.38,0,0,0
2023-10-16,P004,store,17,135.38,0,0,0
2023-10-23,P004,store,10,135.38,0,0,0
2023-10-30,P004,store,10,135.38,0,0,0
2023-11-06,P004,store,32,135.38,0,0,0
2023-11-13,P004,store,142,108.3,20,1,0
2023-11-20,P004,store,40,135.38,0,0,0
2023-11-27,P004,store,14,135.38,0,0,0
2023-12-04,P004,store,81,121.84,10,1,0
2023-12-11,P004,store,3,135.38,0,0,0
2023-12-18,P004,store,60,135.38,0,0,0
2023-12-25,P004,store,42,135.38,0,0,0
2024-01-01,P004,store,5,135.38,0,0,0
2024-01-08,P004,store,12,94.77,30,1,0
2024-01-15,P004,store,7,135.38,0,0,0
2024-01-22,P004,store,2,135.38,0,0,0
2024-01-29,P004,store,8,135.38,0,0,0
2024-02-05,P004,store,23,135.38,0,0,0
2024-02-12,P004,store,8,135.38,0,0,0
2024-02-19,P004,store,26,135.38,0,0,0
2024-02-26,P004,store,36,135.38,0,0,0
2024-03-04,P004,store,4,135.38,0,0,0
2024-03-11,P004,store,30,135.38,0,0,0
2024-03-18,P004,store,20,135.38,0,0,0
2024-03-25,P004,store,35,135.38,0,0,0
2024-04-01,P004,store,5,135.38,0,0,0
2024-04-08,P004,store,42,135.38,0,0,0
2024-04-15,P004,store,18,135.38,0,0,0
2024-04-22,P004,store,31,135.38,0,0,0
2024-04-29,P004,store,2,135.38,0,0,0
2024-05-06,P004,store,11,135.38,0,0,0
2024-05-13,P004,store,52,135.38,0,0,0
2024-05-20,P004,store,24,135.38,0,0,0
2024-05-27,P004,store,18,101.54,25,1,0
2024-06-03,P004,store,1,135.38,0,0,0
2024-06-10,P004,store,51,135.38,0,0,0
2024-06-17,P004,store,0,135.38,0,0,0
2024-06-24,P004,store,14,135.38,0,0,0
2024-07-01,P004,store,18,135.38,0,0,0
2024-07-08,P004,store,28,135.38,0,0,0
2024-07-15,P004,store,19,135.38,0,0,0
2024-07-22,P004,store,28,135.38,0,0,0
2024-07-29,P004,store,18,135.38,0,0,0
2024-08-05,P004,store,16,135.38,0,0,0
2024-08-12,P004,store,10,135.38,0,0,0
2024-08-19,P004,store,17,135.38,0,0,0
2024-08-26,P004,store,14,135.38,0,0,0
2024-09-02,P004,store,21,135.38,0,0,0
2024-09-09,P004,store,19,135.38,0,0,0
2024-09-16,P004,store,8,135.38,0,0,0
2024-09-23,P004,store,2,135.38,0,0,0
2024-09-30,P004,store,2,135.38,0,0,0
2024-10-07,P004,store,106,94.77,30,1,0
2024-10-14,P004,store,16,135.38,0,0,0
2024-10-21,P004,store,7,94.77,30,1,0
2024-10-28,P004,store,15,135.38,0,0,0
2024-11-04,P004,store,18,135.38,0,0,0
2024-11-11,P004,store,50,135.38,0,0,0
2024-11-18,P004,store,69,135.38,0,0,0
2024-11-25,P004,store,3,135.38,0,0,0
2024-12-02,P004,store,11,135.38,0,0,0
2024-12-09,P004,store,11,135.38,0,0,0
2024-12-16,P004,store,96,135.38,0,0,0
2024-12-23,P004,store,31,135.38,0,0,0
2024-12-30,P004,store,1,135.38,0,0,0
2025-01-06,P004,store,4,135.38,0,0,0
2025-01-13,P004,store,2,135.38,0,0,0
2025-01-20,P004,store,8,135.38,0,0,0
2025-01-27,P004,store,27,135.38,0,0,0
2025-02-03,P004,store,8,135.38,0,0,0
2025-02-10,P004,store,27,135.38,0,0,0
2025-02-17,P004,store,5,135.38,0,0,0
2025-02-24,P004,store,11,135.38,0,0,0
2025-03-03,P004,store,21,115.07,15,1,0
2025-03-10,P004,store,3,135.38,0,0,0
2025-03-17,P004,store,8,135.38,0,0,0
2025-03-24,P004,store,24,135.38,0,0,0
2025-03-31,P004,store,12,135.38,0,0,0
2025-04-07,P004,store,50,108.3,20,1,0
2025-04-14,P004,store,8,135.38,0,0,0
2025-04-21,P004,store,39,135.38,0,0,0
2025-04-28,P004,store,5,135.38,0,0,0
2025-05-05,P004,store,21,135.38,0,0,0
2025-05-12,P004,store,14,135.38,0,0,0
2025-05-19,P004,store,95,135.38,0,0,0
2025-05-26,P004,store,3,135.38,0,0,0
2025-06-02,P004,store,24,135.38,0,0,0
2025-06-09,P004,store,3,135.38,0,0,0
2025-06-16,P004,store,19,135.38,0,0,0
2025-06-23,P004,store,87,135.38,0,0,0
2025-06-30,P004,store,22,135.38,0,0,0
2025-07-07,P004,store,27,135.38,0,0,0
2025-07-14,P004,store,103,135.38,0,0,0
2025-07-21,P004,store,9,135.38,0,0,0
2025-07-28,P004,store,22,101.54,25,1,0
2025-08-04,P004,store,23,135.38,0,0,0
2025-08-11,P004,store,21,135.38,0,0,0
2025-08-18,P004,store,25,135.38,0,0,0
2025-08-25,P004,store,37,135.38,0,0,0
2025-09-01,P004,store,17,135.38,0,0,0
2025-09-08,P004,store,15,135.38,0,0,0
2025-09-15,P004,store,0,135.38,0,0,0
2025-09-22,P004,store,25,135.38,0,0,0
2025-09-29,P004,store,13,135.38,0,0,0
2025-10-06,P004,store,3,135.38,0,0,0
2025-10-13,P004,store,9,135.38,0,0,0
2025-10-20,P004,store,26,135.38,0,0,0
2025-10-27,P004,store,10,135.38,0,0,0
2025-11-03,P004,store,73,135.38,0,0,0
2025-11-10,P004,store,15,108.3,20,1,0
2025-11-17,P004,store,14,135.38,0,0,0
2025-11-24,P004,store,33,135.38,0,0,0
2025-12-01,P004,store,80,135.38,0,0,0
2025-12-08,P004,store,42,135.38,0,0,0
2025-12-15,P004,store,2,135.38,0,0,0
2025-12-22,P004,store,52,121.84,10,1,0
2023-01-02,P004,online,2,135.38,0,0,0
2023-01-09,P004,online,6,135.38,0,0,0
2023-01-16,P004,online,5,135.38,0,0,0
2023-01-23,P004,online,55,135.38,0,0,0
2023-01-30,P004,online,42,135.38,0,0,0
2023-02-06,P004,online,21,135.38,0,0,0
2023-02-13,P004,online,1,135.38,0,0,0
2023-02-20,P004,online,1,135.38,0,0,0
2023-02-27,P004,online,21,135.38,0,0,0
2023-03-06,P004,online,14,135.38,0,0,0
2023-03-13,P004,online,47,135.38,0,0,0
2023-03-20,P004,online,11,135.38,0,0,0
2023-03-27,P004,online,3,135.38,0,0,0
2023-04-03,P004,online,25,135.38,0,0,0
2023-04-10,P004,online,12,135.38,0,0,0
2023-04-17,P004,online,112,135.38,0,0,0
2023-04-24,P004,online,2,135.38,0,0,0
2023-05-01,P004,online,13,135.38,0,0,0
2023-05-08,P004,online,15,135.38,0,0,0
2023-05-15,P004,online,33,135.38,0,0,0
2023-05-22,P004,online,32,135.38,0,0,0
2023-05-29,P004,online,8,135.38,0,0,0
2023-06-05,P004,online,37,135.38,0,0,0
2023-06-12,P004,online,12,101.54,25,1,0
2023-06-19,P004,online,3,135.38,0,0,0
2023-06-26,P004,online,20,135.38,0,0,0
2023-07-03,P004,online,26,135.38,0,0,0
2023-07-10,P004,online,5,135.38,0,0,0
2023-07-17,P004,online,18,135.38,0,0,0
2023-07-24,P004,online,1,121.84,10,1,0
2023-07-31,P004,online,16,135.38,0,0,0
2023-08-07,P004,online,16,135.38,0,0,0
2023-08-14,P004,online,60,135.38,0,0,0
2023-08-21,P004,online,19,135.38,0,0,0
2023-08-28,P004,online,51,135.38,0,0,0
2023-09-04,P004,online,86,135.38,0,0,0
2023-09-11,P004,online,7,135.38,0,0,0
2023-09-18,P004,online,42,135.38,0,0,0
2023-09-25,P004,online,25,135.38,0,0,0
2023-10-02,P004,online,27,121.84,10,1,0
2023-10-09,P004,online,26,135.38,0,0,0
2023-10-16,P004,online,2,135.38,0,0,0
2023-10-23,P004,online,104,94.77,30,1,0
2023-10-30,P004,online,11,135.38,0,0,0
2023-11-06,P004,online,11,135.38,0,0,0
2023-11-13,P004,online,12,135.38,0,0,0
2023-11-20,P004,online,45,135.38,0,0,0
2023-11-27,P004,online,42,135.38,0,0,0
2023-12-04,P004,online,51,135.38,0,0,0
2023-12-11,P004,online,7,135.38,0,0,0
2023-12-18,P004,online,37,135.38,0,0,0
2023-12-25,P004,online,14,135.38,0,0,0
2024-01-01,P004,online,0,135.38,0,0,0
2024-01-08,P004,online,46,135.38,0,0,0
2024-01-15,P004,online,4,135.38,0,0,0
2024-01-22,P004,online,15,135.38,0,0,0
2024-01-29,P004,online,34,135.38,0,0,0
2024-02-05,P004,online,2,135.38,0,0,0
2024-02-12,P004,online,51,135.38,0,0,0
2024-02-19,P004,online,7,135.38,0,0,0
2024-02-26,P004,online,17,135.38,0,0,0
2024-03-04,P004,online,9,135.38,0,0,0
2024-03-11,P004,online,156,121.84,10,1,0
2024-03-18,P004,online,24,135.38,0,0,0
2024-03-25,P004,online,9,135.38,0,0,0
2024-04-01,P004,online,62,135.38,0,0,0
2024-04-08,P004,online,43,135.38,0,0,0
2024-04-15,P004,online,1,135.38,0,0,0
2024-04-22,P004,online,16,135.38,0,0,0
2024-04-29,P004,online,21,135.38,0,0,0
2024-05-06,P004,online,30,135.38,0,0,0
2024-05-13,P004,online,5,135.38,0,0,0
2024-05-20,P004,online,34,135.38,0,0,0
2024-05-27,P004,online,22,135.38,0,0,0
2024-06-03,P004,online,2,135.38,0,0,0
2024-06-10,P004,online,16,135.38,0,0,0
2024-06-17,P004,online,11,135.38,0,0,0
2024-06-24,P004,online,34,135.38,0,0,0
2024-07-01,P004,online,22,135.38,0,0,0
2024-07-08,P004,online,0,135.38,0,0,0
2024-07-15,P004,online,19,135.38,0,0,0
2024-07-22,P004,online,24,135.38,0,0,0
2024-07-29,P004,online,0,135.38,0,0,0
2024-08-05,P004,online,51,135.38,0,0,0
2024-08-12,P004,online,11,135.38,0,0,0
2024-08-19,P004,online,1,135.38,0,0,0
2024-08-26,P004,online,4,135.38,0,0,0
2024-09-02,P004,online,25,135.38,0,0,0
2024-09-09,P004,online,17,135.38,0,0,0
2024-09-16,P004,online,0,135.38,0,0,0
2024-09-23,P004,online,5,135.38,0,0,0
2024-09-30,P004,online,8,94.77,30,1,0
2024-10-07,P004,online,3,135.38,0,0,0
2024-10-14,P004,online,16,135.38,0,0,0
2024-10-21,P004,online,15,135.38,0,0,0
2024-10-28,P004,online,12,135.38,0,0,0
2024-11-04,P004,online,65,135.38,0,0,0
2024-11-11,P004,online,15,135.38,0,0,0
2024-11-18,P004,online,81,135.38,0,0,0
2024-11-25,P004,online,25,135.38,0,0,0
2024-12-02,P004,online,36,135.38,0,0,0
2024-12-09,P004,online,1,135.38,0,0,0
2024-12-16,P004,online,5,135.38,0,0,0
2024-12-23,P004,online,0,135.38,0,0,0
2024-12-30,P004,online,6,135.38,0,0,0
2025-01-06,P004,online,66,135.38,0,0,0
2025-01-13,P004,online,61,135.38,0,0,0
2025-01-20,P004,online,7,135.38,0,0,0
2025-01-27,P004,online,24,135.38,0,0,0
2025-02-03,P004,online,22,135.38,0,0,0
2025-02-10,P004,online,0,135.38,0,0,1
2025-02-17,P004,online,0,135.38,0,0,1
2025-02-24,P004,online,19,135.38,0,0,0
2025-03-03,P004,online,50,94.77,30,1,0
2025-03-10,P004,online,47,135.38,0,0,0
2025-03-17,P004,online,8,135.38,0,0,0
2025-03-24,P004,online,36,135.38,0,0,0
2025-03-31,P004,online,7,135.38,0,0,0
2025-04-07,P004,online,24,135.38,0,0,0
2025-04-14,P004,online,12,135.38,0,0,0
2025-04-21,P004,online,13,135.38,0,0,0
2025-04-28,P004,online,18,135.38,0,0,0
2025-05-05,P004,online,68,135.38,0,0,0
2025-05-12,P004,online,2,135.38,0,0,0
2025-05-19,P004,online,17,135.38,0,0,0
2025-05-26,P004,online,9,135.38,0,0,0
2025-06-02,P004,online,2,135.38,0,0,0
2025-06-09,P004,online,6,135.38,0,0,0
2025-06-16,P004,online,9,135.38,0,0,0
2025-06-23,P004,online,40,135.38,0,0,0
2025-06-30,P004,online,69,135.38,0,0,0
2025-07-07,P004,online,186,101.54,25,1,0
2025-07-14,P004,online,3,135.38,0,0,0
2025-07-21,P004,online,10,135.38,0,0,0
2025-07-28,P004,online,3,135.38,0,0,0
2025-08-04,P004,online,11,135.38,0,0,0
2025-08-11,P004,online,36,135.38,0,0,0
2025-08-18,P004,online,3,135.38,0,0,0
2025-08-25,P004,online,20,135.38,0,0,0
2025-09-01,P004,online,6,135.38,0,0,0
2025-09-08,P004,online,89,135.38,0,0,0
2025-09-15,P004,online,60,135.38,0,0,0
2025-09-22,P004,online,131,135.38,0,0,0
2025-09-29,P004,online,9,135.38,0,0,0
2025-10-06,P004,online,33,135.38,0,0,0
2025-10-13,P004,online,34,135.38,0,0,0
2025-10-20,P004,online,6,135.38,0,0,0
2025-10-27,P004,online,46,108.3,20,1,0
2025-11-03,P004,online,64,135.38,0,0,0
2025-11-10,P004,online,12,135.38,0,0,0
2025-11-17,P004,online,60,135.38,0,0,0
2025-11-24,P004,online,25,135.38,0,0,0
2025-12-01,P004,online,3,135.38,0,0,0
2025-12-08,P004,online,81,135.38,0,0,0
2025-12-15,P004,online,24,135.38,0,0,0
2025-12-22,P004,online,18,135.38,0,0,0
2023-01-02,P005,store,10,268.73,0,0,0
2023-01-09,P005,store,10,268.73,0,0,0
2023-01-16,P005,store,10,268.73,0,0,0
2023-01-23,P005,store,9,268.73,0,0,0
2023-01-30,P005,store,20,201.55,25,1,0
2023-02-06,P005,store,22,268.73,0,0,0
2023-02-13,P005,store,9,268.73,0,0,0
2023-02-20,P005,store,4,268.73,0,0,0
2023-02-27,P005,store,35,268.73,0,0,0
2023-03-06,P005,store,7,268.73,0,0,0
2023-03-13,P005,store,4,268.73,0,0,0
2023-03-20,P005,store,0,268.73,0,0,0
2023-03-27,P005,store,27,268.73,0,0,0
2023-04-03,P005,store,2,268.73,0,0,0
2023-04-10,P005,store,10,268.73,0,0,0
2023-04-17,P005,store,3,268.73,0,0,0
2023-04-24,P005,store,12,268.73,0,0,0
2023-05-01,P005,store,8,268.73,0,0,0
2023-05-08,P005,store,5,241.86,10,1,0
2023-05-15,P005,store,3,268.73,0,0,0
2023-05-22,P005,store,39,268.73,0,0,0
2023-05-29,P005,store,15,268.73,0,0,0
2023-06-05,P005,store,11,241.86,10,1,0
2023-06-12,P005,store,10,268.73,0,0,0
2023-06-19,P005,store,0,268.73,0,0,0
2023-06-26,P005,store,3,268.73,0,0,0
2023-07-03,P005,store,2,268.73,0,0,0
2023-07-10,P005,store,10,268.73,0,0,0
2023-07-17,P005,store,4,268.73,0,0,0
2023-07-24,P005,store,30,268.73,0,0,0
2023-07-31,P005,store,5,268.73,0,0,0
2023-08-07,P005,store,2,268.73,0,0,0
2023-08-14,P005,store,3,268.73,0,0,0
2023-08-21,P005,store,9,268.73,0,0,0
2023-08-28,P005,store,6,268.73,0,0,0
2023-09-04,P005,store,9,268.73,0,0,0
2023-09-11,P005,store,3,268.73,0,0,0
2023-09-18,P005,store,8,268.73,0,0,0
2023-09-25,P005,store,6,268.73,0,0,0
2023-10-02,P005,store,13,268.73,0,0,0
2023-10-09,P005,store,2,268.73,0,0,0
2023-10-16,P005,store,26,268.73,0,0,0
2023-10-23,P005,store,24,268.73,0,0,0
2023-10-30,P005,store,14,268.73,0,0,0
2023-11-06,P005,store,29,268.73,0,0,0
2023-11-13,P005,store,5,268.73,0,0,0
2023-11-20,P005,store,13,268.73,0,0,0
2023-11-27,P005,store,0,268.73,0,0,0
2023-12-04,P005,store,22,268.73,0,0,0
2023-12-11,P005,store,10,201.55,25,1,0
2023-12-18,P005,store,20,268.73,0,0,0
2023-12-25,P005,store,11,268.73,0,0,0
2024-01-01,P005,store,9,268.73,0,0,0
2024-01-08,P005,store,11,268.73,0,0,0
2024-01-15,P005,store,15,268.73,0,0,0
2024-01-22,P005,store,5,268.73,0,0,0
2024-01-29,P005,store,11,268.73,0,0,0
2024-02-05,P005,store,13,268.73,0,0,0
2024-02-12,P005,store,5,268.73,0,0,0
2024-02-19,P005,store,17,268.73,0,0,0
2024-02-26,P005,store,16,268.73,0,0,0
2024-03-04,P005,store,9,268.73,0,0,0
2024-03-11,P005,store,16,268.73,0,0,0
2024-03-18,P005,store,26,268.73,0,0,0
2024-03-25,P005,store,12,268.73,0,0,0
2024-04-01,P005,store,4,268.73,0,0,0
2024-04-08,P005,store,8,268.73,0,0,0
2024-04-15,P005,store,19,268.73,0,0,0
2024-04-22,P005,store,9,268.73,0,0,0
2024-04-29,P005,store,6,268.73,0,0,0
2024-05-06,P005,store,5,268.73,0,0,0
2024-05-13,P005,store,11,268.73,0,0,0
2024-05-20,P005,store,20,268.73,0,0,0
2024-05-27,P005,store,1,268.73,0,0,0
2024-06-03,P005,store,2,268.73,0,0,0
2024-06-10,P005,store,4,241.86,10,1,0
2024-06-17,P005,store,6,268.73,0,0,0
2024-06-24,P005,store,3,268.73,0,0,0
2024-07-01,P005,store,8,201.55,25,1,0
2024-07-08,P005,store,6,268.73,0,0,0
2024-07-15,P005,store,2,268.73,0,0,0
2024-07-22,P005,store,14,268.73,0,0,0
2024-07-29,P005,store,27,268.73,0,0,0
2024-08-05,P005,store,11,268.73,0,0,0
2024-08-12,P005,store,2,268.73,0,0,0
2024-08-19,P005,store,16,268.73,0,0,0
2024-08-26,P005,store,2,268.73,0,0,0
2024-09-02,P005,store,5,268.73,0,0,0
2024-09-09,P005,store,3,268.73,0,0,0
2024-09-16,P005,store,0,268.73,0,0,0
2024-09-23,P005,store,23,268.73,0,0,0
2024-09-30,P005,store,20,268.73,0,0,0
2024-10-07,P005,store,0,268.73,0,0,0
2024-10-14,P005,store,9,268.73,0,0,0
2024-10-21,P005,store,36,268.73,0,0,0
2024-10-28,P005,store,23,268.73,0,0,0
2024-11-04,P005,store,19,268.73,0,0,0
2024-11-11,P005,store,9,268.73,0,0,0
2024-11-18,P005,store,1,268.73,0,0,0
2024-11-25,P005,store,10,268.73,0,0,0
2024-12-02,P005,store,5,268.73,0,0,0
2024-12-09,P005,store,20,268.73,0,0,0
2024-12-16,P005,store,22,268.73,0,0,0
2024-12-23,P005,store,23,268.73,0,0,0
2024-12-30,P005,store,15,268.73,0,0,0
2025-01-06,P005,store,7,268.73,0,0,0
2025-01-13,P005,store,9,268.73,0,0,0
2025-01-20,P005,store,0,268.73,0,0,0
2025-01-27,P005,store,1,268.73,0,0,0
2025-02-03,P005,store,0,214.98,20,1,0
2025-02-10,P005,store,3,268.73,0,0,0
2025-02-17,P005,store,3,268.73,0,0,0
2025-02-24,P005,store,0,268.73,0,0,0
2025-03-03,P005,store,4,268.73,0,0,0
2025-03-10,P005,store,4,268.73,0,0,0
2025-03-17,P005,store,9,268.73,0,0,0
2025-03-24,P005,store,13,268.73,0,0,0
2025-03-31,P005,store,4,268.73,0,0,0
2025-04-07,P005,store,7,268.73,0,0,0
2025-04-14,P005,store,3,268.73,0,0,0
2025-04-21,P005,store,0,214.98,20,1,0
2025-04-28,P005,store,10,268.73,0,0,0
2025-05-05,P005,store,12,268.73,0,0,0
2025-05-12,P005,store,0,228.42,15,1,0
2025-05-19,P005,store,4,268.73,0,0,0
2025-05-26,P005,store,19,268.73,0,0,0
2025-06-02,P005,store,34,268.73,0,0,0
2025-06-09,P005,store,4,268.73,0,0,0
2025-06-16,P005,store,7,268.73,0,0,0
2025-06-23,P005,store,18,268.73,0,0,0
2025-06-30,P005,store,21,188.11,30,1,0
2025-07-07,P005,store,4,268.73,0,0,0
2025-07-14,P005,store,5,268.73,0,0,0
2025-07-21,P005,store,10,268.73,0,0,0
2025-07-28,P005,store,9,268.73,0,0,0
2025-08-04,P005,store,3,268.73,0,0,0
2025-08-11,P005,store,6,268.73,0,0,0
2025-08-18,P005,store,19,268.73,0,0,0
2025-08-25,P005,store,3,268.73,0,0,0
2025-09-01,P005,store,4,268.73,0,0,0
2025-09-08,P005,store,3,268.73,0,0,0
2025-09-15,P005,store,6,268.73,0,0,0
2025-09-22,P005,store,38,214.98,20,1,0
2025-09-29,P005,store,17,268.73,0,0,0
2025-10-06,P005,store,5,268.73,0,0,0
2025-10-13,P005,store,1,268.73,0,0,0
2025-10-20,P005,store,1,241.86,10,1,0
2025-10-27,P005,store,8,268.73,0,0,0
2025-11-03,P005,store,5,268.73,0,0,0
2025-11-10,P005,store,13,268.73,0,0,0
2025-11-17,P005,store,9,268.73,0,0,0
2025-11-24,P005,store,6,268.73,0,0,0
2025-12-01,P005,store,9,268.73,0,0,0
2025-12-08,P005,store,25,268.73,0,0,0
2025-12-15,P005,store,16,268.73,0,0,0
2025-12-22,P005,store,7,268.73,0,0,0
2023-01-02,P005,online,3,268.73,0,0,0
2023-01-09,P005,online,9,268.73,0,0,0
2023-01-16,P005,online,5,268.73,0,0,0
2023-01-23,P005,online,0,268.73,0,0,0
2023-01-30,P005,online,1,268.73,0,0,0
2023-02-06,P005,online,17,241.86,10,1,0
2023-02-13,P005,online,0,268.73,0,0,0
2023-02-20,P005,online,1,268.73,0,0,0
2023-02-27,P005,online,6,268.73,0,0,0
2023-03-06,P005,online,0,268.73,0,0,0
2023-03-13,P005,online,9,268.73,0,0,0
2023-03-20,P005,online,7,268.73,0,0,0
2023-03-27,P005,online,2,268.73,0,0,0
2023-04-03,P005,online,21,228.42,15,1,0
2023-04-10,P005,online,40,268.73,0,0,0
2023-04-17,P005,online,8,268.73,0,0,0
2023-04-24,P005,online,11,268.73,0,0,0
2023-05-01,P005,online,1,268.73,0,0,0
2023-05-08,P005,online,2,268.73,0,0,0
2023-05-15,P005,online,3,268.73,0,0,0
2023-05-22,P005,online,5,268.73,0,0,0
2023-05-29,P005,online,3,268.73,0,0,0
2023-06-05,P005,online,0,268.73,0,0,0
2023-06-12,P005,online,5,268.73,0,0,0
2023-06-19,P005,online,14,268.73,0,0,0
2023-06-26,P005,online,4,268.73,0,0,0
2023-07-03,P005,online,7,268.73,0,0,0
2023-07-10,P005,online,5,268.73,0,0,0
2023-07-17,P005,online,0,268.73,0,0,0
2023-07-24,P005,online,3,268.73,0,0,0
2023-07-31,P005,online,10,268.73,0,0,0
2023-08-07,P005,online,2,268.73,0,0,0
2023-08-14,P005,online,16,268.73,0,0,0
2023-08-21,P005,online,0,268.73,0,0,0
2023-08-28,P005,online,19,268.73,0,0,0
2023-09-04,P005,online,6,268.73,0,0,0
2023-09-11,P005,online,1,228.42,15,1,0
2023-09-18,P005,online,0,268.73,0,0,0
2023-09-25,P005,online,3,268.73,0,0,0
2023-10-02,P005,online,5,268.73,0,0,0
2023-10-09,P005,online,1,268.73,0,0,0
2023-10-16,P005,online,23,268.73,0,0,0
2023-10-23,P005,online,2,268.73,0,0,0
2023-10-30,P005,online,6,268.73,0,0,0
2023-11-06,P005,online,4,228.42,15,1,0
2023-11-13,P005,online,3,268.73,0,0,0
2023-11-20,P005,online,31,268.73,0,0,0
2023-11-27,P005,online,4,268.73,0,0,0
2023-12-04,P005,online,2,268.73,0,0,0
2023-12-11,P005,online,30,268.73,0,0,0
2023-12-18,P005,online,15,268.73,0,0,0
2023-12-25,P005,online,5,268.73,0,0,0
2024-01-01,P005,online,5,268.73,0,0,0
2024-01-08,P005,online,6,268.73,0,0,0
2024-01-15,P005,online,8,268.73,0,0,0
2024-01-22,P005,online,0,268.73,0,0,0
2024-01-29,P005,online,24,241.86,10,1,0
2024-02-05,P005,online,5,268.73,0,0,0
2024-02-12,P005,online,0,268.73,0,0,0
2024-02-19,P005,online,6,268.73,0,0,0
2024-02-26,P005,online,10,268.73,0,0,0
2024-03-04,P005,online,9,268.73,0,0,0
2024-03-11,P005,online,0,268.73,0,0,0
2024-03-18,P005,online,16,268.73,0,0,0
2024-03-25,P005,online,0,268.73,0,0,0
2024-04-01,P005,online,1,268.73,0,0,0
2024-04-08,P005,online,16,214.98,20,1,0
2024-04-15,P005,online,7,268.73,0,0,0
2024-04-22,P005,online,2,268.73,0,0,0
2024-04-29,P005,online,3,268.73,0,0,0
2024-05-06,P005,online,0,268.73,0,0,0
2024-05-13,P005,online,0,268.73,0,0,0
2024-05-20,P005,online,1,268.73,0,0,0
2024-05-27,P005,online,11,268.73,0,0,0
2024-06-03,P005,online,24,268.73,0,0,0
2024-06-10,P005,online,12,268.73,0,0,0
2024-06-17,P005,online,3,268.73,0,0,0
2024-06-24,P005,online,16,228.42,15,1,0
2024-07-01,P005,online,4,268.73,0,0,0
2024-07-08,P005,online,21,268.73,0,0,0
2024-07-15,P005,online,5,228.42,15,1,0
2024-07-22,P005,online,2,268.73,0,0,0
2024-07-29,P005,online,4,268.73,0,0,0
2024-08-05,P005,online,8,268.73,0,0,0
2024-08-12,P005,online,1,268.73,0,0,0
2024-08-19,P005,online,27,214.98,20,1,0
2024-08-26,P005,online,16,268.73,0,0,0
2024-09-02,P005,online,5,268.73,0,0,0
2024-09-09,P005,online,4,214.98,20,1,0
2024-09-16,P005,online,2,268.73,0,0,0
2024-09-23,P005,online,30,268.73,0,0,0
2024-09-30,P005,online,3,268.73,0,0,0
2024-10-07,P005,online,7,268.73,0,0,0
2024-10-14,P005,online,4,268.73,0,0,0
2024-10-21,P005,online,3,268.73,0,0,0
2024-10-28,P005,online,26,268.73,0,0,0
2024-11-04,P005,online,47,268.73,0,0,0
2024-11-11,P005,online,38,268.73,0,0,0
2024-11-18,P005,online,10,268.73,0,0,0
2024-11-25,P005,online,5,268.73,0,0,0
2024-12-02,P005,online,6,268.73,0,0,0
2024-12-09,P005,online,5,268.73,0,0,0
2024-12-16,P005,online,21,268.73,0,0,0
2024-12-23,P005,online,16,268.73,0,0,0
2024-12-30,P005,online,8,268.73,0,0,0
2025-01-06,P005,online,17,268.73,0,0,0
2025-01-13,P005,online,9,268.73,0,0,0
2025-01-20,P005,online,6,268.73,0,0,0
2025-01-27,P005,online,65,241.86,10,1,0
2025-02-03,P005,online,9,268.73,0,0,0
2025-02-10,P005,online,7,268.73,0,0,0
2025-02-17,P005,online,0,268.73,0,0,0
2025-02-24,P005,online,3,268.73,0,0,0
2025-03-03,P005,online,27,268.73,0,0,0
2025-03-10,P005,online,10,268.73,0,0,0
2025-03-17,P005,online,1,268.73,0,0,0
2025-03-24,P005,online,10,268.73,0,0,0
2025-03-31,P005,online,8,268.73,0,0,0
2025-04-07,P005,online,0,268.73,0,0,0
2025-04-14,P005,online,46,228.42,15,1,0
2025-04-21,P005,online,52,268.73,0,0,0
2025-04-28,P005,online,15,201.55,25,1,0
2025-05-05,P005,online,3,268.73,0,0,0
2025-05-12,P005,online,3,268.73,0,0,0
2025-05-19,P005,online,16,268.73,0,0,0
2025-05-26,P005,online,16,201.55,25,1,0
2025-06-02,P005,online,13,268.73,0,0,0
2025-06-09,P005,online,29,268.73,0,0,0
2025-06-16,P005,online,10,268.73,0,0,0
2025-06-23,P005,online,42,268.73,0,0,0
2025-06-30,P005,online,5,268.73,0,0,0
2025-07-07,P005,online,8,268.73,0,0,0
2025-07-14,P005,online,19,268.73,0,0,0
2025-07-21,P005,online,2,268.73,0,0,0
2025-07-28,P005,online,9,268.73,0,0,0
2025-08-04,P005,online,20,268.73,0,0,0
2025-08-11,P005,online,6,268.73,0,0,0
2025-08-18,P005,online,0,268.73,0,0,0
2025-08-25,P005,online,11,268.73,0,0,0
2025-09-01,P005,online,11,268.73,0,0,0
2025-09-08,P005,online,0,268.73,0,0,0
2025-09-15,P005,online,10,268.73,0,0,0
2025-09-22,P005,online,3,188.11,30,1,0
2025-09-29,P005,online,0,268.73,0,0,0
2025-10-06,P005,online,14,268.73,0,0,0
2025-10-13,P005,online,20,268.73,0,0,0
2025-10-20,P005,online,1,268.73,0,0,0
2025-10-27,P005,online,1,268.73,0,0,0
2025-11-03,P005,online,11,268.73,0,0,0
2025-11-10,P005,online,3,268.73,0,0,0
2025-11-17,P005,online,22,268.73,0,0,0
2025-11-24,P005,online,18,268.73,0,0,0
2025-12-01,P005,online,17,268.73,0,0,0
2025-12-08,P005,online,1,241.86,10,1,0
2025-12-15,P005,online,4,268.73,0,0,0
2025-12-22,P005,online,12,268.73,0,0,0
2023-01-02,P006,store,0,155.12,0,0,0
2023-01-09,P006,store,0,155.12,0,0,0
2023-01-16,P006,store,0,155.12,0,0,0
2023-01-23,P006,store,1,155.12,0,0,0
2023-01-30,P006,store,2,155.12,0,0,0
2023-02-06,P006,store,0,155.12,0,0,0
2023-02-13,P006,store,0,155.12,0,0,0
2023-02-20,P006,store,4,155.12,0,0,0
2023-02-27,P006,store,0,155.12,0,0,0
2023-03-06,P006,store,0,155.12,0,0,0
2023-03-13,P006,store,0,155.12,0,0,0
2023-03-20,P006,store,3,155.12,0,0,0
2023-03-27,P006,store,0,155.12,0,0,0
2023-04-03,P006,store,0,155.12,0,0,0
2023-04-10,P006,store,3,155.12,0,0,0
2023-04-17,P006,store,0,155.12,0,0,0
2023-04-24,P006,store,1,155.12,0,0,0
2023-05-01,P006,store,0,155.12,0,0,0
2023-05-08,P006,store,0,155.12,0,0,0
2023-05-15,P006,store,0,155.12,0,0,0
2023-05-22,P006,store,0,155.12,0,0,0
2023-05-29,P006,store,2,155.12,0,0,0
2023-06-05,P006,store,1,155.12,0,0,0
2023-06-12,P006,store,0,155.12,0,0,0
2023-06-19,P006,store,2,155.12,0,0,0
2023-06-26,P006,store,3,155.12,0,0,0
2023-07-03,P006,store,2,155.12,0,0,0
2023-07-10,P006,store,0,155.12,0,0,0
2023-07-17,P006,store,2,124.1,20,1,0
2023-07-24,P006,store,1,155.12,0,0,0
2023-07-31,P006,store,1,155.12,0,0,0
2023-08-07,P006,store,0,155.12,0,0,0
2023-08-14,P006,store,0,155.12,0,0,0
2023-08-21,P006,store,3,155.12,0,0,0
2023-08-28,P006,store,0,155.12,0,0,0
2023-09-04,P006,store,0,155.12,0,0,0
2023-09-11,P006,store,0,155.12,0,0,0
2023-09-18,P006,store,0,155.12,0,0,0
2023-09-25,P006,store,0,155.12,0,0,0
2023-10-02,P006,store,0,155.12,0,0,0
2023-10-09,P006,store,0,155.12,0,0,0
2023-10-16,P006,store,1,155.12,0,0,0
2023-10-23,P006,store,0,155.12,0,0,0
2023-10-30,P006,store,2,155.12,0,0,0
2023-11-06,P006,store,0,155.12,0,0,0
2023-11-13,P006,store,0,155.12,0,0,0
2023-11-20,P006,store,3,155.12,0,0,0
2023-11-27,P006,store,0,155.12,0,0,0
2023-12-04,P006,store,1,108.58,30,1,0
2023-12-11,P006,store,0,155.12,0,0,0
2023-12-18,P006,store,0,155.12,0,0,0
2023-12-25,P006,store,0,155.12,0,0,0
2024-01-01,P006,store,0,155.12,0,0,0
2024-01-08,P006,store,0,155.12,0,0,0
2024-01-15,P006,store,2,155.12,0,0,0
2024-01-22,P006,store,0,155.12,0,0,0
2024-01-29,P006,store,0,155.12,0,0,0
2024-02-05,P006,store,3,155.12,0,0,0
2024-02-12,P006,store,0,155.12,0,0,0
2024-02-19,P006,store,2,155.12,0,0,0
2024-02-26,P006,store,0,155.12,0,0,0
2024-03-04,P006,store,0,155.12,0,0,0
2024-03-11,P006,store,3,155.12,0,0,0
2024-03-18,P006,store,4,116.34,25,1,0
2024-03-25,P006,store,0,155.12,0,0,0
2024-04-01,P006,store,0,155.12,0,0,0
2024-04-08,P006,store,0,155.12,0,0,0
2024-04-15,P006,store,0,155.12,0,0,0
2024-04-22,P006,store,1,155.12,0,0,0
2024-04-29,P006,store,0,155.12,0,0,0
2024-05-06,P006,store,0,155.12,0,0,0
2024-05-13,P006,store,0,155.12,0,0,0
2024-05-20,P006,store,0,155.12,0,0,0
2024-05-27,P006,store,0,155.12,0,0,0
2024-06-03,P006,store,2,155.12,0,0,0
2024-06-10,P006,store,0,155.12,0,0,0
2024-06-17,P006,store,2,155.12,0,0,0
2024-06-24,P006,store,0,155.12,0,0,0
2024-07-01,P006,store,0,155.12,0,0,0
2024-07-08,P006,store,2,155.12,0,0,0
2024-07-15,P006,store,2,155.12,0,0,0
2024-07-22,P006,store,1,108.58,30,1,0
2024-07-29,P006,store,0,155.12,0,0,0
2024-08-05,P006,store,0,155.12,0,0,0
2024-08-12,P006,store,0,155.12,0,0,0
2024-08-19,P006,store,0,155.12,0,0,0
2024-08-26,P006,store,0,155.12,0,0,0
2024-09-02,P006,store,0,155.12,0,0,0
2024-09-09,P006,store,0,155.12,0,0,0
2024-09-16,P006,store,3,155.12,0,0,0
2024-09-23,P006,store,0,155.12,0,0,0
2024-09-30,P006,store,2,155.12,0,0,0
2024-10-07,P006,store,0,155.12,0,0,0
2024-10-14,P006,store,0,155.12,0,0,0
2024-10-21,P006,store,0,155.12,0,0,0
2024-10-28,P006,store,0,155.12,0,0,0
2024-11-04,P006,store,3,155.12,0,0,0
2024-11-11,P006,store,0,131.85,15,1,0
2024-11-18,P006,store,0,155.12,0,0,0
2024-11-25,P006,store,0,155.12,0,0,0
2024-12-02,P006,store,0,155.12,0,0,0
2024-12-09,P006,store,0,155.12,0,0,0
2024-12-16,P006,store,2,155.12,0,0,0
2024-12-23,P006,store,0,155.12,0,0,0
2024-12-30,P006,store,4,155.12,0,0,0
2025-01-06,P006,store,2,155.12,0,0,0
2025-01-13,P006,store,2,131.85,15,1,0
2025-01-20,P006,store,0,155.12,0,0,0
2025-01-27,P006,store,3,155.12,0,0,0
2025-02-03,P006,store,2,155.12,0,0,0
2025-02-10,P006,store,0,155.12,0,0,0
2025-02-17,P006,store,1,155.12,0,0,0
2025-02-24,P006,store,2,116.34,25,1,0
2025-03-03,P006,store,0,155.12,0,0,0
2025-03-10,P006,store,0,155.12,0,0,0
2025-03-17,P006,store,0,155.12,0,0,0
2025-03-24,P006,store,0,155.12,0,0,0
2025-03-31,P006,store,2,108.58,30,1,0
2025-04-07,P006,store,0,155.12,0,0,0
2025-04-14,P006,store,2,155.12,0,0,0
2025-04-21,P006,store,0,155.12,0,0,0
2025-04-28,P006,store,0,155.12,0,0,0
2025-05-05,P006,store,0,155.12,0,0,0
2025-05-12,P006,store,0,155.12,0,0,0
2025-05-19,P006,store,0,155.12,0,0,0
2025-05-26,P006,store,3,108.58,30,1,0
2025-06-02,P006,store,0,155.12,0,0,0
2025-06-09,P006,store,0,155.12,0,0,0
2025-06-16,P006,store,2,155.12,0,0,0
2025-06-23,P006,store,1,155.12,0,0,0
2025-06-30,P006,store,0,155.12,0,0,0
2025-07-07,P006,store,0,155.12,0,0,0
2025-07-14,P006,store,4,155.12,0,0,0
2025-07-21,P006,store,0,155.12,0,0,0
2025-07-28,P006,store,0,155.12,0,0,0
2025-08-04,P006,store,0,155.12,0,0,0
2025-08-11,P006,store,0,155.12,0,0,0
2025-08-18,P006,store,0,155.12,0,0,0
2025-08-25,P006,store,0,155.12,0,0,0
2025-09-01,P006,store,0,155.12,0,0,0
2025-09-08,P006,store,2,155.12,0,0,0
2025-09-15,P006,store,0,155.12,0,0,0
2025-09-22,P006,store,3,155.12,0,0,0
2025-09-29,P006,store,2,155.12,0,0,0
2025-10-06,P006,store,1,155.12,0,0,0
2025-10-13,P006,store,0,155.12,0,0,0
2025-10-20,P006,store,1,155.12,0,0,0
2025-10-27,P006,store,0,108.58,30,1,0
2025-11-03,P006,store,1,155.12,0,0,0
2025-11-10,P006,store,0,155.12,0,0,0
2025-11-17,P006,store,0,155.12,0,0,0
2025-11-24,P006,store,0,155.12,0,0,0
2025-12-01,P006,store,0,155.12,0,0,0
2025-12-08,P006,store,3,155.12,0,0,0
2025-12-15,P006,store,4,155.12,0,0,0
2025-12-22,P006,store,0,155.12,0,0,0
2023-01-02,P006,online,0,155.12,0,0,0
2023-01-09,P006,online,0,155.12,0,0,0
2023-01-16,P006,online,0,155.12,0,0,0
2023-01-23,P006,online,0,155.12,0,0,0
2023-01-30,P006,online,0,155.12,0,0,0
2023-02-06,P006,online,3,155.12,0,0,0
2023-02-13,P006,online,0,155.12,0,0,0
2023-02-20,P006,online,0,155.12,0,0,0
2023-02-27,P006,online,0,155.12,0,0,0
2023-03-06,P006,online,0,155.12,0,0,0
2023-03-13,P006,online,0,155.12,0,0,0
2023-03-20,P006,online,0,155.12,0,0,0
2023-03-27,P006,online,3,124.1,20,1,0
2023-04-03,P006,online,2,155.12,0,0,0
2023-04-10,P006,online,0,155.12,0,0,0
2023-04-17,P006,online,3,155.12,0,0,0
2023-04-24,P006,online,0,155.12,0,0,0
2023-05-01,P006,online,1,155.12,0,0,0
2023-05-08,P006,online,0,155.12,0,0,0
2023-05-15,P006,online,0,108.58,30,1,0
2023-05-22,P006,online,0,155.12,0,0,0
2023-05-29,P006,online,0,155.12,0,0,0
2023-06-05,P006,online,0,155.12,0,0,0
2023-06-12,P006,online,0,155.12,0,0,0
2023-06-19,P006,online,0,155.12,0,0,0
2023-06-26,P006,online,0,155.12,0,0,0
2023-07-03,P006,online,0,155.12,0,0,0
2023-07-10,P006,online,0,155.12,0,0,0
2023-07-17,P006,online,0,155.12,0,0,0
2023-07-24,P006,online,0,131.85,15,1,0
2023-07-31,P006,online,0,155.12,0,0,0
2023-08-07,P006,online,1,155.12,0,0,0
2023-08-14,P006,online,0,155.12,0,0,0
2023-08-21,P006,online,0,155.12,0,0,0
2023-08-28,P006,online,0,155.12,0,0,0
2023-09-04,P006,online,0,155.12,0,0,0
2023-09-11,P006,online,0,155.12,0,0,0
2023-09-18,P006,online,0,155.12,0,0,0
2023-09-25,P006,online,0,155.12,0,0,0
2023-10-02,P006,online,0,155.12,0,0,0
2023-10-09,P006,online,0,155.12,0,0,0
2023-10-16,P006,online,0,139.61,10,1,0
2023-10-23,P006,online,0,155.12,0,0,0
2023-10-30,P006,online,2,155.12,0,0,0
2023-11-06,P006,online,0,155.12,0,0,0
2023-11-13,P006,online,0,139.61,10,1,0
2023-11-20,P006,online,0,155.12,0,0,0
2023-11-27,P006,online,1,155.12,0,0,0
2023-12-04,P006,online,0,155.12,0,0,0
2023-12-11,P006,online,0,155.12,0,0,0
2023-12-18,P006,online,0,155.12,0,0,0
2023-12-25,P006,online,0,155.12,0,0,0
2024-01-01,P006,online,0,155.12,0,0,0
2024-01-08,P006,online,0,155.12,0,0,0
2024-01-15,P006,online,0,155.12,0,0,0
2024-01-22,P006,online,0,155.12,0,0,0
2024-01-29,P006,online,3,155.12,0,0,0
2024-02-05,P006,online,0,155.12,0,0,0
2024-02-12,P006,online,0,155.12,0,0,0
2024-02-19,P006,online,0,155.12,0,0,0
2024-02-26,P006,online,0,155.12,0,0,0
2024-03-04,P006,online,0,155.12,0,0,0
2024-03-11,P006,online,0,155.12,0,0,0
2024-03-18,P006,online,0,155.12,0,0,0
2024-03-25,P006,online,0,155.12,0,0,0
2024-04-01,P006,online,0,155.12,0,0,0
2024-04-08,P006,online,0,155.12,0,0,0
2024-04-15,P006,online,3,124.1,20,1,0
2024-04-22,P006,online,5,155.12,0,0,0
2024-04-29,P006,online,0,155.12,0,0,0
2024-05-06,P006,online,0,155.12,0,0,0
2024-05-13,P006,online,2,108.58,30,1,0
2024-05-20,P006,online,0,155.12,0,0,0
2024-05-27,P006,online,0,155.12,0,0,0
2024-06-03,P006,online,0,139.61,10,1,0
2024-06-10,P006,online,0,155.12,0,0,0
2024-06-17,P006,online,2,155.12,0,0,0
2024-06-24,P006,online,0,155.12,0,0,0
2024-07-01,P006,online,0,155.12,0,0,0
2024-07-08,P006,online,0,155.12,0,0,0
2024-07-15,P006,online,0,155.12,0,0,0
2024-07-22,P006,online,0,155.12,0,0,0
2024-07-29,P006,online,0,155.12,0,0,0
2024-08-05,P006,online,0,155.12,0,0,0
2024-08-12,P006,online,0,155.12,0,0,0
2024-08-19,P006,online,0,155.12,0,0,0
2024-08-26,P006,online,0,155.12,0,0,0
2024-09-02,P006,online,0,155.12,0,0,0
2024-09-09,P006,online,0,155.12,0,0,0
2024-09-16,P006,online,3,155.12,0,0,0
2024-09-23,P006,online,0,155.12,0,0,0
2024-09-30,P006,online,0,155.12,0,0,0
2024-10-07,P006,online,2,155.12,0,0,0
2024-10-14,P006,online,0,155.12,0,0,0
2024-10-21,P006,online,0,116.34,25,1,0
2024-10-28,P006,online,2,155.12,0,0,0
2024-11-04,P006,online,0,155.12,0,0,0
2024-11-11,P006,online,0,155.12,0,0,0
2024-11-18,P006,online,0,155.12,0,0,0
2024-11-25,P006,online,1,155.12,0,0,0
2024-12-02,P006,online,0,155.12,0,0,0
2024-12-09,P006,online,0,155.12,0,0,0
2024-12-16,P006,online,0,155.12,0,0,0
2024-12-23,P006,online,0,155.12,0,0,0
2024-12-30,P006,online,0,155.12,0,0,0
2025-01-06,P006,online,0,155.12,0,0,0
2025-01-13,P006,online,0,155.12,0,0,0
2025-01-20,P006,online,0,155.12,0,0,0
2025-01-27,P006,online,0,155.12,0,0,0
2025-02-03,P006,online,0,155.12,0,0,0
2025-02-10,P006,online,0,155.12,0,0,0
2025-02-17,P006,online,0,155.12,0,0,0
2025-02-24,P006,online,0,155.12,0,0,0
2025-03-03,P006,online,0,155.12,0,0,0
2025-03-10,P006,online,2,155.12,0,0,0
2025-03-17,P006,online,2,116.34,25,1,0
2025-03-24,P006,online,0,155.12,0,0,0
2025-03-31,P006,online,0,155.12,0,0,0
2025-04-07,P006,online,2,116.34,25,1,0
2025-04-14,P006,online,0,155.12,0,0,0
2025-04-21,P006,online,0,155.12,0,0,0
2025-04-28,P006,online,0,155.12,0,0,0
2025-05-05,P006,online,1,155.12,0,0,0
2025-05-12,P006,online,0,155.12,0,0,0
2025-05-19,P006,online,0,155.12,0,0,0
2025-05-26,P006,online,0,131.85,15,1,0
2025-06-02,P006,online,0,155.12,0,0,0
2025-06-09,P006,online,0,155.12,0,0,0
2025-06-16,P006,online,0,155.12,0,0,0
2025-06-23,P006,online,0,155.12,0,0,0
2025-06-30,P006,online,0,155.12,0,0,0
2025-07-07,P006,online,2,155.12,0,0,0
2025-07-14,P006,online,0,155.12,0,0,0
2025-07-21,P006,online,3,155.12,0,0,0
2025-07-28,P006,online,0,139.61,10,1,0
2025-08-04,P006,online,0,155.12,0,0,0
2025-08-11,P006,online,2,155.12,0,0,0
2025-08-18,P006,online,0,155.12,0,0,0
2025-08-25,P006,online,0,155.12,0,0,0
2025-09-01,P006,online,0,155.12,0,0,0
2025-09-08,P006,online,0,116.34,25,1,0
2025-09-15,P006,online,0,155.12,0,0,0
2025-09-22,P006,online,1,155.12,0,0,0
2025-09-29,P006,online,0,155.12,0,0,0
2025-10-06,P006,online,0,155.12,0,0,0
2025-10-13,P006,online,0,155.12,0,0,0
2025-10-20,P006,online,0,155.12,0,0,0
2025-10-27,P006,online,0,155.12,0,0,0
2025-11-03,P006,online,3,155.12,0,0,0
2025-11-10,P006,online,0,155.12,0,0,0
2025-11-17,P006,online,0,155.12,0,0,0
2025-11-24,P006,online,0,155.12,0,0,0
2025-12-01,P006,online,0,155.12,0,0,0
2025-12-08,P006,online,0,155.12,0,0,0
2025-12-15,P006,online,3,155.12,0,0,0
2025-12-22,P006,online,0,155.12,0,0,0
2023-01-02,P007,store,1,325.2,0,0,0
2023-01-09,P007,store,0,276.42,15,1,0
2023-01-16,P007,store,0,325.2,0,0,0
2023-01-23,P007,store,1,325.2,0,0,0
2023-01-30,P007,store,0,325.2,0,0,0
2023-02-06,P007,store,0,325.2,0,0,0
2023-02-13,P007,store,0,325.2,0,0,0
2023-02-20,P007,store,0,325.2,0,0,0
2023-02-27,P007,store,2,276.42,15,1,0
2023-03-06,P007,store,3,325.2,0,0,0
2023-03-13,P007,store,0,325.2,0,0,0
2023-03-20,P007,store,1,325.2,0,0,0
2023-03-27,P007,store,1,325.2,0,0,0
2023-04-03,P007,store,0,325.2,0,0,0
2023-04-10,P007,store,2,243.9,25,1,0
2023-04-17,P007,store,0,325.2,0,0,0
2023-04-24,P007,store,3,325.2,0,0,0
2023-05-01,P007,store,2,325.2,0,0,0
2023-05-08,P007,store,0,325.2,0,0,0
2023-05-15,P007,store,0,325.2,0,0,0
2023-05-22,P007,store,3,325.2,0,0,0
2023-05-29,P007,store,0,325.2,0,0,0
2023-06-05,P007,store,0,325.2,0,0,0
2023-06-12,P007,store,0,325.2,0,0,0
2023-06-19,P007,store,1,325.2,0,0,0
2023-06-26,P007,store,1,227.64,30,1,0
2023-07-03,P007,store,0,325.2,0,0,0
2023-07-10,P007,store,1,325.2,0,0,0
2023-07-17,P007,store,0,325.2,0,0,0
2023-07-24,P007,store,1,325.2,0,0,0
2023-07-31,P007,store,0,325.2,0,0,0
2023-08-07,P007,store,0,325.2,0,0,0
2023-08-14,P007,store,0,325.2,0,0,0
2023-08-21,P007,store,0,325.2,0,0,0
2023-08-28,P007,store,0,325.2,0,0,0
2023-09-04,P007,store,1,325.2,0,0,0
2023-09-11,P007,store,0,325.2,0,0,0
2023-09-18,P007,store,0,325.2,0,0,0
2023-09-25,P007,store,2,325.2,0,0,0
2023-10-02,P007,store,2,325.2,0,0,0
2023-10-09,P007,store,3,325.2,0,0,0
2023-10-16,P007,store,3,325.2,0,0,0
2023-10-23,P007,store,0,325.2,0,0,0
2023-10-30,P007,store,0,325.2,0,0,0
2023-11-06,P007,store,2,325.2,0,0,0
2023-11-13,P007,store,1,260.16,20,1,0
2023-11-20,P007,store,0,325.2,0,0,0
2023-11-27,P007,store,1,325.2,0,0,0
2023-12-04,P007,store,0,325.2,0,0,0
2023-12-11,P007,store,0,325.2,0,0,0
2023-12-18,P007,store,1,325.2,0,0,0
2023-12-25,P007,store,1,325.2,0,0,0
2024-01-01,P007,store,0,325.2,0,0,0
2024-01-08,P007,store,0,260.16,20,1,0
2024-01-15,P007,store,0,325.2,0,0,0
2024-01-22,P007,store,1,325.2,0,0,0
2024-01-29,P007,store,1,325.2,0,0,0
2024-02-05,P007,store,2,325.2,0,0,0
2024-02-12,P007,store,0,325.2,0,0,0
2024-02-19,P007,store,0,325.2,0,0,0
2024-02-26,P007,store,0,325.2,0,0,0
2024-03-04,P007,store,0,325.2,0,0,0
2024-03-11,P007,store,0,325.2,0,0,0
2024-03-18,P007,store,0,325.2,0,0,0
2024-03-25,P007,store,0,325.2,0,0,0
2024-04-01,P007,store,0,325.2,0,0,0
2024-04-08,P007,store,0,325.2,0,0,0
2024-04-15,P007,store,0,325.2,0,0,0
2024-04-22,P007,store,0,325.2,0,0,0
2024-04-29,P007,store,0,325.2,0,0,0
2024-05-06,P007,store,1,325.2,0,0,0
2024-05-13,P007,store,0,325.2,0,0,0
2024-05-20,P007,store,1,260.16,20,1,0
2024-05-27,P007,store,0,325.2,0,0,0
2024-06-03,P007,store,0,325.2,0,0,0
2024-06-10,P007,store,0,325.2,0,0,0
2024-06-17,P007,store,0,325.2,0,0,0
2024-06-24,P007,store,2,325.2,0,0,0
2024-07-01,P007,store,0,325.2,0,0,0
2024-07-08,P007,store,1,325.2,0,0,0
2024-07-15,P007,store,2,325.2,0,0,0
2024-07-22,P007,store,0,325.2,0,0,0
2024-07-29,P007,store,0,325.2,0,0,0
2024-08-05,P007,store,1,325.2,0,0,0
2024-08-12,P007,store,0,325.2,0,0,0
2024-08-19,P007,store,0,325.2,0,0,0
2024-08-26,P007,store,1,325.2,0,0,0
2024-09-02,P007,store,0,325.2,0,0,0
2024-09-09,P007,store,1,325.2,0,0,0
2024-09-16,P007,store,0,325.2,0,0,0
2024-09-23,P007,store,0,325.2,0,0,0
2024-09-30,P007,store,1,260.16,20,1,0
2024-10-07,P007,store,1,325.2,0,0,0
2024-10-14,P007,store,0,325.2,0,0,0
2024-10-21,P007,store,0,325.2,0,0,0
2024-10-28,P007,store,1,260.16,20,1,0
2024-11-04,P007,store,0,325.2,0,0,0
2024-11-11,P007,store,0,325.2,0,0,0
2024-11-18,P007,store,3,325.2,0,0,0
2024-11-25,P007,store,0,325.2,0,0,0
2024-12-02,P007,store,2,325.2,0,0,0
2024-12-09,P007,store,1,325.2,0,0,0
2024-12-16,P007,store,1,325.2,0,0,0
2024-12-23,P007,store,0,325.2,0,0,0
2024-12-30,P007,store,0,325.2,0,0,0
2025-01-06,P007,store,0,325.2,0,0,0
2025-01-13,P007,store,2,325.2,0,0,0
2025-01-20,P007,store,0,325.2,0,0,0
2025-01-27,P007,store,1,325.2,0,0,0
2025-02-03,P007,store,1,325.2,0,0,0
2025-02-10,P007,store,1,325.2,0,0,0
2025-02-17,P007,store,0,325.2,0,0,0
2025-02-24,P007,store,0,325.2,0,0,0
2025-03-03,P007,store,1,325.2,0,0,0
2025-03-10,P007,store,0,325.2,0,0,0
2025-03-17,P007,store,0,325.2,0,0,0
2025-03-24,P007,store,1,325.2,0,0,0
2025-03-31,P007,store,1,325.2,0,0,0
2025-04-07,P007,store,0,325.2,0,0,0
2025-04-14,P007,store,0,325.2,0,0,0
2025-04-21,P007,store,0,325.2,0,0,0
2025-04-28,P007,store,0,325.2,0,0,0
2025-05-05,P007,store,0,325.2,0,0,0
2025-05-12,P007,store,1,243.9,25,1,0
2025-05-19,P007,store,1,325.2,0,0,0
2025-05-26,P007,store,0,276.42,15,1,0
2025-06-02,P007,store,1,325.2,0,0,0
2025-06-09,P007,store,1,325.2,0,0,0
2025-06-16,P007,store,1,227.64,30,1,0
2025-06-23,P007,store,0,325.2,0,0,0
2025-06-30,P007,store,0,325.2,0,0,0
2025-07-07,P007,store,0,325.2,0,0,0
2025-07-14,P007,store,0,325.2,0,0,0
2025-07-21,P007,store,1,227.64,30,1,0
2025-07-28,P007,store,1,325.2,0,0,0
2025-08-04,P007,store,0,325.2,0,0,0
2025-08-11,P007,store,2,325.2,0,0,0
2025-08-18,P007,store,0,325.2,0,0,0
2025-08-25,P007,store,0,325.2,0,0,0
2025-09-01,P007,store,1,227.64,30,1,0
2025-09-08,P007,store,0,325.2,0,0,0
2025-09-15,P007,store,0,325.2,0,0,0
2025-09-22,P007,store,0,325.2,0,0,0
2025-09-29,P007,store,0,325.2,0,0,0
2025-10-06,P007,store,2,325.2,0,0,0
2025-10-13,P007,store,3,325.2,0,0,0
2025-10-20,P007,store,0,325.2,0,0,0
2025-10-27,P007,store,1,325.2,0,0,0
2025-11-03,P007,store,0,325.2,0,0,0
2025-11-10,P007,store,0,325.2,0,0,0
2025-11-17,P007,store,0,325.2,0,0,0
2025-11-24,P007,store,1,325.2,0,0,0
2025-12-01,P007,store,0,325.2,0,0,0
2025-12-08,P007,store,0,325.2,0,0,0
2025-12-15,P007,store,0,325.2,0,0,0
2025-12-22,P007,store,1,325.2,0,0,0
2023-01-02,P007,online,0,325.2,0,0,0
2023-01-09,P007,online,0,325.2,0,0,0
2023-01-16,P007,online,1,325.2,0,0,0
2023-01-23,P007,online,0,325.2,0,0,0
2023-01-30,P007,online,1,325.2,0,0,0
2023-02-06,P007,online,0,325.2,0,0,0
2023-02-13,P007,online,1,325.2,0,0,0
2023-02-20,P007,online,3,325.2,0,0,0
2023-02-27,P007,online,0,325.2,0,0,0
2023-03-06,P007,online,2,292.68,10,1,0
2023-03-13,P007,online,0,325.2,0,0,0
2023-03-20,P007,online,0,276.42,15,1,0
2023-03-27,P007,online,2,325.2,0,0,0
2023-04-03,P007,online,0,325.2,0,0,0
2023-04-10,P007,online,0,325.2,0,0,0
2023-04-17,P007,online,0,325.2,0,0,0
2023-04-24,P007,online,1,325.2,0,0,0
2023-05-01,P007,online,2,325.2,0,0,0
2023-05-08,P007,online,0,325.2,0,0,0
2023-05-15,P007,online,0,325.2,0,0,0
2023-05-22,P007,online,1,325.2,0,0,0
2023-05-29,P007,online,0,325.2,0,0,0
2023-06-05,P007,online,0,325.2,0,0,0
2023-06-12,P007,online,0,325.2,0,0,0
2023-06-19,P007,online,2,325.2,0,0,0
2023-06-26,P007,online,0,325.2,0,0,0
2023-07-03,P007,online,0,325.2,0,0,0
2023-07-10,P007,online,0,325.2,0,0,0
2023-07-17,P007,online,1,325.2,0,0,0
2023-07-24,P007,online,0,325.2,0,0,0
2023-07-31,P007,online,0,227.64,30,1,0
2023-08-07,P007,online,0,325.2,0,0,0
2023-08-14,P007,online,2,325.2,0,0,0
2023-08-21,P007,online,3,260.16,20,1,0
2023-08-28,P007,online,0,325.2,0,0,0
2023-09-04,P007,online,1,325.2,0,0,0
2023-09-11,P007,online,2,325.2,0,0,0
2023-09-18,P007,online,0,325.2,0,0,0
2023-09-25,P007,online,0,325.2,0,0,0
2023-10-02,P007,online,3,325.2,0,0,0
2023-10-09,P007,online,2,325.2,0,0,0
2023-10-16,P007,online,0,325.2,0,0,0
2023-10-23,P007,online,1,325.2,0,0,0
2023-10-30,P007,online,2,227.64,30,1,0
2023-11-06,P007,online,0,325.2,0,0,0
2023-11-13,P007,online,0,325.2,0,0,0
2023-11-20,P007,online,1,325.2,0,0,0
2023-11-27,P007,online,1,325.2,0,0,0
2023-12-04,P007,online,2,325.2,0,0,0
2023-12-11,P007,online,0,325.2,0,0,0
2023-12-18,P007,online,0,325.2,0,0,0
2023-12-25,P007,online,1,325.2,0,0,0
2024-01-01,P007,online,2,325.2,0,0,0
2024-01-08,P007,online,0,325.2,0,0,0
2024-01-15,P007,online,0,325.2,0,0,0
2024-01-22,P007,online,0,325.2,0,0,0
2024-01-29,P007,online,0,325.2,0,0,0
2024-02-05,P007,online,2,276.42,15,1,0
2024-02-12,P007,online,0,325.2,0,0,0
2024-02-19,P007,online,0,325.2,0,0,0
2024-02-26,P007,online,2,325.2,0,0,0
2024-03-04,P007,online,1,325.2,0,0,0
2024-03-11,P007,online,0,325.2,0,0,0
2024-03-18,P007,online,2,227.64,30,1,0
2024-03-25,P007,online,0,325.2,0,0,0
2024-04-01,P007,online,0,325.2,0,0,0
2024-04-08,P007,online,1,260.16,20,1,0
2024-04-15,P007,online,0,325.2,0,0,0
2024-04-22,P007,online,3,325.2,0,0,0
2024-04-29,P007,online,2,325.2,0,0,0
2024-05-06,P007,online,3,325.2,0,0,0
2024-05-13,P007,online,2,325.2,0,0,0
2024-05-20,P007,online,0,325.2,0,0,0
2024-05-27,P007,online,0,325.2,0,0,0
2024-06-03,P007,online,0,325.2,0,0,0
2024-06-10,P007,online,1,325.2,0,0,0
2024-06-17,P007,online,0,325.2,0,0,0
2024-06-24,P007,online,0,325.2,0,0,0
2024-07-01,P007,online,0,325.2,0,0,0
2024-07-08,P007,online,1,325.2,0,0,0
2024-07-15,P007,online,0,325.2,0,0,0
2024-07-22,P007,online,0,325.2,0,0,0
2024-07-29,P007,online,2,325.2,0,0,0
2024-08-05,P007,online,1,325.2,0,0,0
2024-08-12,P007,online,1,325.2,0,0,0
2024-08-19,P007,online,1,325.2,0,0,0
2024-08-26,P007,online,0,325.2,0,0,0
2024-09-02,P007,online,1,325.2,0,0,0
2024-09-09,P007,online,0,325.2,0,0,0
2024-09-16,P007,online,0,325.2,0,0,0
2024-09-23,P007,online,0,325.2,0,0,0
2024-09-30,P007,online,2,325.2,0,0,0
2024-10-07,P007,online,0,325.2,0,0,0
2024-10-14,P007,online,0,325.2,0,0,0
2024-10-21,P007,online,2,325.2,0,0,0
2024-10-28,P007,online,0,325.2,0,0,0
2024-11-04,P007,online,1,325.2,0,0,0
2024-11-11,P007,online,1,325.2,0,0,0
2024-11-18,P007,online,1,325.2,0,0,0
2024-11-25,P007,online,3,325.2,0,0,0
2024-12-02,P007,online,1,325.2,0,0,0
2024-12-09,P007,online,0,325.2,0,0,0
2024-12-16,P007,online,1,325.2,0,0,0
2024-12-23,P007,online,0,325.2,0,0,0
2024-12-30,P007,online,0,325.2,0,0,0
2025-01-06,P007,online,2,292.68,10,1,0
2025-01-13,P007,online,1,325.2,0,0,0
2025-01-20,P007,online,0,325.2,0,0,0
2025-01-27,P007,online,0,325.2,0,0,0
2025-02-03,P007,online,0,325.2,0,0,0
2025-02-10,P007,online,2,325.2,0,0,0
2025-02-17,P007,online,0,325.2,0,0,0
2025-02-24,P007,online,0,325.2,0,0,0
2025-03-03,P007,online,0,325.2,0,0,0
2025-03-10,P007,online,0,325.2,0,0,0
2025-03-17,P007,online,0,325.2,0,0,0
2025-03-24,P007,online,1,243.9,25,1,0
2025-03-31,P007,online,0,325.2,0,0,0
2025-04-07,P007,online,0,325.2,0,0,0
2025-04-14,P007,online,3,325.2,0,0,0
2025-04-21,P007,online,0,325.2,0,0,0
2025-04-28,P007,online,0,325.2,0,0,0
2025-05-05,P007,online,0,325.2,0,0,0
2025-05-12,P007,online,1,292.68,10,1,0
2025-05-19,P007,online,2,325.2,0,0,0
2025-05-26,P007,online,0,325.2,0,0,0
2025-06-02,P007,online,0,325.2,0,0,0
2025-06-09,P007,online,2,325.2,0,0,0
2025-06-16,P007,online,1,325.2,0,0,0
2025-06-23,P007,online,0,292.68,10,1,0
2025-06-30,P007,online,0,325.2,0,0,0
2025-07-07,P007,online,0,325.2,0,0,0
2025-07-14,P007,online,0,325.2,0,0,0
2025-07-21,P007,online,2,325.2,0,0,0
2025-07-28,P007,online,1,325.2,0,0,0
2025-08-04,P007,online,1,325.2,0,0,0
2025-08-11,P007,online,0,325.2,0,0,0
2025-08-18,P007,online,0,325.2,0,0,0
2025-08-25,P007,online,0,325.2,0,0,0
2025-09-01,P007,online,0,325.2,0,0,0
2025-09-08,P007,online,0,325.2,0,0,0
2025-09-15,P007,online,0,325.2,0,0,0
2025-09-22,P007,online,0,325.2,0,0,0
2025-09-29,P007,online,0,325.2,0,0,0
2025-10-06,P007,online,0,325.2,0,0,0
2025-10-13,P007,online,1,325.2,0,0,0
2025-10-20,P007,online,1,325.2,0,0,0
2025-10-27,P007,online,0,325.2,0,0,0
2025-11-03,P007,online,0,325.2,0,0,0
2025-11-10,P007,online,1,325.2,0,0,0
2025-11-17,P007,online,1,325.2,0,0,0
2025-11-24,P007,online,1,325.2,0,0,0
2025-12-01,P007,online,2,325.2,0,0,0
2025-12-08,P007,online,0,325.2,0,0,0
2025-12-15,P007,online,1,325.2,0,0,0
2025-12-22,P007,online,1,325.2,0,0,0
2023-01-02,P008,store,0,240.89,0,0,0
2023-01-09,P008,store,0,240.89,0,0,0
2023-01-16,P008,store,0,240.89,0,0,0
2023-01-23,P008,store,0,240.89,0,0,0
2023-01-30,P008,store,0,240.89,0,0,0
2023-02-06,P008,store,4,168.62,30,1,0
2023-02-13,P008,store,6,240.89,0,0,0
2023-02-20,P008,store,0,240.89,0,0,0
2023-02-27,P008,store,0,240.89,0,0,0
2023-03-06,P008,store,0,240.89,0,0,0
2023-03-13,P008,store,0,240.89,0,0,0
2023-03-20,P008,store,0,240.89,0,0,0
2023-03-27,P008,store,0,240.89,0,0,0
2023-04-03,P008,store,0,240.89,0,0,0
2023-04-10,P008,store,3,240.89,0,0,0
2023-04-17,P008,store,0,240.89,0,0,0
2023-04-24,P008,store,0,240.89,0,0,0
2023-05-01,P008,store,0,240.89,0,0,0
2023-05-08,P008,store,5,240.89,0,0,0
2023-05-15,P008,store,0,240.89,0,0,0
2023-05-22,P008,store,0,240.89,0,0,0
2023-05-29,P008,store,0,240.89,0,0,0
2023-06-05,P008,store,0,240.89,0,0,0
2023-06-12,P008,store,0,240.89,0,0,0
2023-06-19,P008,store,0,240.89,0,0,0
2023-06-26,P008,store,0,240.89,0,0,0
2023-07-03,P008,store,0,240.89,0,0,0
2023-07-10,P008,store,0,240.89,0,0,0
2023-07-17,P008,store,0,240.89,0,0,0
2023-07-24,P008,store,0,240.89,0,0,0
2023-07-31,P008,store,3,180.67,25,1,0
2023-08-07,P008,store,0,240.89,0,0,0
2023-08-14,P008,store,0,216.8,10,1,0
2023-08-21,P008,store,4,240.89,0,0,0
2023-08-28,P008,store,0,240.89,0,0,0
2023-09-04,P008,store,4,240.89,0,0,0
2023-09-11,P008,store,14,180.67,25,1,0
2023-09-18,P008,store,9,240.89,0,0,0
2023-09-25,P008,store,3,240.89,0,0,0
2023-10-02,P008,store,4,240.89,0,0,0
2023-10-09,P008,store,0,240.89,0,0,0
2023-10-16,P008,store,0,240.89,0,0,0
2023-10-23,P008,store,0,240.89,0,0,0
2023-10-30,P008,store,0,240.89,0,0,0
2023-11-06,P008,store,0,240.89,0,0,0
2023-11-13,P008,store,0,192.71,20,1,0
2023-11-20,P008,store,0,240.89,0,0,0
2023-11-27,P008,store,0,216.8,10,1,0
2023-12-04,P008,store,0,240.89,0,0,0
2023-12-11,P008,store,1,240.89,0,0,0
2023-12-18,P008,store,0,240.89,0,0,0
2023-12-25,P008,store,0,240.89,0,0,0
2024-01-01,P008,store,0,240.89,0,0,0
2024-01-08,P008,store,0,240.89,0,0,0
2024-01-15,P008,store,1,240.89,0,0,0
2024-01-22,P008,store,2,180.67,25,1,0
2024-01-29,P008,store,0,240.89,0,0,0
2024-02-05,P008,store,20,240.89,0,0,0
2024-02-12,P008,store,0,240.89,0,0,0
2024-02-19,P008,store,0,240.89,0,0,0
2024-02-26,P008,store,0,240.89,0,0,0
2024-03-04,P008,store,1,240.89,0,0,0
2024-03-11,P008,store,4,204.76,15,1,0
2024-03-18,P008,store,0,240.89,0,0,0
2024-03-25,P008,store,0,240.89,0,0,0
2024-04-01,P008,store,0,240.89,0,0,0
2024-04-08,P008,store,0,204.76,15,1,0
2024-04-15,P008,store,0,240.89,0,0,0
2024-04-22,P008,store,4,240.89,0,0,0
2024-04-29,P008,store,0,240.89,0,0,0
2024-05-06,P008,store,1,240.89,0,0,0
2024-05-13,P008,store,2,240.89,0,0,0
2024-05-20,P008,store,0,240.89,0,0,0
2024-05-27,P008,store,0,240.89,0,0,0
2024-06-03,P008,store,0,240.89,0,0,0
2024-06-10,P008,store,0,240.89,0,0,0
2024-06-17,P008,store,0,168.62,30,1,0
2024-06-24,P008,store,0,240.89,0,0,0
2024-07-01,P008,store,0,240.89,0,0,0
2024-07-08,P008,store,0,240.89,0,0,0
2024-07-15,P008,store,0,216.8,10,1,0
2024-07-22,P008,store,0,240.89,0,0,0
2024-07-29,P008,store,0,180.67,25,1,0
2024-08-05,P008,store,0,240.89,0,0,0
2024-08-12,P008,store,0,240.89,0,0,0
2024-08-19,P008,store,5,240.89,0,0,0
2024-08-26,P008,store,0,240.89,0,0,0
2024-09-02,P008,store,0,240.89,0,0,0
2024-09-09,P008,store,0,240.89,0,0,0
2024-09-16,P008,store,0,240.89,0,0,0
2024-09-23,P008,store,0,240.89,0,0,0
2024-09-30,P008,store,11,240.89,0,0,0
2024-10-07,P008,store,0,240.89,0,0,0
2024-10-14,P008,store,0,204.76,15,1,0
2024-10-21,P008,store,0,240.89,0,0,0
2024-10-28,P008,store,0,240.89,0,0,0
2024-11-04,P008,store,0,240.89,0,0,0
2024-11-11,P008,store,0,240.89,0,0,0
2024-11-18,P008,store,1,240.89,0,0,0
2024-11-25,P008,store,0,240.89,0,0,0
2024-12-02,P008,store,0,240.89,0,0,0
2024-12-09,P008,store,3,240.89,0,0,0
2024-12-16,P008,store,1,240.89,0,0,0
2024-12-23,P008,store,0,240.89,0,0,0
2024-12-30,P008,store,0,240.89,0,0,0
2025-01-06,P008,store,0,240.89,0,0,0
2025-01-13,P008,store,0,240.89,0,0,0
2025-01-20,P008,store,0,240.89,0,0,0
2025-01-27,P008,store,0,240.89,0,0,0
2025-02-03,P008,store,0,240.89,0,0,0
2025-02-10,P008,store,0,240.89,0,0,0
2025-02-17,P008,store,4,204.76,15,1,0
2025-02-24,P008,store,3,240.89,0,0,0
2025-03-03,P008,store,6,240.89,0,0,0
2025-03-10,P008,store,0,240.89,0,0,0
2025-03-17,P008,store,0,240.89,0,0,0
2025-03-24,P008,store,0,168.62,30,1,0
2025-03-31,P008,store,0,240.89,0,0,0
2025-04-07,P008,store,0,240.89,0,0,0
2025-04-14,P008,store,12,240.89,0,0,0
2025-04-21,P008,store,0,240.89,0,0,0
2025-04-28,P008,store,0,240.89,0,0,0
2025-05-05,P008,store,0,240.89,0,0,0
2025-05-12,P008,store,2,240.89,0,0,0
2025-05-19,P008,store,0,240.89,0,0,0
2025-05-26,P008,store,0,240.89,0,0,0
2025-06-02,P008,store,10,240.89,0,0,0
2025-06-09,P008,store,2,240.89,0,0,0
2025-06-16,P008,store,0,240.89,0,0,0
2025-06-23,P008,store,0,240.89,0,0,0
2025-06-30,P008,store,0,240.89,0,0,0
2025-07-07,P008,store,0,240.89,0,0,0
2025-07-14,P008,store,0,216.8,10,1,0
2025-07-21,P008,store,0,240.89,0,0,0
2025-07-28,P008,store,0,240.89,0,0,0
2025-08-04,P008,store,0,240.89,0,0,0
2025-08-11,P008,store,0,240.89,0,0,0
2025-08-18,P008,store,0,240.89,0,0,0
2025-08-25,P008,store,0,240.89,0,0,0
2025-09-01,P008,store,0,240.89,0,0,0
2025-09-08,P008,store,14,240.89,0,0,0
2025-09-15,P008,store,0,240.89,0,0,0
2025-09-22,P008,store,0,240.89,0,0,0
2025-09-29,P008,store,0,240.89,0,0,0
2025-10-06,P008,store,0,240.89,0,0,0
2025-10-13,P008,store,0,240.89,0,0,0
2025-10-20,P008,store,0,240.89,0,0,0
2025-10-27,P008,store,0,240.89,0,0,0
2025-11-03,P008,store,0,240.89,0,0,0
2025-11-10,P008,store,0,216.8,10,1,0
2025-11-17,P008,store,0,240.89,0,0,0
2025-11-24,P008,store,0,240.89,0,0,0
2025-12-01,P008,store,0,240.89,0,0,0
2025-12-08,P008,store,0,240.89,0,0,0
2025-12-15,P008,store,0,240.89,0,0,0
2025-12-22,P008,store,0,240.89,0,0,0
2023-01-02,P008,online,0,240.89,0,0,0
2023-01-09,P008,online,0,240.89,0,0,0
2023-01-16,P008,online,7,240.89,0,0,0
2023-01-23,P008,online,0,240.89,0,0,0
2023-01-30,P008,online,0,240.89,0,0,0
2023-02-06,P008,online,0,240.89,0,0,0
2023-02-13,P008,online,7,240.89,0,0,0
2023-02-20,P008,online,0,240.89,0,0,0
2023-02-27,P008,online,0,240.89,0,0,0
2023-03-06,P008,online,0,240.89,0,0,0
2023-03-13,P008,online,0,240.89,0,0,0
2023-03-20,P008,online,0,216.8,10,1,0
2023-03-27,P008,online,0,240.89,0,0,0
2023-04-03,P008,online,0,240.89,0,0,0
2023-04-10,P008,online,0,240.89,0,0,0
2023-04-17,P008,online,0,240.89,0,0,0
2023-04-24,P008,online,1,192.71,20,1,0
2023-05-01,P008,online,0,240.89,0,0,0
2023-05-08,P008,online,0,240.89,0,0,0
2023-05-15,P008,online,0,240.89,0,0,0
2023-05-22,P008,online,0,240.89,0,0,0
2023-05-29,P008,online,0,240.89,0,0,0
2023-06-05,P008,online,0,240.89,0,0,0
2023-06-12,P008,online,0,240.89,0,0,0
2023-06-19,P008,online,0,240.89,0,0,0
2023-06-26,P008,online,0,204.76,15,1,0
2023-07-03,P008,online,2,240.89,0,0,0
2023-07-10,P008,online,0,240.89,0,0,0
2023-07-17,P008,online,0,180.67,25,1,0
2023-07-24,P008,online,0,240.89,0,0,0
2023-07-31,P008,online,0,240.89,0,0,0
2023-08-07,P008,online,0,240.89,0,0,0
2023-08-14,P008,online,0,216.8,10,1,0
2023-08-21,P008,online,0,240.89,0,0,0
2023-08-28,P008,online,0,240.89,0,0,0
2023-09-04,P008,online,14,240.89,0,0,0
2023-09-11,P008,online,0,240.89,0,0,0
2023-09-18,P008,online,0,240.89,0,0,0
2023-09-25,P008,online,0,240.89,0,0,0
2023-10-02,P008,online,0,240.89,0,0,0
2023-10-09,P008,online,0,240.89,0,0,0
2023-10-16,P008,online,0,240.89,0,0,0
2023-10-23,P008,online,0,192.71,20,1,0
2023-10-30,P008,online,0,240.89,0,0,0
2023-11-06,P008,online,0,204.76,15,1,0
2023-11-13,P008,online,0,240.89,0,0,0
2023-11-20,P008,online,0,240.89,0,0,0
2023-11-27,P008,online,1,180.67,25,1,0
2023-12-04,P008,online,0,240.89,0,0,0
2023-12-11,P008,online,3,240.89,0,0,0
2023-12-18,P008,online,0,240.89,0,0,0
2023-12-25,P008,online,1,240.89,0,0,0
2024-01-01,P008,online,1,240.89,0,0,0
2024-01-08,P008,online,0,240.89,0,0,0
2024-01-15,P008,online,0,240.89,0,0,0
2024-01-22,P008,online,0,240.89,0,0,0
2024-01-29,P008,online,0,240.89,0,0,0
2024-02-05,P008,online,0,240.89,0,0,0
2024-02-12,P008,online,0,240.89,0,0,0
2024-02-19,P008,online,0,192.71,20,1,0
2024-02-26,P008,online,0,240.89,0,0,0
2024-03-04,P008,online,0,240.89,0,0,0
2024-03-11,P008,online,0,204.76,15,1,0
2024-03-18,P008,online,0,240.89,0,0,0
2024-03-25,P008,online,4,240.89,0,0,0
2024-04-01,P008,online,0,240.89,0,0,0
2024-04-08,P008,online,0,240.89,0,0,0
2024-04-15,P008,online,0,240.89,0,0,0
2024-04-22,P008,online,0,240.89,0,0,0
2024-04-29,P008,online,0,240.89,0,0,0
2024-05-06,P008,online,0,240.89,0,0,0
2024-05-13,P008,online,0,240.89,0,0,0
2024-05-20,P008,online,0,240.89,0,0,0
2024-05-27,P008,online,4,240.89,0,0,0
2024-06-03,P008,online,0,240.89,0,0,0
2024-06-10,P008,online,0,216.8,10,1,0
2024-06-17,P008,online,0,240.89,0,0,0
2024-06-24,P008,online,11,240.89,0,0,0
2024-07-01,P008,online,0,240.89,0,0,0
2024-07-08,P008,online,0,240.89,0,0,0
2024-07-15,P008,online,19,240.89,0,0,0
2024-07-22,P008,online,0,240.89,0,0,0
2024-07-29,P008,online,0,240.89,0,0,0
2024-08-05,P008,online,0,192.71,20,1,0
2024-08-12,P008,online,0,240.89,0,0,0
2024-08-19,P008,online,0,240.89,0,0,0
2024-08-26,P008,online,0,240.89,0,0,0
2024-09-02,P008,online,0,240.89,0,0,0
2024-09-09,P008,online,0,240.89,0,0,0
2024-09-16,P008,online,0,240.89,0,0,0
2024-09-23,P008,online,0,240.89,0,0,0
2024-09-30,P008,online,8,240.89,0,0,0
2024-10-07,P008,online,5,240.89,0,0,0
2024-10-14,P008,online,0,240.89,0,0,0
2024-10-21,P008,online,0,240.89,0,0,0
2024-10-28,P008,online,0,240.89,0,0,0
2024-11-04,P008,online,0,240.89,0,0,0
2024-11-11,P008,online,0,240.89,0,0,0
2024-11-18,P008,online,0,204.76,15,1,0
2024-11-25,P008,online,0,240.89,0,0,0
2024-12-02,P008,online,0,240.89,0,0,0
2024-12-09,P008,online,0,240.89,0,0,0
2024-12-16,P008,online,2,240.89,0,0,0
2024-12-23,P008,online,0,240.89,0,0,0
2024-12-30,P008,online,2,240.89,0,0,0
2025-01-06,P008,online,0,240.89,0,0,0
2025-01-13,P008,online,0,240.89,0,0,0
2025-01-20,P008,online,0,240.89,0,0,0
2025-01-27,P008,online,0,240.89,0,0,0
2025-02-03,P008,online,0,240.89,0,0,0
2025-02-10,P008,online,0,240.89,0,0,0
2025-02-17,P008,online,0,240.89,0,0,0
2025-02-24,P008,online,0,240.89,0,0,0
2025-03-03,P008,online,0,240.89,0,0,0
2025-03-10,P008,online,9,240.89,0,0,0
2025-03-17,P008,online,0,240.89,0,0,0
2025-03-24,P008,online,0,240.89,0,0,0
2025-03-31,P008,online,0,240.89,0,0,0
2025-04-07,P008,online,0,240.89,0,0,0
2025-04-14,P008,online,0,168.62,30,1,0
2025-04-21,P008,online,0,240.89,0,0,0
2025-04-28,P008,online,0,240.89,0,0,0
2025-05-05,P008,online,0,240.89,0,0,0
2025-05-12,P008,online,0,240.89,0,0,0
2025-05-19,P008,online,0,240.89,0,0,0
2025-05-26,P008,online,0,240.89,0,0,0
2025-06-02,P008,online,0,240.89,0,0,0
2025-06-09,P008,online,9,168.62,30,1,0
2025-06-16,P008,online,0,240.89,0,0,0
2025-06-23,P008,online,0,240.89,0,0,0
2025-06-30,P008,online,0,240.89,0,0,0
2025-07-07,P008,online,0,168.62,30,1,0
2025-07-14,P008,online,0,240.89,0,0,0
2025-07-21,P008,online,0,240.89,0,0,0
2025-07-28,P008,online,0,240.89,0,0,0
2025-08-04,P008,online,0,240.89,0,0,0
2025-08-11,P008,online,0,240.89,0,0,0
2025-08-18,P008,online,0,240.89,0,0,0
2025-08-25,P008,online,0,240.89,0,0,0
2025-09-01,P008,online,0,240.89,0,0,0
2025-09-08,P008,online,0,240.89,0,0,0
2025-09-15,P008,online,0,240.89,0,0,0
2025-09-22,P008,online,0,240.89,0,0,0
2025-09-29,P008,online,3,204.76,15,1,0
2025-10-06,P008,online,0,240.89,0,0,0
2025-10-13,P008,online,0,240.89,0,0,0
2025-10-20,P008,online,0,240.89,0,0,0
2025-10-27,P008,online,0,240.89,0,0,0
2025-11-03,P008,online,0,240.89,0,0,0
2025-11-10,P008,online,0,240.89,0,0,0
2025-11-17,P008,online,0,240.89,0,0,0
2025-11-24,P008,online,0,240.89,0,0,0
2025-12-01,P008,online,0,240.89,0,0,0
2025-12-08,P008,online,0,240.89,0,0,0
2025-12-15,P008,online,0,240.89,0,0,0
2025-12-22,P008,online,0,240.89,0,0,0
2023-01-02,P009,store,54,65.89,0,0,0
2023-01-09,P009,store,71,65.89,0,0,0
2023-01-16,P009,store,54,65.89,0,0,0
2023-01-23,P009,store,40,65.89,0,0,0
2023-01-30,P009,store,60,65.89,0,0,0
2023-02-06,P009,store,67,65.89,0,0,0
2023-02-13,P009,store,184,46.12,30,1,0
2023-02-20,P009,store,95,65.89,0,0,0
2023-02-27,P009,store,52,65.89,0,0,0
2023-03-06,P009,store,110,65.89,0,0,0
2023-03-13,P009,store,74,65.89,0,0,0
2023-03-20,P009,store,79,65.89,0,0,0
2023-03-27,P009,store,84,65.89,0,0,0
2023-04-03,P009,store,110,65.89,0,0,0
2023-04-10,P009,store,73,65.89,0,0,0
2023-04-17,P009,store,100,65.89,0,0,0
2023-04-24,P009,store,69,65.89,0,0,0
2023-05-01,P009,store,75,65.89,0,0,0
2023-05-08,P009,store,74,65.89,0,0,0
2023-05-15,P009,store,126,56.01,15,1,0
2023-05-22,P009,store,64,65.89,0,0,0
2023-05-29,P009,store,85,65.89,0,0,0
2023-06-05,P009,store,90,65.89,0,0,0
2023-06-12,P009,store,80,65.89,0,0,0
2023-06-19,P009,store,86,65.89,0,0,0
2023-06-26,P009,store,68,65.89,0,0,0
2023-07-03,P009,store,83,65.89,0,0,0
2023-07-10,P009,store,113,65.89,0,0,0
2023-07-17,P009,store,75,65.89,0,0,0
2023-07-24,P009,store,71,65.89,0,0,0
2023-07-31,P009,store,82,65.89,0,0,0
2023-08-07,P009,store,82,65.89,0,0,0
2023-08-14,P009,store,112,65.89,0,0,0
2023-08-21,P009,store,66,65.89,0,0,0
2023-08-28,P009,store,89,65.89,0,0,0
2023-09-04,P009,store,87,65.89,0,0,0
2023-09-11,P009,store,56,65.89,0,0,0
2023-09-18,P009,store,86,65.89,0,0,0
2023-09-25,P009,store,64,65.89,0,0,0
2023-10-02,P009,store,117,65.89,0,0,0
2023-10-09,P009,store,81,65.89,0,0,0
2023-10-16,P009,store,100,65.89,0,0,0
2023-10-23,P009,store,106,65.89,0,0,0
2023-10-30,P009,store,91,65.89,0,0,0
2023-11-06,P009,store,96,65.89,0,0,0
2023-11-13,P009,store,97,65.89,0,0,0
2023-11-20,P009,store,135,65.89,0,0,0
2023-11-27,P009,store,200,65.89,0,0,0
2023-12-04,P009,store,382,49.42,25,1,0
2023-12-11,P009,store,265,65.89,0,0,0
2023-12-18,P009,store,215,65.89,0,0,0
2023-12-25,P009,store,236,65.89,0,0,0
2024-01-01,P009,store,72,65.89,0,0,0
2024-01-08,P009,store,54,65.89,0,0,0
2024-01-15,P009,store,152,46.12,30,1,0
2024-01-22,P009,store,58,65.89,0,0,0
2024-01-29,P009,store,52,65.89,0,0,0
2024-02-05,P009,store,52,65.89,0,0,0
2024-02-12,P009,store,78,65.89,0,0,0
2024-02-19,P009,store,75,65.89,0,0,0
2024-02-26,P009,store,77,65.89,0,0,0
2024-03-04,P009,store,70,65.89,0,0,0
2024-03-11,P009,store,90,65.89,0,0,0
2024-03-18,P009,store,80,65.89,0,0,0
2024-03-25,P009,store,75,65.89,0,0,0
2024-04-01,P009,store,89,65.89,0,0,0
2024-04-08,P009,store,128,65.89,0,0,0
2024-04-15,P009,store,78,65.89,0,0,0
2024-04-22,P009,store,98,65.89,0,0,0
2024-04-29,P009,store,97,65.89,0,0,0
2024-05-06,P009,store,64,65.89,0,0,0
2024-05-13,P009,store,88,65.89,0,0,0
2024-05-20,P009,store,88,65.89,0,0,0
2024-05-27,P009,store,91,65.89,0,0,0
2024-06-03,P009,store,110,65.89,0,0,0
2024-06-10,P009,store,55,65.89,0,0,0
2024-06-17,P009,store,78,65.89,0,0,0
2024-06-24,P009,store,82,65.89,0,0,0
2024-07-01,P009,store,69,65.89,0,0,0
2024-07-08,P009,store,69,65.89,0,0,0
2024-07-15,P009,store,91,65.89,0,0,0
2024-07-22,P009,store,87,65.89,0,0,0
2024-07-29,P009,store,70,65.89,0,0,0
2024-08-05,P009,store,62,65.89,0,0,0
2024-08-12,P009,store,96,65.89,0,0,0
2024-08-19,P009,store,74,65.89,0,0,0
2024-08-26,P009,store,60,65.89,0,0,0
2024-09-02,P009,store,67,65.89,0,0,0
2024-09-09,P009,store,78,65.89,0,0,0
2024-09-16,P009,store,80,65.89,0,0,0
2024-09-23,P009,store,82,65.89,0,0,0
2024-09-30,P009,store,62,65.89,0,0,0
2024-10-07,P009,store,86,65.89,0,0,0
2024-10-14,P009,store,77,65.89,0,0,0
2024-10-21,P009,store,56,65.89,0,0,0
2024-10-28,P009,store,130,65.89,0,0,0
2024-11-04,P009,store,92,65.89,0,0,0
2024-11-11,P009,store,92,65.89,0,0,0
2024-11-18,P009,store,139,65.89,0,0,0
2024-11-25,P009,store,219,65.89,0,0,0
2024-12-02,P009,store,191,65.89,0,0,0
2024-12-09,P009,store,178,65.89,0,0,0
2024-12-16,P009,store,255,65.89,0,0,0
2024-12-23,P009,store,171,65.89,0,0,0
2024-12-30,P009,store,42,65.89,0,0,0
2025-01-06,P009,store,53,65.89,0,0,0
2025-01-13,P009,store,81,65.89,0,0,0
2025-01-20,P009,store,72,65.89,0,0,0
2025-01-27,P009,store,77,65.89,0,0,0
2025-02-03,P009,store,70,65.89,0,0,0
2025-02-10,P009,store,95,65.89,0,0,0
2025-02-17,P009,store,102,65.89,0,0,0
2025-02-24,P009,store,177,46.12,30,1,0
2025-03-03,P009,store,95,65.89,0,0,0
2025-03-10,P009,store,107,65.89,0,0,0
2025-03-17,P009,store,81,65.89,0,0,0
2025-03-24,P009,store,123,65.89,0,0,0
2025-03-31,P009,store,100,65.89,0,0,0
2025-04-07,P009,store,69,65.89,0,0,0
2025-04-14,P009,store,74,65.89,0,0,0
2025-04-21,P009,store,76,65.89,0,0,0
2025-04-28,P009,store,101,65.89,0,0,0
2025-05-05,P009,store,103,65.89,0,0,0
2025-05-12,P009,store,99,65.89,0,0,0
2025-05-19,P009,store,81,65.89,0,0,0
2025-05-26,P009,store,67,65.89,0,0,0
2025-06-02,P009,store,81,65.89,0,0,0
2025-06-09,P009,store,93,65.89,0,0,0
2025-06-16,P009,store,159,49.42,25,1,0
2025-06-23,P009,store,71,65.89,0,0,0
2025-06-30,P009,store,91,65.89,0,0,0
2025-07-07,P009,store,119,65.89,0,0,0
2025-07-14,P009,store,102,65.89,0,0,0
2025-07-21,P009,store,63,65.89,0,0,0
2025-07-28,P009,store,68,65.89,0,0,0
2025-08-04,P009,store,91,65.89,0,0,0
2025-08-11,P009,store,92,65.89,0,0,0
2025-08-18,P009,store,94,59.3,10,1,0
2025-08-25,P009,store,79,65.89,0,0,0
2025-09-01,P009,store,74,56.01,15,1,0
2025-09-08,P009,store,63,65.89,0,0,0
2025-09-15,P009,store,55,65.89,0,0,0
2025-09-22,P009,store,75,65.89,0,0,0
2025-09-29,P009,store,79,65.89,0,0,0
2025-10-06,P009,store,76,65.89,0,0,0
2025-10-13,P009,store,94,65.89,0,0,0
2025-10-20,P009,store,72,65.89,0,0,0
2025-10-27,P009,store,90,65.89,0,0,0
2025-11-03,P009,store,132,65.89,0,0,0
2025-11-10,P009,store,153,65.89,0,0,0
2025-11-17,P009,store,166,65.89,0,0,0
2025-11-24,P009,store,158,65.89,0,0,0
2025-12-01,P009,store,164,65.89,0,0,0
2025-12-08,P009,store,235,65.89,0,0,0
2025-12-15,P009,store,280,59.3,10,1,0
2025-12-22,P009,store,219,65.89,0,0,0
2023-01-02,P009,online,63,65.89,0,0,0
2023-01-09,P009,online,95,65.89,0,0,0
2023-01-16,P009,online,64,65.89,0,0,0
2023-01-23,P009,online,79,65.89,0,0,0
2023-01-30,P009,online,64,65.89,0,0,0
2023-02-06,P009,online,37,65.89,0,0,0
2023-02-13,P009,online,50,65.89,0,0,0
2023-02-20,P009,online,112,65.89,0,0,0
2023-02-27,P009,online,268,46.12,30,1,0
2023-03-06,P009,online,51,65.89,0,0,0
2023-03-13,P009,online,91,65.89,0,0,0
2023-03-20,P009,online,93,65.89,0,0,0
2023-03-27,P009,online,99,65.89,0,0,0
2023-04-03,P009,online,107,65.89,0,0,0
2023-04-10,P009,online,373,49.42,25,1,0
2023-04-17,P009,online,75,65.89,0,0,0
2023-04-24,P009,online,62,65.89,0,0,0
2023-05-01,P009,online,176,56.01,15,1,0
2023-05-08,P009,online,48,65.89,0,0,0
2023-05-15,P009,online,85,65.89,0,0,0
2023-05-22,P009,online,83,65.89,0,0,0
2023-05-29,P009,online,89,65.89,0,0,0
2023-06-05,P009,online,82,65.89,0,0,0
2023-06-12,P009,online,78,65.89,0,0,0
2023-06-19,P009,online,51,65.89,0,0,0
2023-06-26,P009,online,120,65.89,0,0,0
2023-07-03,P009,online,73,65.89,0,0,0
2023-07-10,P009,online,82,65.89,0,0,0
2023-07-17,P009,online,72,65.89,0,0,0
2023-07-24,P009,online,97,65.89,0,0,0
2023-07-31,P009,online,220,56.01,15,1,0
2023-08-07,P009,online,62,65.89,0,0,0
2023-08-14,P009,online,88,65.89,0,0,0
2023-08-21,P009,online,73,65.89,0,0,0
2023-08-28,P009,online,81,65.89,0,0,0
2023-09-04,P009,online,67,65.89,0,0,0
2023-09-11,P009,online,134,59.3,10,1,0
2023-09-18,P009,online,58,65.89,0,0,0
2023-09-25,P009,online,77,65.89,0,0,0
2023-10-02,P009,online,76,65.89,0,0,0
2023-10-09,P009,online,105,65.89,0,0,0
2023-10-16,P009,online,62,65.89,0,0,0
2023-10-23,P009,online,112,65.89,0,0,0
2023-10-30,P009,online,66,65.89,0,0,0
2023-11-06,P009,online,114,65.89,0,0,0
2023-11-13,P009,online,197,65.89,0,0,0
2023-11-20,P009,online,270,65.89,0,0,0
2023-11-27,P009,online,206,65.89,0,0,0
2023-12-04,P009,online,163,65.89,0,0,0
2023-12-11,P009,online,236,65.89,0,0,0
2023-12-18,P009,online,234,65.89,0,0,0
2023-12-25,P009,online,289,65.89,0,0,0
2024-01-01,P009,online,74,65.89,0,0,0
2024-01-08,P009,online,90,65.89,0,0,0
2024-01-15,P009,online,98,65.89,0,0,0
2024-01-22,P009,online,53,65.89,0,0,0
2024-01-29,P009,online,77,65.89,0,0,0
2024-02-05,P009,online,229,46.12,30,1,0
2024-02-12,P009,online,99,65.89,0,0,0
2024-02-19,P009,online,86,65.89,0,0,0
2024-02-26,P009,online,95,65.89,0,0,0
2024-03-04,P009,online,114,65.89,0,0,0
2024-03-11,P009,online,93,65.89,0,0,0
2024-03-18,P009,online,152,65.89,0,0,0
2024-03-25,P009,online,83,65.89,0,0,0
2024-04-01,P009,online,66,65.89,0,0,0
2024-04-08,P009,online,134,65.89,0,0,0
2024-04-15,P009,online,37,65.89,0,0,0
2024-04-22,P009,online,120,65.89,0,0,0
2024-04-29,P009,online,86,65.89,0,0,0
2024-05-06,P009,online,109,65.89,0,0,0
2024-05-13,P009,online,77,65.89,0,0,0
2024-05-20,P009,online,112,65.89,0,0,0
2024-05-27,P009,online,118,59.3,10,1,0
2024-06-03,P009,online,89,65.89,0,0,0
2024-06-10,P009,online,171,59.3,10,1,0
2024-06-17,P009,online,80,65.89,0,0,0
2024-06-24,P009,online,83,65.89,0,0,0
2024-07-01,P009,online,88,65.89,0,0,0
2024-07-08,P009,online,69,65.89,0,0,0
2024-07-15,P009,online,100,65.89,0,0,0
2024-07-22,P009,online,90,65.89,0,0,0
2024-07-29,P009,online,83,65.89,0,0,0
2024-08-05,P009,online,65,65.89,0,0,0
2024-08-12,P009,online,95,65.89,0,0,0
2024-08-19,P009,online,86,65.89,0,0,0
2024-08-26,P009,online,91,65.89,0,0,0
2024-09-02,P009,online,153,65.89,0,0,0
2024-09-09,P009,online,71,65.89,0,0,0
2024-09-16,P009,online,116,65.89,0,0,0
2024-09-23,P009,online,81,65.89,0,0,0
2024-09-30,P009,online,396,49.42,25,1,0
2024-10-07,P009,online,65,65.89,0,0,0
2024-10-14,P009,online,96,65.89,0,0,0
2024-10-21,P009,online,162,52.71,20,1,0
2024-10-28,P009,online,76,65.89,0,0,0
2024-11-04,P009,online,165,65.89,0,0,0
2024-11-11,P009,online,226,65.89,0,0,0
2024-11-18,P009,online,255,65.89,0,0,0
2024-11-25,P009,online,243,65.89,0,0,0
2024-12-02,P009,online,168,65.89,0,0,0
2024-12-09,P009,online,198,65.89,0,0,0
2024-12-16,P009,online,268,65.89,0,0,0
2024-12-23,P009,online,264,65.89,0,0,0
2024-12-30,P009,online,152,56.01,15,1,0
2025-01-06,P009,online,50,65.89,0,0,0
2025-01-13,P009,online,81,65.89,0,0,0
2025-01-20,P009,online,57,65.89,0,0,0
2025-01-27,P009,online,94,65.89,0,0,0
2025-02-03,P009,online,90,65.89,0,0,0
2025-02-10,P009,online,84,65.89,0,0,0
2025-02-17,P009,online,66,65.89,0,0,0
2025-02-24,P009,online,88,65.89,0,0,0
2025-03-03,P009,online,165,56.01,15,1,0
2025-03-10,P009,online,64,65.89,0,0,0
2025-03-17,P009,online,80,65.89,0,0,0
2025-03-24,P009,online,116,65.89,0,0,0
2025-03-31,P009,online,106,65.89,0,0,0
2025-04-07,P009,online,78,65.89,0,0,0
2025-04-14,P009,online,146,65.89,0,0,0
2025-04-21,P009,online,150,65.89,0,0,0
2025-04-28,P009,online,103,65.89,0,0,0
2025-05-05,P009,online,148,65.89,0,0,0
2025-05-12,P009,online,147,65.89,0,0,0
2025-05-19,P009,online,101,65.89,0,0,0
2025-05-26,P009,online,101,65.89,0,0,0
2025-06-02,P009,online,133,65.89,0,0,0
2025-06-09,P009,online,118,65.89,0,0,0
2025-06-16,P009,online,116,65.89,0,0,0
2025-06-23,P009,online,266,52.71,20,1,0
2025-06-30,P009,online,97,65.89,0,0,0
2025-07-07,P009,online,114,65.89,0,0,0
2025-07-14,P009,online,129,65.89,0,0,0
2025-07-21,P009,online,117,65.89,0,0,0
2025-07-28,P009,online,350,46.12,30,1,0
2025-08-04,P009,online,83,65.89,0,0,0
2025-08-11,P009,online,113,65.89,0,0,0
2025-08-18,P009,online,101,65.89,0,0,0
2025-08-25,P009,online,100,65.89,0,0,0
2025-09-01,P009,online,78,65.89,0,0,0
2025-09-08,P009,online,64,65.89,0,0,0
2025-09-15,P009,online,156,65.89,0,0,0
2025-09-22,P009,online,112,65.89,0,0,0
2025-09-29,P009,online,65,65.89,0,0,0
2025-10-06,P009,online,116,65.89,0,0,0
2025-10-13,P009,online,234,56.01,15,1,0
2025-10-20,P009,online,127,65.89,0,0,0
2025-10-27,P009,online,135,65.89,0,0,0
2025-11-03,P009,online,150,65.89,0,0,0
2025-11-10,P009,online,183,65.89,0,0,0
2025-11-17,P009,online,247,65.89,0,0,0
2025-11-24,P009,online,385,65.89,0,0,0
2025-12-01,P009,online,320,65.89,0,0,0
2025-12-08,P009,online,308,65.89,0,0,0
2025-12-15,P009,online,267,65.89,0,0,0
2025-12-22,P009,online,306,65.89,0,0,0
2023-01-02,P010,store,77,25.0,0,0,0
2023-01-09,P010,store,70,25.0,0,0,0
2023-01-16,P010,store,79,25.0,0,0,0
2023-01-23,P010,store,85,25.0,0,0,0
2023-01-30,P010,store,89,25.0,0,0,0
2023-02-06,P010,store,75,25.0,0,0,0
2023-02-13,P010,store,121,25.0,0,0,0
2023-02-20,P010,store,120,25.0,0,0,0
2023-02-27,P010,store,123,25.0,0,0,0
2023-03-06,P010,store,123,25.0,0,0,0
2023-03-13,P010,store,169,25.0,0,0,0
2023-03-20,P010,store,138,25.0,0,0,0
2023-03-27,P010,store,119,25.0,0,0,0
2023-04-03,P010,store,133,25.0,0,0,0
2023-04-10,P010,store,156,25.0,0,0,0
2023-04-17,P010,store,83,25.0,0,0,0
2023-04-24,P010,store,177,21.25,15,1,0
2023-05-01,P010,store,125,25.0,0,0,0
2023-05-08,P010,store,93,25.0,0,0,0
2023-05-15,P010,store,241,20.0,20,1,0
2023-05-22,P010,store,71,25.0,0,0,0
2023-05-29,P010,store,133,25.0,0,0,0
2023-06-05,P010,store,115,25.0,0,0,0
2023-06-12,P010,store,87,25.0,0,0,0
2023-06-19,P010,store,153,25.0,0,0,0
2023-06-26,P010,store,110,25.0,0,0,0
2023-07-03,P010,store,115,25.0,0,0,0
2023-07-10,P010,store,87,25.0,0,0,0
2023-07-17,P010,store,113,25.0,0,0,0
2023-07-24,P010,store,145,25.0,0,0,0
2023-07-31,P010,store,186,21.25,15,1,0
2023-08-07,P010,store,101,25.0,0,0,0
2023-08-14,P010,store,114,25.0,0,0,0
2023-08-21,P010,store,85,25.0,0,0,0
2023-08-28,P010,store,169,25.0,0,0,0
2023-09-04,P010,store,209,22.5,10,1,0
2023-09-11,P010,store,80,25.0,0,0,0
2023-09-18,P010,store,128,25.0,0,0,0
2023-09-25,P010,store,124,25.0,0,0,0
2023-10-02,P010,store,160,25.0,0,0,0
2023-10-09,P010,store,163,25.0,0,0,0
2023-10-16,P010,store,115,25.0,0,0,0
2023-10-23,P010,store,114,25.0,0,0,0
2023-10-30,P010,store,120,25.0,0,0,0
2023-11-06,P010,store,153,25.0,0,0,0
2023-11-13,P010,store,150,25.0,0,0,0
2023-11-20,P010,store,151,25.0,0,0,0
2023-11-27,P010,store,335,25.0,0,0,0
2023-12-04,P010,store,267,25.0,0,0,0
2023-12-11,P010,store,281,25.0,0,0,0
2023-12-18,P010,store,342,25.0,0,0,0
2023-12-25,P010,store,307,25.0,0,0,0
2024-01-01,P010,store,89,25.0,0,0,0
2024-01-08,P010,store,84,25.0,0,0,0
2024-01-15,P010,store,76,25.0,0,0,0
2024-01-22,P010,store,95,25.0,0,0,0
2024-01-29,P010,store,76,25.0,0,0,0
2024-02-05,P010,store,69,25.0,0,0,0
2024-02-12,P010,store,120,22.5,10,1,0
2024-02-19,P010,store,105,25.0,0,0,0
2024-02-26,P010,store,117,25.0,0,0,0
2024-03-04,P010,store,130,25.0,0,0,0
2024-03-11,P010,store,69,25.0,0,0,0
2024-03-18,P010,store,376,17.5,30,1,0
2024-03-25,P010,store,74,25.0,0,0,0
2024-04-01,P010,store,114,25.0,0,0,0
2024-04-08,P010,store,129,25.0,0,0,0
2024-04-15,P010,store,125,25.0,0,0,0
2024-04-22,P010,store,83,25.0,0,0,0
2024-04-29,P010,store,82,25.0,0,0,0
2024-05-06,P010,store,96,25.0,0,0,0
2024-05-13,P010,store,128,25.0,0,0,0
2024-05-20,P010,store,114,25.0,0,0,0
2024-05-27,P010,store,115,25.0,0,0,0
2024-06-03,P010,store,131,25.0,0,0,0
2024-06-10,P010,store,116,25.0,0,0,0
2024-06-17,P010,store,82,25.0,0,0,0
2024-06-24,P010,store,132,25.0,0,0,0
2024-07-01,P010,store,141,25.0,0,0,0
2024-07-08,P010,store,179,21.25,15,1,0
2024-07-15,P010,store,138,25.0,0,0,0
2024-07-22,P010,store,152,25.0,0,0,0
2024-07-29,P010,store,130,25.0,0,0,0
2024-08-05,P010,store,72,25.0,0,0,0
2024-08-12,P010,store,97,25.0,0,0,0
2024-08-19,P010,store,110,25.0,0,0,0
2024-08-26,P010,store,92,25.0,0,0,0
2024-09-02,P010,store,180,25.0,0,0,0
2024-09-09,P010,store,86,25.0,0,0,0
2024-09-16,P010,store,100,25.0,0,0,0
2024-09-23,P010,store,101,25.0,0,0,0
2024-09-30,P010,store,131,25.0,0,0,0
2024-10-07,P010,store,106,25.0,0,0,0
2024-10-14,P010,store,133,25.0,0,0,0
2024-10-21,P010,store,158,25.0,0,0,0
2024-10-28,P010,store,100,25.0,0,0,0
2024-11-04,P010,store,585,17.5,30,1,0
2024-11-11,P010,store,166,25.0,0,0,0
2024-11-18,P010,store,207,25.0,0,0,0
2024-11-25,P010,store,233,25.0,0,0,0
2024-12-02,P010,store,228,25.0,0,0,0
2024-12-09,P010,store,280,25.0,0,0,0
2024-12-16,P010,store,324,25.0,0,0,0
2024-12-23,P010,store,203,25.0,0,0,0
2024-12-30,P010,store,56,25.0,0,0,0
2025-01-06,P010,store,118,25.0,0,0,0
2025-01-13,P010,store,115,20.0,20,1,0
2025-01-20,P010,store,92,25.0,0,0,0
2025-01-27,P010,store,80,25.0,0,0,0
2025-02-03,P010,store,101,25.0,0,0,0
2025-02-10,P010,store,161,25.0,0,0,0
2025-02-17,P010,store,109,25.0,0,0,0
2025-02-24,P010,store,105,25.0,0,0,0
2025-03-03,P010,store,283,17.5,30,1,0
2025-03-10,P010,store,117,25.0,0,0,0
2025-03-17,P010,store,109,25.0,0,0,0
2025-03-24,P010,store,127,25.0,0,0,0
2025-03-31,P010,store,140,25.0,0,0,0
2025-04-07,P010,store,89,25.0,0,0,0
2025-04-14,P010,store,108,25.0,0,0,0
2025-04-21,P010,store,98,25.0,0,0,0
2025-04-28,P010,store,95,25.0,0,0,0
2025-05-05,P010,store,121,25.0,0,0,0
2025-05-12,P010,store,74,25.0,0,0,0
2025-05-19,P010,store,156,25.0,0,0,0
2025-05-26,P010,store,136,25.0,0,0,0
2025-06-02,P010,store,91,25.0,0,0,0
2025-06-09,P010,store,115,25.0,0,0,0
2025-06-16,P010,store,259,18.75,25,1,0
2025-06-23,P010,store,107,25.0,0,0,0
2025-06-30,P010,store,89,25.0,0,0,0
2025-07-07,P010,store,120,25.0,0,0,0
2025-07-14,P010,store,125,25.0,0,0,0
2025-07-21,P010,store,125,25.0,0,0,0
2025-07-28,P010,store,259,17.5,30,1,0
2025-08-04,P010,store,125,25.0,0,0,0
2025-08-11,P010,store,133,25.0,0,0,0
2025-08-18,P010,store,145,25.0,0,0,0
2025-08-25,P010,store,119,25.0,0,0,0
2025-09-01,P010,store,124,25.0,0,0,0
2025-09-08,P010,store,110,25.0,0,0,0
2025-09-15,P010,store,144,25.0,0,0,0
2025-09-22,P010,store,180,25.0,0,0,0
2025-09-29,P010,store,105,25.0,0,0,0
2025-10-06,P010,store,126,25.0,0,0,0
2025-10-13,P010,store,140,25.0,0,0,0
2025-10-20,P010,store,141,25.0,0,0,0
2025-10-27,P010,store,125,25.0,0,0,0
2025-11-03,P010,store,133,25.0,0,0,0
2025-11-10,P010,store,148,25.0,0,0,0
2025-11-17,P010,store,154,25.0,0,0,0
2025-11-24,P010,store,200,25.0,0,0,0
2025-12-01,P010,store,296,25.0,0,0,0
2025-12-08,P010,store,274,25.0,0,0,0
2025-12-15,P010,store,326,25.0,0,0,0
2025-12-22,P010,store,344,22.5,10,1,0
2023-01-02,P010,online,57,25.0,0,0,0
2023-01-09,P010,online,63,25.0,0,0,0
2023-01-16,P010,online,74,25.0,0,0,0
2023-01-23,P010,online,80,25.0,0,0,0
2023-01-30,P010,online,60,25.0,0,0,0
2023-02-06,P010,online,87,25.0,0,0,0
2023-02-13,P010,online,86,25.0,0,0,0
2023-02-20,P010,online,106,25.0,0,0,0
2023-02-27,P010,online,107,22.5,10,1,0
2023-03-06,P010,online,104,25.0,0,0,0
2023-03-13,P010,online,94,25.0,0,0,0
2023-03-20,P010,online,105,25.0,0,0,0
2023-03-27,P010,online,82,25.0,0,0,0
2023-04-03,P010,online,99,25.0,0,0,0
2023-04-10,P010,online,81,25.0,0,0,0
2023-04-17,P010,online,107,25.0,0,0,0
2023-04-24,P010,online,116,25.0,0,0,0
2023-05-01,P010,online,92,25.0,0,0,0
2023-05-08,P010,online,107,25.0,0,0,0
2023-05-15,P010,online,98,25.0,0,0,0
2023-05-22,P010,online,105,25.0,0,0,0
2023-05-29,P010,online,98,25.0,0,0,0
2023-06-05,P010,online,129,25.0,0,0,0
2023-06-12,P010,online,110,25.0,0,0,0
2023-06-19,P010,online,82,25.0,0,0,0
2023-06-26,P010,online,99,25.0,0,0,0
2023-07-03,P010,online,131,25.0,0,0,0
2023-07-10,P010,online,116,25.0,0,0,0
2023-07-17,P010,online,115,25.0,0,0,0
2023-07-24,P010,online,115,25.0,0,0,0
2023-07-31,P010,online,219,17.5,30,1,0
2023-08-07,P010,online,118,25.0,0,0,0
2023-08-14,P010,online,135,25.0,0,0,0
2023-08-21,P010,online,71,25.0,0,0,0
2023-08-28,P010,online,132,25.0,0,0,0
2023-09-04,P010,online,114,25.0,0,0,0
2023-09-11,P010,online,99,25.0,0,0,0
2023-09-18,P010,online,143,25.0,0,0,0
2023-09-25,P010,online,100,25.0,0,0,0
2023-10-02,P010,online,131,25.0,0,0,0
2023-10-09,P010,online,113,25.0,0,0,0
2023-10-16,P010,online,124,25.0,0,0,0
2023-10-23,P010,online,124,25.0,0,0,0
2023-10-30,P010,online,191,25.0,0,0,0
2023-11-06,P010,online,169,25.0,0,0,0
2023-11-13,P010,online,209,25.0,0,0,0
2023-11-20,P010,online,246,25.0,0,0,0
2023-11-27,P010,online,234,25.0,0,0,0
2023-12-04,P010,online,286,25.0,0,0,0
2023-12-11,P010,online,285,25.0,0,0,0
2023-12-18,P010,online,812,18.75,25,1,0
2023-12-25,P010,online,194,25.0,0,0,0
2024-01-01,P010,online,65,25.0,0,0,0
2024-01-08,P010,online,70,25.0,0,0,0
2024-01-15,P010,online,86,25.0,0,0,0
2024-01-22,P010,online,87,25.0,0,0,0
2024-01-29,P010,online,57,25.0,0,0,0
2024-02-05,P010,online,100,25.0,0,0,0
2024-02-12,P010,online,129,25.0,0,0,0
2024-02-19,P010,online,148,25.0,0,0,0
2024-02-26,P010,online,104,25.0,0,0,0
2024-03-04,P010,online,69,25.0,0,0,0
2024-03-11,P010,online,107,25.0,0,0,0
2024-03-18,P010,online,99,25.0,0,0,0
2024-03-25,P010,online,156,25.0,0,0,0
2024-04-01,P010,online,110,25.0,0,0,0
2024-04-08,P010,online,123,25.0,0,0,0
2024-04-15,P010,online,145,25.0,0,0,0
2024-04-22,P010,online,97,25.0,0,0,0
2024-04-29,P010,online,119,25.0,0,0,0
2024-05-06,P010,online,121,25.0,0,0,0
2024-05-13,P010,online,130,25.0,0,0,0
2024-05-20,P010,online,145,25.0,0,0,0
2024-05-27,P010,online,105,25.0,0,0,0
2024-06-03,P010,online,92,25.0,0,0,0
2024-06-10,P010,online,100,25.0,0,0,0
2024-06-17,P010,online,117,25.0,0,0,0
2024-06-24,P010,online,134,25.0,0,0,0
2024-07-01,P010,online,120,25.0,0,0,0
2024-07-08,P010,online,150,25.0,0,0,0
2024-07-15,P010,online,148,25.0,0,0,0
2024-07-22,P010,online,168,25.0,0,0,0
2024-07-29,P010,online,115,25.0,0,0,0
2024-08-05,P010,online,172,21.25,15,1,0
2024-08-12,P010,online,87,25.0,0,0,0
2024-08-19,P010,online,110,25.0,0,0,0
2024-08-26,P010,online,106,25.0,0,0,0
2024-09-02,P010,online,160,25.0,0,0,0
2024-09-09,P010,online,130,25.0,0,0,0
2024-09-16,P010,online,130,25.0,0,0,0
2024-09-23,P010,online,148,25.0,0,0,0
2024-09-30,P010,online,121,25.0,0,0,0
2024-10-07,P010,online,113,25.0,0,0,0
2024-10-14,P010,online,102,25.0,0,0,0
2024-10-21,P010,online,131,25.0,0,0,0
2024-10-28,P010,online,143,25.0,0,0,0
2024-11-04,P010,online,158,25.0,0,0,0
2024-11-11,P010,online,267,25.0,0,0,0
2024-11-18,P010,online,416,25.0,0,0,0
2024-11-25,P010,online,312,25.0,0,0,0
2024-12-02,P010,online,229,25.0,0,0,0
2024-12-09,P010,online,335,25.0,0,0,0
2024-12-16,P010,online,321,25.0,0,0,0
2024-12-23,P010,online,256,25.0,0,0,0
2024-12-30,P010,online,136,25.0,0,0,0
2025-01-06,P010,online,105,25.0,0,0,0
2025-01-13,P010,online,141,25.0,0,0,0
2025-01-20,P010,online,103,25.0,0,0,0
2025-01-27,P010,online,93,25.0,0,0,0
2025-02-03,P010,online,83,25.0,0,0,0
2025-02-10,P010,online,179,25.0,0,0,0
2025-02-17,P010,online,122,25.0,0,0,0
2025-02-24,P010,online,208,21.25,15,1,0
2025-03-03,P010,online,99,25.0,0,0,0
2025-03-10,P010,online,157,25.0,0,0,0
2025-03-17,P010,online,129,25.0,0,0,0
2025-03-24,P010,online,141,25.0,0,0,0
2025-03-31,P010,online,169,25.0,0,0,0
2025-04-07,P010,online,114,25.0,0,0,0
2025-04-14,P010,online,146,25.0,0,0,0
2025-04-21,P010,online,150,25.0,0,0,0
2025-04-28,P010,online,184,25.0,0,0,0
2025-05-05,P010,online,117,25.0,0,0,0
2025-05-12,P010,online,209,20.0,20,1,0
2025-05-19,P010,online,113,25.0,0,0,0
2025-05-26,P010,online,115,25.0,0,0,0
2025-06-02,P010,online,325,18.75,25,1,0
2025-06-09,P010,online,99,25.0,0,0,0
2025-06-16,P010,online,120,25.0,0,0,0
2025-06-23,P010,online,137,25.0,0,0,0
2025-06-30,P010,online,121,25.0,0,0,0
2025-07-07,P010,online,132,25.0,0,0,0
2025-07-14,P010,online,117,25.0,0,0,0
2025-07-21,P010,online,147,25.0,0,0,0
2025-07-28,P010,online,214,25.0,0,0,0
2025-08-04,P010,online,161,25.0,0,0,0
2025-08-11,P010,online,184,25.0,0,0,0
2025-08-18,P010,online,98,25.0,0,0,0
2025-08-25,P010,online,113,25.0,0,0,0
2025-09-01,P010,online,156,25.0,0,0,0
2025-09-08,P010,online,135,25.0,0,0,0
2025-09-15,P010,online,208,25.0,0,0,0
2025-09-22,P010,online,92,25.0,0,0,0
2025-09-29,P010,online,141,25.0,0,0,0
2025-10-06,P010,online,140,25.0,0,0,0
2025-10-13,P010,online,126,25.0,0,0,0
2025-10-20,P010,online,115,25.0,0,0,0
2025-10-27,P010,online,155,25.0,0,0,0
2025-11-03,P010,online,195,25.0,0,0,0
2025-11-10,P010,online,242,25.0,0,0,0
2025-11-17,P010,online,342,25.0,0,0,0
2025-11-24,P010,online,355,25.0,0,0,0
2025-12-01,P010,online,345,25.0,0,0,0
2025-12-08,P010,online,404,25.0,0,0,0
2025-12-15,P010,online,291,25.0,0,0,0
2025-12-22,P010,online,336,25.0,0,0,0
2023-01-02,P011,store,41,62.09,0,0,0
2023-01-09,P011,store,45,62.09,0,0,0
2023-01-16,P011,store,16,43.46,30,1,0
2023-01-23,P011,store,9,62.09,0,0,0
2023-01-30,P011,store,28,62.09,0,0,0
2023-02-06,P011,store,4,62.09,0,0,0
2023-02-13,P011,store,4,62.09,0,0,0
2023-02-20,P011,store,190,62.09,0,0,0
2023-02-27,P011,store,40,49.67,20,1,0
2023-03-06,P011,store,16,62.09,0,0,0
2023-03-13,P011,store,51,62.09,0,0,0
2023-03-20,P011,store,105,62.09,0,0,0
2023-03-27,P011,store,2,62.09,0,0,0
2023-04-03,P011,store,0,62.09,0,0,0
2023-04-10,P011,store,12,43.46,30,1,0
2023-04-17,P011,store,45,62.09,0,0,0
2023-04-24,P011,store,45,62.09,0,0,0
2023-05-01,P011,store,35,62.09,0,0,0
2023-05-08,P011,store,37,62.09,0,0,0
2023-05-15,P011,store,21,62.09,0,0,0
2023-05-22,P011,store,8,62.09,0,0,0
2023-05-29,P011,store,39,52.78,15,1,0
2023-06-05,P011,store,34,62.09,0,0,0
2023-06-12,P011,store,21,62.09,0,0,0
2023-06-19,P011,store,2,62.09,0,0,0
2023-06-26,P011,store,1,62.09,0,0,0
2023-07-03,P011,store,9,62.09,0,0,0
2023-07-10,P011,store,28,62.09,0,0,0
2023-07-17,P011,store,10,62.09,0,0,0
2023-07-24,P011,store,28,62.09,0,0,0
2023-07-31,P011,store,47,52.78,15,1,0
2023-08-07,P011,store,55,62.09,0,0,0
2023-08-14,P011,store,8,62.09,0,0,0
2023-08-21,P011,store,1,62.09,0,0,0
2023-08-28,P011,store,19,62.09,0,0,0
2023-09-04,P011,store,35,62.09,0,0,0
2023-09-11,P011,store,8,62.09,0,0,0
2023-09-18,P011,store,21,62.09,0,0,0
2023-09-25,P011,store,63,62.09,0,0,0
2023-10-02,P011,store,36,62.09,0,0,0
2023-10-09,P011,store,5,62.09,0,0,0
2023-10-16,P011,store,57,62.09,0,0,0
2023-10-23,P011,store,0,62.09,0,0,0
2023-10-30,P011,store,53,62.09,0,0,0
2023-11-06,P011,store,159,46.57,25,1,0
2023-11-13,P011,store,10,62.09,0,0,0
2023-11-20,P011,store,79,62.09,0,0,0
2023-11-27,P011,store,58,62.09,0,0,0
2023-12-04,P011,store,50,62.09,0,0,0
2023-12-11,P011,store,43,62.09,0,0,0
2023-12-18,P011,store,278,46.57,25,1,0
2023-12-25,P011,store,38,62.09,0,0,0
2024-01-01,P011,store,70,62.09,0,0,0
2024-01-08,P011,store,20,62.09,0,0,0
2024-01-15,P011,store,19,62.09,0,0,0
2024-01-22,P011,store,16,62.09,0,0,0
2024-01-29,P011,store,7,62.09,0,0,0
2024-02-05,P011,store,19,62.09,0,0,0
2024-02-12,P011,store,53,62.09,0,0,0
2024-02-19,P011,store,28,62.09,0,0,0
2024-02-26,P011,store,32,62.09,0,0,0
2024-03-04,P011,store,8,62.09,0,0,0
2024-03-11,P011,store,34,62.09,0,0,0
2024-03-18,P011,store,81,62.09,0,0,0
2024-03-25,P011,store,22,62.09,0,0,0
2024-04-01,P011,store,71,49.67,20,1,0
2024-04-08,P011,store,67,62.09,0,0,0
2024-04-15,P011,store,5,62.09,0,0,0
2024-04-22,P011,store,11,62.09,0,0,0
2024-04-29,P011,store,66,62.09,0,0,0
2024-05-06,P011,store,60,49.67,20,1,0
2024-05-13,P011,store,24,62.09,0,0,0
2024-05-20,P011,store,23,62.09,0,0,0
2024-05-27,P011,store,24,62.09,0,0,0
2024-06-03,P011,store,117,49.67,20,1,0
2024-06-10,P011,store,22,62.09,0,0,0
2024-06-17,P011,store,17,62.09,0,0,0
2024-06-24,P011,store,6,62.09,0,0,0
2024-07-01,P011,store,82,62.09,0,0,0
2024-07-08,P011,store,3,62.09,0,0,0
2024-07-15,P011,store,62,62.09,0,0,0
2024-07-22,P011,store,36,62.09,0,0,0
2024-07-29,P011,store,7,62.09,0,0,0
2024-08-05,P011,store,11,62.09,0,0,0
2024-08-12,P011,store,36,62.09,0,0,0
2024-08-19,P011,store,42,62.09,0,0,0
2024-08-26,P011,store,14,62.09,0,0,0
2024-09-02,P011,store,5,62.09,0,0,0
2024-09-09,P011,store,4,62.09,0,0,0
2024-09-16,P011,store,17,62.09,0,0,0
2024-09-23,P011,store,6,62.09,0,0,0
2024-09-30,P011,store,16,62.09,0,0,0
2024-10-07,P011,store,12,62.09,0,0,0
2024-10-14,P011,store,4,62.09,0,0,0
2024-10-21,P011,store,2,62.09,0,0,0
2024-10-28,P011,store,28,46.57,25,1,0
2024-11-04,P011,store,48,62.09,0,0,0
2024-11-11,P011,store,0,62.09,0,0,0
2024-11-18,P011,store,24,62.09,0,0,0
2024-11-25,P011,store,77,62.09,0,0,0
2024-12-02,P011,store,91,62.09,0,0,0
2024-12-09,P011,store,17,62.09,0,0,0
2024-12-16,P011,store,103,62.09,0,0,0
2024-12-23,P011,store,43,62.09,0,0,0
2024-12-30,P011,store,27,62.09,0,0,0
2025-01-06,P011,store,105,62.09,0,0,0
2025-01-13,P011,store,1,62.09,0,0,0
2025-01-20,P011,store,1,62.09,0,0,0
2025-01-27,P011,store,0,62.09,0,0,0
2025-02-03,P011,store,1,62.09,0,0,0
2025-02-10,P011,store,25,62.09,0,0,0
2025-02-17,P011,store,14,62.09,0,0,0
2025-02-24,P011,store,11,62.09,0,0,0
2025-03-03,P011,store,71,62.09,0,0,0
2025-03-10,P011,store,50,62.09,0,0,0
2025-03-17,P011,store,22,62.09,0,0,0
2025-03-24,P011,store,39,62.09,0,0,0
2025-03-31,P011,store,19,62.09,0,0,0
2025-04-07,P011,store,10,62.09,0,0,0
2025-04-14,P011,store,42,62.09,0,0,0
2025-04-21,P011,store,24,62.09,0,0,0
2025-04-28,P011,store,3,62.09,0,0,0
2025-05-05,P011,store,6,62.09,0,0,0
2025-05-12,P011,store,37,62.09,0,0,0
2025-05-19,P011,store,47,62.09,0,0,0
2025-05-26,P011,store,16,52.78,15,1,0
2025-06-02,P011,store,69,62.09,0,0,0
2025-06-09,P011,store,2,62.09,0,0,0
2025-06-16,P011,store,19,62.09,0,0,0
2025-06-23,P011,store,22,62.09,0,0,0
2025-06-30,P011,store,25,62.09,0,0,0
2025-07-07,P011,store,58,62.09,0,0,0
2025-07-14,P011,store,79,62.09,0,0,0
2025-07-21,P011,store,13,62.09,0,0,0
2025-07-28,P011,store,6,62.09,0,0,0
2025-08-04,P011,store,18,62.09,0,0,0
2025-08-11,P011,store,33,62.09,0,0,0
2025-08-18,P011,store,2,62.09,0,0,0
2025-08-25,P011,store,8,46.57,25,1,0
2025-09-01,P011,store,22,62.09,0,0,0
2025-09-08,P011,store,16,62.09,0,0,0
2025-09-15,P011,store,20,62.09,0,0,0
2025-09-22,P011,store,17,62.09,0,0,0
2025-09-29,P011,store,84,62.09,0,0,0
2025-10-06,P011,store,15,62.09,0,0,0
2025-10-13,P011,store,56,62.09,0,0,0
2025-10-20,P011,store,9,62.09,0,0,0
2025-10-27,P011,store,5,62.09,0,0,0
2025-11-03,P011,store,86,62.09,0,0,0
2025-11-10,P011,store,6,52.78,15,1,0
2025-11-17,P011,store,110,62.09,0,0,0
2025-11-24,P011,store,8,62.09,0,0,0
2025-12-01,P011,store,31,62.09,0,0,0
2025-12-08,P011,store,94,62.09,0,0,0
2025-12-15,P011,store,41,62.09,0,0,0
2025-12-22,P011,store,19,62.09,0,0,0
2023-01-02,P011,online,4,62.09,0,0,0
2023-01-09,P011,online,6,62.09,0,0,0
2023-01-16,P011,online,9,62.09,0,0,0
2023-01-23,P011,online,11,62.09,0,0,0
2023-01-30,P011,online,17,62.09,0,0,0
2023-02-06,P011,online,7,62.09,0,0,0
2023-02-13,P011,online,26,62.09,0,0,0
2023-02-20,P011,online,10,62.09,0,0,0
2023-02-27,P011,online,37,49.67,20,1,0
2023-03-06,P011,online,0,62.09,0,0,0
2023-03-13,P011,online,2,62.09,0,0,0
2023-03-20,P011,online,23,62.09,0,0,0
2023-03-27,P011,online,18,62.09,0,0,0
2023-04-03,P011,online,30,62.09,0,0,0
2023-04-10,P011,online,55,49.67,20,1,0
2023-04-17,P011,online,25,62.09,0,0,0
2023-04-24,P011,online,22,62.09,0,0,0
2023-05-01,P011,online,41,62.09,0,0,0
2023-05-08,P011,online,8,62.09,0,0,0
2023-05-15,P011,online,9,62.09,0,0,0
2023-05-22,P011,online,8,62.09,0,0,0
2023-05-29,P011,online,24,62.09,0,0,0
2023-06-05,P011,online,27,62.09,0,0,0
2023-06-12,P011,online,4,62.09,0,0,0
2023-06-19,P011,online,38,62.09,0,0,0
2023-06-26,P011,online,43,49.67,20,1,0
2023-07-03,P011,online,7,62.09,0,0,0
2023-07-10,P011,online,16,62.09,0,0,0
2023-07-17,P011,online,7,62.09,0,0,0
2023-07-24,P011,online,0,62.09,0,0,0
2023-07-31,P011,online,15,62.09,0,0,0
2023-08-07,P011,online,21,62.09,0,0,0
2023-08-14,P011,online,31,52.78,15,1,0
2023-08-21,P011,online,17,62.09,0,0,0
2023-08-28,P011,online,9,62.09,0,0,0
2023-09-04,P011,online,37,62.09,0,0,0
2023-09-11,P011,online,9,52.78,15,1,0
2023-09-18,P011,online,5,62.09,0,0,0
2023-09-25,P011,online,32,62.09,0,0,0
2023-10-02,P011,online,14,62.09,0,0,0
2023-10-09,P011,online,20,62.09,0,0,0
2023-10-16,P011,online,25,62.09,0,0,0
2023-10-23,P011,online,8,62.09,0,0,0
2023-10-30,P011,online,38,62.09,0,0,0
2023-11-06,P011,online,17,62.09,0,0,0
2023-11-13,P011,online,12,62.09,0,0,0
2023-11-20,P011,online,11,62.09,0,0,0
2023-11-27,P011,online,10,62.09,0,0,0
2023-12-04,P011,online,48,62.09,0,0,0
2023-12-11,P011,online,7,62.09,0,0,0
2023-12-18,P011,online,35,62.09,0,0,0
2023-12-25,P011,online,52,62.09,0,0,0
2024-01-01,P011,online,14,62.09,0,0,0
2024-01-08,P011,online,0,62.09,0,0,0
2024-01-15,P011,online,1,62.09,0,0,0
2024-01-22,P011,online,8,52.78,15,1,0
2024-01-29,P011,online,3,62.09,0,0,0
2024-02-05,P011,online,5,62.09,0,0,0
2024-02-12,P011,online,18,62.09,0,0,0
2024-02-19,P011,online,14,62.09,0,0,0
2024-02-26,P011,online,73,62.09,0,0,0
2024-03-04,P011,online,22,46.57,25,1,0
2024-03-11,P011,online,7,62.09,0,0,0
2024-03-18,P011,online,10,62.09,0,0,0
2024-03-25,P011,online,34,62.09,0,0,0
2024-04-01,P011,online,13,62.09,0,0,0
2024-04-08,P011,online,14,46.57,25,1,0
2024-04-15,P011,online,6,62.09,0,0,0
2024-04-22,P011,online,6,62.09,0,0,0
2024-04-29,P011,online,1,62.09,0,0,0
2024-05-06,P011,online,116,43.46,30,1,0
2024-05-13,P011,online,15,62.09,0,0,0
2024-05-20,P011,online,2,55.88,10,1,0
2024-05-27,P011,online,47,62.09,0,0,0
2024-06-03,P011,online,3,62.09,0,0,0
2024-06-10,P011,online,22,62.09,0,0,0
2024-06-17,P011,online,15,62.09,0,0,0
2024-06-24,P011,online,3,62.09,0,0,0
2024-07-01,P011,online,4,62.09,0,0,0
2024-07-08,P011,online,34,62.09,0,0,0
2024-07-15,P011,online,17,62.09,0,0,0
2024-07-22,P011,online,1,62.09,0,0,0
2024-07-29,P011,online,21,62.09,0,0,0
2024-08-05,P011,online,16,62.09,0,0,0
2024-08-12,P011,online,5,62.09,0,0,0
2024-08-19,P011,online,8,55.88,10,1,0
2024-08-26,P011,online,25,62.09,0,0,0
2024-09-02,P011,online,47,62.09,0,0,0
2024-09-09,P011,online,7,62.09,0,0,0
2024-09-16,P011,online,11,62.09,0,0,0
2024-09-23,P011,online,13,62.09,0,0,0
2024-09-30,P011,online,1,62.09,0,0,0
2024-10-07,P011,online,49,62.09,0,0,0
2024-10-14,P011,online,6,62.09,0,0,0
2024-10-21,P011,online,21,62.09,0,0,0
2024-10-28,P011,online,12,62.09,0,0,0
2024-11-04,P011,online,20,62.09,0,0,0
2024-11-11,P011,online,30,62.09,0,0,0
2024-11-18,P011,online,11,62.09,0,0,0
2024-11-25,P011,online,6,46.57,25,1,0
2024-12-02,P011,online,17,62.09,0,0,0
2024-12-09,P011,online,32,62.09,0,0,0
2024-12-16,P011,online,60,62.09,0,0,0
2024-12-23,P011,online,82,49.67,20,1,0
2024-12-30,P011,online,1,62.09,0,0,0
2025-01-06,P011,online,9,62.09,0,0,0
2025-01-13,P011,online,18,62.09,0,0,0
2025-01-20,P011,online,11,62.09,0,0,0
2025-01-27,P011,online,35,55.88,10,1,0
2025-02-03,P011,online,12,62.09,0,0,0
2025-02-10,P011,online,25,62.09,0,0,0
2025-02-17,P011,online,17,62.09,0,0,0
2025-02-24,P011,online,14,62.09,0,0,0
2025-03-03,P011,online,8,62.09,0,0,0
2025-03-10,P011,online,9,62.09,0,0,0
2025-03-17,P011,online,16,62.09,0,0,0
2025-03-24,P011,online,49,62.09,0,0,0
2025-03-31,P011,online,9,62.09,0,0,0
2025-04-07,P011,online,9,62.09,0,0,0
2025-04-14,P011,online,26,62.09,0,0,0
2025-04-21,P011,online,15,62.09,0,0,0
2025-04-28,P011,online,22,62.09,0,0,0
2025-05-05,P011,online,2,62.09,0,0,0
2025-05-12,P011,online,42,62.09,0,0,0
2025-05-19,P011,online,0,62.09,0,0,0
2025-05-26,P011,online,7,62.09,0,0,0
2025-06-02,P011,online,33,62.09,0,0,0
2025-06-09,P011,online,25,62.09,0,0,0
2025-06-16,P011,online,29,62.09,0,0,0
2025-06-23,P011,online,13,62.09,0,0,0
2025-06-30,P011,online,20,62.09,0,0,0
2025-07-07,P011,online,8,62.09,0,0,0
2025-07-14,P011,online,2,62.09,0,0,0
2025-07-21,P011,online,6,62.09,0,0,0
2025-07-28,P011,online,9,62.09,0,0,0
2025-08-04,P011,online,44,62.09,0,0,0
2025-08-11,P011,online,22,62.09,0,0,0
2025-08-18,P011,online,10,62.09,0,0,0
2025-08-25,P011,online,4,62.09,0,0,0
2025-09-01,P011,online,30,62.09,0,0,0
2025-09-08,P011,online,37,62.09,0,0,0
2025-09-15,P011,online,3,62.09,0,0,0
2025-09-22,P011,online,25,62.09,0,0,0
2025-09-29,P011,online,21,62.09,0,0,0
2025-10-06,P011,online,9,62.09,0,0,0
2025-10-13,P011,online,52,62.09,0,0,0
2025-10-20,P011,online,70,62.09,0,0,0
2025-10-27,P011,online,29,62.09,0,0,0
2025-11-03,P011,online,5,62.09,0,0,0
2025-11-10,P011,online,6,62.09,0,0,0
2025-11-17,P011,online,20,62.09,0,0,0
2025-11-24,P011,online,95,62.09,0,0,0
2025-12-01,P011,online,22,62.09,0,0,0
2025-12-08,P011,online,21,62.09,0,0,0
2025-12-15,P011,online,10,62.09,0,0,0
2025-12-22,P011,online,15,62.09,0,0,0
2023-01-02,P012,store,0,54.54,0,0,0
2023-01-09,P012,store,2,54.54,0,0,0
2023-01-16,P012,store,0,54.54,0,0,0
2023-01-23,P012,store,0,54.54,0,0,0
2023-01-30,P012,store,3,54.54,0,0,0
2023-02-06,P012,store,0,54.54,0,0,0
2023-02-13,P012,store,1,54.54,0,0,0
2023-02-20,P012,store,0,54.54,0,0,0
2023-02-27,P012,store,0,54.54,0,0,0
2023-03-06,P012,store,0,54.54,0,0,0
2023-03-13,P012,store,0,54.54,0,0,0
2023-03-20,P012,store,0,54.54,0,0,0
2023-03-27,P012,store,0,54.54,0,0,0
2023-04-03,P012,store,1,54.54,0,0,0
2023-04-10,P012,store,0,54.54,0,0,0
2023-04-17,P012,store,0,54.54,0,0,0
2023-04-24,P012,store,0,54.54,0,0,0
2023-05-01,P012,store,0,54.54,0,0,0
2023-05-08,P012,store,0,54.54,0,0,0
2023-05-15,P012,store,0,54.54,0,0,0
2023-05-22,P012,store,0,54.54,0,0,0
2023-05-29,P012,store,4,46.36,15,1,0
2023-06-05,P012,store,0,54.54,0,0,0
2023-06-12,P012,store,0,54.54,0,0,0
2023-06-19,P012,store,2,38.18,30,1,0
2023-06-26,P012,store,3,54.54,0,0,0
2023-07-03,P012,store,0,54.54,0,0,0
2023-07-10,P012,store,0,54.54,0,0,0
2023-07-17,P012,store,0,54.54,0,0,0
2023-07-24,P012,store,0,54.54,0,0,0
2023-07-31,P012,store,0,54.54,0,0,0
2023-08-07,P012,store,0,54.54,0,0,0
2023-08-14,P012,store,1,54.54,0,0,0
2023-08-21,P012,store,0,54.54,0,0,0
2023-08-28,P012,store,0,54.54,0,0,0
2023-09-04,P012,store,2,54.54,0,0,0
2023-09-11,P012,store,0,54.54,0,0,0
2023-09-18,P012,store,0,54.54,0,0,0
2023-09-25,P012,store,0,54.54,0,0,0
2023-10-02,P012,store,0,54.54,0,0,0
2023-10-09,P012,store,0,54.54,0,0,0
2023-10-16,P012,store,0,54.54,0,0,0
2023-10-23,P012,store,0,54.54,0,0,0
2023-10-30,P012,store,0,46.36,15,1,0
2023-11-06,P012,store,0,54.54,0,0,0
2023-11-13,P012,store,1,54.54,0,0,0
2023-11-20,P012,store,0,54.54,0,0,0
2023-11-27,P012,store,0,54.54,0,0,0
2023-12-04,P012,store,1,43.63,20,1,0
2023-12-11,P012,store,3,54.54,0,0,0
2023-12-18,P012,store,0,54.54,0,0,0
2023-12-25,P012,store,0,54.54,0,0,0
2024-01-01,P012,store,0,54.54,0,0,0
2024-01-08,P012,store,0,54.54,0,0,0
2024-01-15,P012,store,1,54.54,0,0,0
2024-01-22,P012,store,0,54.54,0,0,0
2024-01-29,P012,store,0,54.54,0,0,0
2024-02-05,P012,store,3,54.54,0,0,0
2024-02-12,P012,store,3,54.54,0,0,0
2024-02-19,P012,store,4,54.54,0,0,0
2024-02-26,P012,store,0,54.54,0,0,0
2024-03-04,P012,store,2,54.54,0,0,0
2024-03-11,P012,store,0,54.54,0,0,0
2024-03-18,P012,store,0,54.54,0,0,0
2024-03-25,P012,store,0,54.54,0,0,0
2024-04-01,P012,store,0,54.54,0,0,0
2024-04-08,P012,store,0,54.54,0,0,0
2024-04-15,P012,store,1,40.9,25,1,0
2024-04-22,P012,store,2,54.54,0,0,0
2024-04-29,P012,store,2,49.09,10,1,0
2024-05-06,P012,store,0,54.54,0,0,0
2024-05-13,P012,store,0,54.54,0,0,0
2024-05-20,P012,store,2,49.09,10,1,0
2024-05-27,P012,store,0,54.54,0,0,0
2024-06-03,P012,store,0,54.54,0,0,0
2024-06-10,P012,store,0,54.54,0,0,0
2024-06-17,P012,store,1,38.18,30,1,0
2024-06-24,P012,store,0,54.54,0,0,0
2024-07-01,P012,store,0,54.54,0,0,0
2024-07-08,P012,store,2,54.54,0,0,0
2024-07-15,P012,store,0,54.54,0,0,0
2024-07-22,P012,store,0,54.54,0,0,0
2024-07-29,P012,store,0,54.54,0,0,0
2024-08-05,P012,store,1,54.54,0,0,0
2024-08-12,P012,store,5,54.54,0,0,0
2024-08-19,P012,store,0,54.54,0,0,0
2024-08-26,P012,store,0,54.54,0,0,0
2024-09-02,P012,store,0,54.54,0,0,0
2024-09-09,P012,store,0,54.54,0,0,0
2024-09-16,P012,store,0,54.54,0,0,0
2024-09-23,P012,store,0,54.54,0,0,0
2024-09-30,P012,store,1,54.54,0,0,0
2024-10-07,P012,store,0,54.54,0,0,0
2024-10-14,P012,store,0,54.54,0,0,0
2024-10-21,P012,store,0,54.54,0,0,0
2024-10-28,P012,store,0,54.54,0,0,0
2024-11-04,P012,store,3,38.18,30,1,0
2024-11-11,P012,store,0,54.54,0,0,0
2024-11-18,P012,store,3,54.54,0,0,0
2024-11-25,P012,store,3,54.54,0,0,0
2024-12-02,P012,store,3,54.54,0,0,0
2024-12-09,P012,store,0,54.54,0,0,0
2024-12-16,P012,store,0,54.54,0,0,0
2024-12-23,P012,store,0,54.54,0,0,0
2024-12-30,P012,store,0,54.54,0,0,0
2025-01-06,P012,store,0,54.54,0,0,0
2025-01-13,P012,store,0,54.54,0,0,0
2025-01-20,P012,store,0,54.54,0,0,0
2025-01-27,P012,store,0,54.54,0,0,0
2025-02-03,P012,store,0,54.54,0,0,0
2025-02-10,P012,store,0,54.54,0,0,0
2025-02-17,P012,store,0,54.54,0,0,0
2025-02-24,P012,store,0,54.54,0,0,0
2025-03-03,P012,store,0,54.54,0,0,0
2025-03-10,P012,store,0,54.54,0,0,0
2025-03-17,P012,store,0,54.54,0,0,0
2025-03-24,P012,store,2,43.63,20,1,0
2025-03-31,P012,store,0,54.54,0,0,0
2025-04-07,P012,store,0,54.54,0,0,0
2025-04-14,P012,store,0,54.54,0,0,0
2025-04-21,P012,store,3,54.54,0,0,0
2025-04-28,P012,store,0,54.54,0,0,0
2025-05-05,P012,store,0,54.54,0,0,0
2025-05-12,P012,store,3,54.54,0,0,0
2025-05-19,P012,store,0,54.54,0,0,0
2025-05-26,P012,store,0,54.54,0,0,0
2025-06-02,P012,store,0,54.54,0,0,0
2025-06-09,P012,store,0,54.54,0,0,0
2025-06-16,P012,store,2,38.18,30,1,0
2025-06-23,P012,store,0,54.54,0,0,0
2025-06-30,P012,store,0,54.54,0,0,0
2025-07-07,P012,store,2,54.54,0,0,0
2025-07-14,P012,store,2,54.54,0,0,0
2025-07-21,P012,store,1,54.54,0,0,0
2025-07-28,P012,store,0,54.54,0,0,0
2025-08-04,P012,store,0,54.54,0,0,0
2025-08-11,P012,store,1,54.54,0,0,0
2025-08-18,P012,store,2,54.54,0,0,0
2025-08-25,P012,store,2,54.54,0,0,0
2025-09-01,P012,store,0,54.54,0,0,0
2025-09-08,P012,store,0,54.54,0,0,0
2025-09-15,P012,store,0,54.54,0,0,0
2025-09-22,P012,store,0,54.54,0,0,0
2025-09-29,P012,store,0,54.54,0,0,0
2025-10-06,P012,store,1,54.54,0,0,0
2025-10-13,P012,store,0,54.54,0,0,0
2025-10-20,P012,store,0,54.54,0,0,0
2025-10-27,P012,store,0,54.54,0,0,0
2025-11-03,P012,store,1,54.54,0,0,0
2025-11-10,P012,store,0,54.54,0,0,0
2025-11-17,P012,store,0,54.54,0,0,0
2025-11-24,P012,store,2,54.54,0,0,0
2025-12-01,P012,store,0,54.54,0,0,0
2025-12-08,P012,store,0,54.54,0,0,0
2025-12-15,P012,store,2,54.54,0,0,0
2025-12-22,P012,store,0,54.54,0,0,0
2023-01-02,P012,online,1,54.54,0,0,0
2023-01-09,P012,online,0,54.54,0,0,0
2023-01-16,P012,online,0,54.54,0,0,0
2023-01-23,P012,online,1,38.18,30,1,0
2023-01-30,P012,online,0,54.54,0,0,0
2023-02-06,P012,online,0,54.54,0,0,0
2023-02-13,P012,online,5,54.54,0,0,0
2023-02-20,P012,online,0,54.54,0,0,0
2023-02-27,P012,online,0,54.54,0,0,0
2023-03-06,P012,online,0,54.54,0,0,0
2023-03-13,P012,online,3,54.54,0,0,0
2023-03-20,P012,online,0,54.54,0,0,0
2023-03-27,P012,online,0,54.54,0,0,0
2023-04-03,P012,online,0,54.54,0,0,0
2023-04-10,P012,online,0,54.54,0,0,0
2023-04-17,P012,online,2,54.54,0,0,0
2023-04-24,P012,online,2,54.54,0,0,0
2023-05-01,P012,online,0,54.54,0,0,0
2023-05-08,P012,online,0,54.54,0,0,0
2023-05-15,P012,online,2,46.36,15,1,0
2023-05-22,P012,online,0,54.54,0,0,0
2023-05-29,P012,online,0,54.54,0,0,0
2023-06-05,P012,online,0,54.54,0,0,0
2023-06-12,P012,online,0,54.54,0,0,0
2023-06-19,P012,online,2,54.54,0,0,0
2023-06-26,P012,online,0,54.54,0,0,0
2023-07-03,P012,online,2,54.54,0,0,0
2023-07-10,P012,online,0,54.54,0,0,0
2023-07-17,P012,online,0,54.54,0,0,0
2023-07-24,P012,online,1,54.54,0,0,0
2023-07-31,P012,online,0,54.54,0,0,0
2023-08-07,P012,online,0,54.54,0,0,0
2023-08-14,P012,online,2,54.54,0,0,0
2023-08-21,P012,online,0,54.54,0,0,0
2023-08-28,P012,online,0,54.54,0,0,0
2023-09-04,P012,online,2,54.54,0,0,0
2023-09-11,P012,online,0,54.54,0,0,0
2023-09-18,P012,online,0,54.54,0,0,0
2023-09-25,P012,online,0,54.54,0,0,0
2023-10-02,P012,online,0,54.54,0,0,0
2023-10-09,P012,online,0,54.54,0,0,0
2023-10-16,P012,online,0,54.54,0,0,0
2023-10-23,P012,online,0,43.63,20,1,0
2023-10-30,P012,online,0,54.54,0,0,0
2023-11-06,P012,online,4,54.54,0,0,0
2023-11-13,P012,online,1,54.54,0,0,0
2023-11-20,P012,online,2,40.9,25,1,0
2023-11-27,P012,online,0,54.54,0,0,0
2023-12-04,P012,online,0,54.54,0,0,0
2023-12-11,P012,online,1,54.54,0,0,0
2023-12-18,P012,online,0,54.54,0,0,0
2023-12-25,P012,online,0,54.54,0,0,0
2024-01-01,P012,online,0,54.54,0,0,0
2024-01-08,P012,online,0,54.54,0,0,0
2024-01-15,P012,online,0,54.54,0,0,0
2024-01-22,P012,online,0,54.54,0,0,0
2024-01-29,P012,online,0,54.54,0,0,0
2024-02-05,P012,online,0,54.54,0,0,0
2024-02-12,P012,online,1,54.54,0,0,0
2024-02-19,P012,online,2,54.54,0,0,0
2024-02-26,P012,online,0,54.54,0,0,0
2024-03-04,P012,online,1,40.9,25,1,0
2024-03-11,P012,online,0,54.54,0,0,0
2024-03-18,P012,online,0,54.54,0,0,0
2024-03-25,P012,online,2,54.54,0,0,0
2024-04-01,P012,online,0,54.54,0,0,0
2024-04-08,P012,online,0,54.54,0,0,0
2024-04-15,P012,online,2,54.54,0,0,0
2024-04-22,P012,online,0,54.54,0,0,0
2024-04-29,P012,online,0,54.54,0,0,0
2024-05-06,P012,online,2,54.54,0,0,0
2024-05-13,P012,online,0,54.54,0,0,0
2024-05-20,P012,online,0,54.54,0,0,0
2024-05-27,P012,online,2,54.54,0,0,0
2024-06-03,P012,online,0,54.54,0,0,0
2024-06-10,P012,online,0,54.54,0,0,0
2024-06-17,P012,online,0,54.54,0,0,0
2024-06-24,P012,online,1,54.54,0,0,0
2024-07-01,P012,online,1,54.54,0,0,0
2024-07-08,P012,online,1,54.54,0,0,0
2024-07-15,P012,online,0,54.54,0,0,0
2024-07-22,P012,online,0,54.54,0,0,0
2024-07-29,P012,online,0,54.54,0,0,0
2024-08-05,P012,online,0,54.54,0,0,0
2024-08-12,P012,online,0,54.54,0,0,0
2024-08-19,P012,online,0,54.54,0,0,0
2024-08-26,P012,online,0,54.54,0,0,0
2024-09-02,P012,online,0,54.54,0,0,0
2024-09-09,P012,online,0,54.54,0,0,0
2024-09-16,P012,online,0,54.54,0,0,0
2024-09-23,P012,online,0,54.54,0,0,0
2024-09-30,P012,online,0,54.54,0,0,0
2024-10-07,P012,online,0,43.63,20,1,0
2024-10-14,P012,online,0,54.54,0,0,0
2024-10-21,P012,online,0,54.54,0,0,0
2024-10-28,P012,online,1,54.54,0,0,0
2024-11-04,P012,online,1,54.54,0,0,0
2024-11-11,P012,online,2,54.54,0,0,0
2024-11-18,P012,online,1,54.54,0,0,0
2024-11-25,P012,online,3,54.54,0,0,0
2024-12-02,P012,online,0,54.54,0,0,0
2024-12-09,P012,online,2,54.54,0,0,0
2024-12-16,P012,online,0,54.54,0,0,0
2024-12-23,P012,online,5,54.54,0,0,0
2024-12-30,P012,online,0,54.54,0,0,0
2025-01-06,P012,online,0,40.9,25,1,0
2025-01-13,P012,online,0,54.54,0,0,0
2025-01-20,P012,online,0,54.54,0,0,0
2025-01-27,P012,online,0,54.54,0,0,0
2025-02-03,P012,online,0,54.54,0,0,0
2025-02-10,P012,online,0,54.54,0,0,0
2025-02-17,P012,online,0,54.54,0,0,0
2025-02-24,P012,online,1,54.54,0,0,0
2025-03-03,P012,online,0,54.54,0,0,0
2025-03-10,P012,online,1,54.54,0,0,0
2025-03-17,P012,online,1,54.54,0,0,0
2025-03-24,P012,online,0,54.54,0,0,0
2025-03-31,P012,online,2,54.54,0,0,0
2025-04-07,P012,online,1,54.54,0,0,0
2025-04-14,P012,online,0,54.54,0,0,0
2025-04-21,P012,online,0,54.54,0,0,0
2025-04-28,P012,online,3,54.54,0,0,0
2025-05-05,P012,online,0,54.54,0,0,0
2025-05-12,P012,online,0,54.54,0,0,0
2025-05-19,P012,online,0,54.54,0,0,0
2025-05-26,P012,online,0,54.54,0,0,0
2025-06-02,P012,online,0,54.54,0,0,0
2025-06-09,P012,online,0,54.54,0,0,0
2025-06-16,P012,online,1,43.63,20,1,0
2025-06-23,P012,online,0,54.54,0,0,0
2025-06-30,P012,online,1,54.54,0,0,0
2025-07-07,P012,online,2,54.54,0,0,0
2025-07-14,P012,online,1,54.54,0,0,0
2025-07-21,P012,online,2,38.18,30,1,0
2025-07-28,P012,online,0,54.54,0,0,0
2025-08-04,P012,online,1,54.54,0,0,0
2025-08-11,P012,online,1,54.54,0,0,0
2025-08-18,P012,online,0,54.54,0,0,0
2025-08-25,P012,online,0,54.54,0,0,0
2025-09-01,P012,online,0,54.54,0,0,0
2025-09-08,P012,online,0,54.54,0,0,0
2025-09-15,P012,online,0,54.54,0,0,0
2025-09-22,P012,online,0,54.54,0,0,0
2025-09-29,P012,online,0,54.54,0,0,0
2025-10-06,P012,online,0,54.54,0,0,0
2025-10-13,P012,online,0,54.54,0,0,0
2025-10-20,P012,online,0,54.54,0,0,0
2025-10-27,P012,online,2,54.54,0,0,0
2025-11-03,P012,online,0,54.54,0,0,0
2025-11-10,P012,online,0,54.54,0,0,0
2025-11-17,P012,online,2,54.54,0,0,0
2025-11-24,P012,online,1,54.54,0,0,0
2025-12-01,P012,online,2,54.54,0,0,0
2025-12-08,P012,online,0,54.54,0,0,0
2025-12-15,P012,online,1,49.09,10,1,0
2025-12-22,P012,online,0,54.54,0,0,0
2023-01-02,P013,store,1,14.31,0,0,0
2023-01-09,P013,store,0,14.31,0,0,0
2023-01-16,P013,store,0,14.31,0,0,0
2023-01-23,P013,store,0,14.31,0,0,0
2023-01-30,P013,store,2,14.31,0,0,0
2023-02-06,P013,store,0,14.31,0,0,0
2023-02-13,P013,store,2,14.31,0,0,0
2023-02-20,P013,store,1,14.31,0,0,0
2023-02-27,P013,store,3,14.31,0,0,0
2023-03-06,P013,store,1,14.31,0,0,0
2023-03-13,P013,store,0,14.31,0,0,0
2023-03-20,P013,store,1,14.31,0,0,0
2023-03-27,P013,store,0,14.31,0,0,0
2023-04-03,P013,store,1,14.31,0,0,0
2023-04-10,P013,store,3,12.88,10,1,0
2023-04-17,P013,store,3,14.31,0,0,0
2023-04-24,P013,store,2,14.31,0,0,0
2023-05-01,P013,store,2,14.31,0,0,0
2023-05-08,P013,store,0,14.31,0,0,0
2023-05-15,P013,store,0,14.31,0,0,0
2023-05-22,P013,store,0,14.31,0,0,0
2023-05-29,P013,store,2,14.31,0,0,0
2023-06-05,P013,store,0,14.31,0,0,0
2023-06-12,P013,store,0,14.31,0,0,0
2023-06-19,P013,store,1,10.73,25,1,0
2023-06-26,P013,store,2,14.31,0,0,0
2023-07-03,P013,store,3,14.31,0,0,0
2023-07-10,P013,store,2,14.31,0,0,0
2023-07-17,P013,store,0,14.31,0,0,0
2023-07-24,P013,store,0,14.31,0,0,0
2023-07-31,P013,store,0,14.31,0,0,0
2023-08-07,P013,store,0,14.31,0,0,0
2023-08-14,P013,store,2,14.31,0,0,0
2023-08-21,P013,store,1,14.31,0,0,0
2023-08-28,P013,store,0,14.31,0,0,0
2023-09-04,P013,store,0,14.31,0,0,0
2023-09-11,P013,store,0,14.31,0,0,0
2023-09-18,P013,store,0,12.88,10,1,0
2023-09-25,P013,store,1,14.31,0,0,0
2023-10-02,P013,store,3,14.31,0,0,0
2023-10-09,P013,store,0,14.31,0,0,0
2023-10-16,P013,store,0,14.31,0,0,0
2023-10-23,P013,store,2,12.16,15,1,0
2023-10-30,P013,store,0,14.31,0,0,0
2023-11-06,P013,store,0,14.31,0,0,0
2023-11-13,P013,store,1,14.31,0,0,0
2023-11-20,P013,store,1,14.31,0,0,0
2023-11-27,P013,store,0,14.31,0,0,0
2023-12-04,P013,store,2,14.31,0,0,0
2023-12-11,P013,store,1,14.31,0,0,0
2023-12-18,P013,store,0,14.31,0,0,0
2023-12-25,P013,store,1,14.31,0,0,0
2024-01-01,P013,store,0,14.31,0,0,0
2024-01-08,P013,store,0,14.31,0,0,0
2024-01-15,P013,store,2,12.16,15,1,0
2024-01-22,P013,store,3,14.31,0,0,0
2024-01-29,P013,store,0,14.31,0,0,0
2024-02-05,P013,store,0,14.31,0,0,0
2024-02-12,P013,store,1,14.31,0,0,0
2024-02-19,P013,store,2,10.73,25,1,0
2024-02-26,P013,store,0,14.31,0,0,0
2024-03-04,P013,store,3,14.31,0,0,0
2024-03-11,P013,store,2,11.45,20,1,0
2024-03-18,P013,store,0,14.31,0,0,0
2024-03-25,P013,store,2,14.31,0,0,0
2024-04-01,P013,store,0,14.31,0,0,0
2024-04-08,P013,store,0,14.31,0,0,0
2024-04-15,P013,store,1,12.16,15,1,0
2024-04-22,P013,store,0,14.31,0,0,0
2024-04-29,P013,store,2,14.31,0,0,0
2024-05-06,P013,store,0,14.31,0,0,0
2024-05-13,P013,store,0,14.31,0,0,0
2024-05-20,P013,store,2,14.31,0,0,0
2024-05-27,P013,store,2,14.31,0,0,0
2024-06-03,P013,store,0,14.31,0,0,0
2024-06-10,P013,store,1,14.31,0,0,0
2024-06-17,P013,store,4,14.31,0,0,0
2024-06-24,P013,store,0,14.31,0,0,0
2024-07-01,P013,store,0,14.31,0,0,0
2024-07-08,P013,store,0,14.31,0,0,0
2024-07-15,P013,store,5,14.31,0,0,0
2024-07-22,P013,store,0,14.31,0,0,0
2024-07-29,P013,store,3,14.31,0,0,0
2024-08-05,P013,store,0,14.31,0,0,0
2024-08-12,P013,store,0,14.31,0,0,0
2024-08-19,P013,store,1,10.02,30,1,0
2024-08-26,P013,store,0,14.31,0,0,0
2024-09-02,P013,store,2,14.31,0,0,0
2024-09-09,P013,store,0,14.31,0,0,0
2024-09-16,P013,store,3,14.31,0,0,0
2024-09-23,P013,store,2,10.02,30,1,0
2024-09-30,P013,store,0,14.31,0,0,0
2024-10-07,P013,store,0,14.31,0,0,0
2024-10-14,P013,store,4,14.31,0,0,0
2024-10-21,P013,store,2,14.31,0,0,0
2024-10-28,P013,store,1,14.31,0,0,0
2024-11-04,P013,store,2,14.31,0,0,0
2024-11-11,P013,store,1,14.31,0,0,0
2024-11-18,P013,store,0,14.31,0,0,0
2024-11-25,P013,store,1,14.31,0,0,0
2024-12-02,P013,store,3,14.31,0,0,0
2024-12-09,P013,store,3,14.31,0,0,0
2024-12-16,P013,store,1,12.88,10,1,0
2024-12-23,P013,store,1,14.31,0,0,0
2024-12-30,P013,store,1,14.31,0,0,0
2025-01-06,P013,store,0,14.31,0,0,0
2025-01-13,P013,store,1,14.31,0,0,0
2025-01-20,P013,store,1,14.31,0,0,0
2025-01-27,P013,store,0,14.31,0,0,0
2025-02-03,P013,store,0,14.31,0,0,0
2025-02-10,P013,store,0,14.31,0,0,0
2025-02-17,P013,store,0,14.31,0,0,0
2025-02-24,P013,store,0,14.31,0,0,0
2025-03-03,P013,store,0,14.31,0,0,0
2025-03-10,P013,store,0,14.31,0,0,0
2025-03-17,P013,store,1,14.31,0,0,0
2025-03-24,P013,store,0,14.31,0,0,0
2025-03-31,P013,store,1,14.31,0,0,0
2025-04-07,P013,store,0,14.31,0,0,0
2025-04-14,P013,store,0,14.31,0,0,0
2025-04-21,P013,store,3,12.16,15,1,0
2025-04-28,P013,store,0,14.31,0,0,0
2025-05-05,P013,store,1,10.02,30,1,0
2025-05-12,P013,store,1,14.31,0,0,0
2025-05-19,P013,store,2,14.31,0,0,0
2025-05-26,P013,store,2,14.31,0,0,0
2025-06-02,P013,store,1,14.31,0,0,0
2025-06-09,P013,store,0,14.31,0,0,0
2025-06-16,P013,store,0,14.31,0,0,0
2025-06-23,P013,store,1,14.31,0,0,0
2025-06-30,P013,store,1,14.31,0,0,0
2025-07-07,P013,store,2,14.31,0,0,0
2025-07-14,P013,store,0,14.31,0,0,0
2025-07-21,P013,store,2,14.31,0,0,0
2025-07-28,P013,store,0,14.31,0,0,0
2025-08-04,P013,store,1,14.31,0,0,0
2025-08-11,P013,store,0,14.31,0,0,0
2025-08-18,P013,store,3,14.31,0,0,0
2025-08-25,P013,store,0,14.31,0,0,0
2025-09-01,P013,store,0,14.31,0,0,0
2025-09-08,P013,store,2,14.31,0,0,0
2025-09-15,P013,store,2,14.31,0,0,0
2025-09-22,P013,store,0,14.31,0,0,0
2025-09-29,P013,store,2,14.31,0,0,0
2025-10-06,P013,store,3,11.45,20,1,0
2025-10-13,P013,store,6,14.31,0,0,0
2025-10-20,P013,store,1,14.31,0,0,0
2025-10-27,P013,store,0,14.31,0,0,0
2025-11-03,P013,store,2,14.31,0,0,0
2025-11-10,P013,store,0,14.31,0,0,0
2025-11-17,P013,store,2,14.31,0,0,0
2025-11-24,P013,store,3,14.31,0,0,0
2025-12-01,P013,store,4,14.31,0,0,0
2025-12-08,P013,store,1,14.31,0,0,0
2025-12-15,P013,store,1,14.31,0,0,0
2025-12-22,P013,store,3,14.31,0,0,0
2023-01-02,P013,online,0,14.31,0,0,0
2023-01-09,P013,online,0,14.31,0,0,0
2023-01-16,P013,online,0,14.31,0,0,0
2023-01-23,P013,online,1,12.88,10,1,0
2023-01-30,P013,online,0,14.31,0,0,0
2023-02-06,P013,online,3,14.31,0,0,0
2023-02-13,P013,online,0,14.31,0,0,0
2023-02-20,P013,online,0,14.31,0,0,0
2023-02-27,P013,online,1,10.02,30,1,0
2023-03-06,P013,online,0,14.31,0,0,0
2023-03-13,P013,online,0,14.31,0,0,0
2023-03-20,P013,online,1,12.16,15,1,0
2023-03-27,P013,online,1,14.31,0,0,0
2023-04-03,P013,online,1,14.31,0,0,0
2023-04-10,P013,online,1,10.02,30,1,0
2023-04-17,P013,online,0,14.31,0,0,0
2023-04-24,P013,online,0,14.31,0,0,0
2023-05-01,P013,online,0,14.31,0,0,0
2023-05-08,P013,online,0,14.31,0,0,0
2023-05-15,P013,online,0,14.31,0,0,0
2023-05-22,P013,online,0,14.31,0,0,0
2023-05-29,P013,online,0,14.31,0,0,0
2023-06-05,P013,online,3,10.73,25,1,0
2023-06-12,P013,online,0,14.31,0,0,0
2023-06-19,P013,online,2,14.31,0,0,0
2023-06-26,P013,online,0,14.31,0,0,0
2023-07-03,P013,online,0,14.31,0,0,0
2023-07-10,P013,online,1,14.31,0,0,0
2023-07-17,P013,online,0,14.31,0,0,0
2023-07-24,P013,online,1,10.02,30,1,0
2023-07-31,P013,online,1,14.31,0,0,0
2023-08-07,P013,online,2,14.31,0,0,0
2023-08-14,P013,online,0,14.31,0,0,0
2023-08-21,P013,online,0,14.31,0,0,0
2023-08-28,P013,online,0,14.31,0,0,0
2023-09-04,P013,online,1,14.31,0,0,0
2023-09-11,P013,online,1,14.31,0,0,0
2023-09-18,P013,online,0,14.31,0,0,0
2023-09-25,P013,online,0,14.31,0,0,0
2023-10-02,P013,online,0,14.31,0,0,0
2023-10-09,P013,online,0,14.31,0,0,0
2023-10-16,P013,online,1,14.31,0,0,0
2023-10-23,P013,online,1,12.88,10,1,0
2023-10-30,P013,online,0,14.31,0,0,0
2023-11-06,P013,online,0,14.31,0,0,0
2023-11-13,P013,online,0,14.31,0,0,0
2023-11-20,P013,online,0,14.31,0,0,0
2023-11-27,P013,online,1,12.88,10,1,0
2023-12-04,P013,online,0,14.31,0,0,0
2023-12-11,P013,online,1,14.31,0,0,0
2023-12-18,P013,online,0,14.31,0,0,0
2023-12-25,P013,online,0,14.31,0,0,0
2024-01-01,P013,online,0,14.31,0,0,0
2024-01-08,P013,online,1,14.31,0,0,0
2024-01-15,P013,online,0,14.31,0,0,0
2024-01-22,P013,online,0,14.31,0,0,0
2024-01-29,P013,online,0,14.31,0,0,0
2024-02-05,P013,online,0,14.31,0,0,0
2024-02-12,P013,online,2,14.31,0,0,0
2024-02-19,P013,online,0,14.31,0,0,0
2024-02-26,P013,online,0,14.31,0,0,0
2024-03-04,P013,online,0,14.31,0,0,0
2024-03-11,P013,online,0,14.31,0,0,0
2024-03-18,P013,online,0,14.31,0,0,0
2024-03-25,P013,online,1,14.31,0,0,0
2024-04-01,P013,online,0,12.88,10,1,0
2024-04-08,P013,online,0,14.31,0,0,0
2024-04-15,P013,online,1,10.73,25,1,0
2024-04-22,P013,online,0,14.31,0,0,0
2024-04-29,P013,online,0,14.31,0,0,0
2024-05-06,P013,online,0,14.31,0,0,0
2024-05-13,P013,online,0,14.31,0,0,0
2024-05-20,P013,online,0,14.31,0,0,0
2024-05-27,P013,online,0,14.31,0,0,0
2024-06-03,P013,online,1,14.31,0,0,0
2024-06-10,P013,online,0,14.31,0,0,0
2024-06-17,P013,online,0,14.31,0,0,0
2024-06-24,P013,online,0,14.31,0,0,0
2024-07-01,P013,online,0,14.31,0,0,0
2024-07-08,P013,online,0,14.31,0,0,0
2024-07-15,P013,online,2,14.31,0,0,0
2024-07-22,P013,online,0,14.31,0,0,0
2024-07-29,P013,online,0,14.31,0,0,0
2024-08-05,P013,online,1,14.31,0,0,0
2024-08-12,P013,online,0,14.31,0,0,0
2024-08-19,P013,online,2,14.31,0,0,0
2024-08-26,P013,online,0,14.31,0,0,0
2024-09-02,P013,online,1,14.31,0,0,0
2024-09-09,P013,online,0,14.31,0,0,0
2024-09-16,P013,online,0,14.31,0,0,0
2024-09-23,P013,online,1,14.31,0,0,0
2024-09-30,P013,online,0,14.31,0,0,0
2024-10-07,P013,online,0,14.31,0,0,0
2024-10-14,P013,online,0,14.31,0,0,0
2024-10-21,P013,online,2,14.31,0,0,0
2024-10-28,P013,online,2,14.31,0,0,0
2024-11-04,P013,online,1,14.31,0,0,0
2024-11-11,P013,online,1,14.31,0,0,0
2024-11-18,P013,online,1,14.31,0,0,0
2024-11-25,P013,online,0,14.31,0,0,0
2024-12-02,P013,online,0,14.31,0,0,0
2024-12-09,P013,online,2,14.31,0,0,0
2024-12-16,P013,online,1,14.31,0,0,0
2024-12-23,P013,online,1,14.31,0,0,0
2024-12-30,P013,online,0,14.31,0,0,0
2025-01-06,P013,online,0,14.31,0,0,0
2025-01-13,P013,online,0,14.31,0,0,0
2025-01-20,P013,online,0,14.31,0,0,0
2025-01-27,P013,online,0,14.31,0,0,0
2025-02-03,P013,online,2,14.31,0,0,0
2025-02-10,P013,online,0,14.31,0,0,0
2025-02-17,P013,online,0,14.31,0,0,0
2025-02-24,P013,online,1,14.31,0,0,0
2025-03-03,P013,online,0,14.31,0,0,0
2025-03-10,P013,online,0,14.31,0,0,0
2025-03-17,P013,online,0,14.31,0,0,0
2025-03-24,P013,online,0,14.31,0,0,0
2025-03-31,P013,online,0,14.31,0,0,0
2025-04-07,P013,online,0,14.31,0,0,0
2025-04-14,P013,online,1,14.31,0,0,0
2025-04-21,P013,online,0,14.31,0,0,0
2025-04-28,P013,online,0,14.31,0,0,0
2025-05-05,P013,online,0,14.31,0,0,0
2025-05-12,P013,online,0,14.31,0,0,0
2025-05-19,P013,online,0,14.31,0,0,0
2025-05-26,P013,online,0,14.31,0,0,0
2025-06-02,P013,online,0,14.31,0,0,0
2025-06-09,P013,online,1,14.31,0,0,0
2025-06-16,P013,online,1,14.31,0,0,0
2025-06-23,P013,online,0,14.31,0,0,0
2025-06-30,P013,online,0,14.31,0,0,0
2025-07-07,P013,online,0,14.31,0,0,0
2025-07-14,P013,online,1,14.31,0,0,0
2025-07-21,P013,online,0,14.31,0,0,0
2025-07-28,P013,online,1,14.31,0,0,0
2025-08-04,P013,online,0,14.31,0,0,0
2025-08-11,P013,online,0,14.31,0,0,0
2025-08-18,P013,online,0,14.31,0,0,0
2025-08-25,P013,online,0,14.31,0,0,0
2025-09-01,P013,online,1,11.45,20,1,0
2025-09-08,P013,online,4,14.31,0,0,0
2025-09-15,P013,online,0,14.31,0,0,0
2025-09-22,P013,online,0,14.31,0,0,0
2025-09-29,P013,online,0,14.31,0,0,0
2025-10-06,P013,online,0,14.31,0,0,0
2025-10-13,P013,online,1,14.31,0,0,0
2025-10-20,P013,online,1,14.31,0,0,0
2025-10-27,P013,online,0,14.31,0,0,0
2025-11-03,P013,online,1,14.31,0,0,0
2025-11-10,P013,online,3,14.31,0,0,0
2025-11-17,P013,online,2,14.31,0,0,0
2025-11-24,P013,online,1,14.31,0,0,0
2025-12-01,P013,online,2,14.31,0,0,0
2025-12-08,P013,online,1,14.31,0,0,0
2025-12-15,P013,online,2,12.88,10,1,0
2025-12-22,P013,online,2,14.31,0,0,0
2023-01-02,P014,store,0,31.23,0,0,0
2023-01-09,P014,store,0,31.23,0,0,0
2023-01-16,P014,store,3,31.23,0,0,0
2023-01-23,P014,store,3,28.11,10,1,0
2023-01-30,P014,store,0,31.23,0,0,0
2023-02-06,P014,store,0,28.11,10,1,0
2023-02-13,P014,store,0,31.23,0,0,0
2023-02-20,P014,store,0,31.23,0,0,0
2023-02-27,P014,store,0,24.98,20,1,0
2023-03-06,P014,store,0,31.23,0,0,0
2023-03-13,P014,store,0,31.23,0,0,0
2023-03-20,P014,store,0,31.23,0,0,0
2023-03-27,P014,store,1,31.23,0,0,0
2023-04-03,P014,store,0,31.23,0,0,0
2023-04-10,P014,store,0,31.23,0,0,0
2023-04-17,P014,store,0,31.23,0,0,0
2023-04-24,P014,store,0,31.23,0,0,0
2023-05-01,P014,store,0,31.23,0,0,0
2023-05-08,P014,store,1,28.11,10,1,0
2023-05-15,P014,store,0,31.23,0,0,0
2023-05-22,P014,store,0,31.23,0,0,0
2023-05-29,P014,store,0,31.23,0,0,0
2023-06-05,P014,store,1,23.42,25,1,0
2023-06-12,P014,store,0,31.23,0,0,0
2023-06-19,P014,store,0,31.23,0,0,0
2023-06-26,P014,store,0,31.23,0,0,0
2023-07-03,P014,store,0,31.23,0,0,0
2023-07-10,P014,store,0,28.11,10,1,0
2023-07-17,P014,store,0,31.23,0,0,0
2023-07-24,P014,store,5,31.23,0,0,0
2023-07-31,P014,store,0,31.23,0,0,0
2023-08-07,P014,store,0,31.23,0,0,0
2023-08-14,P014,store,0,31.23,0,0,0
2023-08-21,P014,store,0,31.23,0,0,0
2023-08-28,P014,store,2,31.23,0,0,0
2023-09-04,P014,store,0,23.42,25,1,0
2023-09-11,P014,store,1,31.23,0,0,0
2023-09-18,P014,store,0,31.23,0,0,0
2023-09-25,P014,store,9,31.23,0,0,0
2023-10-02,P014,store,0,21.86,30,1,0
2023-10-09,P014,store,0,31.23,0,0,0
2023-10-16,P014,store,0,31.23,0,0,0
2023-10-23,P014,store,1,31.23,0,0,0
2023-10-30,P014,store,0,31.23,0,0,0
2023-11-06,P014,store,0,31.23,0,0,0
2023-11-13,P014,store,1,31.23,0,0,0
2023-11-20,P014,store,0,28.11,10,1,0
2023-11-27,P014,store,0,31.23,0,0,0
2023-12-04,P014,store,0,31.23,0,0,0
2023-12-11,P014,store,2,31.23,0,0,0
2023-12-18,P014,store,0,31.23,0,0,0
2023-12-25,P014,store,4,31.23,0,0,0
2024-01-01,P014,store,0,31.23,0,0,0
2024-01-08,P014,store,0,31.23,0,0,0
2024-01-15,P014,store,0,31.23,0,0,0
2024-01-22,P014,store,0,31.23,0,0,0
2024-01-29,P014,store,2,31.23,0,0,0
2024-02-05,P014,store,0,31.23,0,0,0
2024-02-12,P014,store,0,31.23,0,0,0
2024-02-19,P014,store,0,31.23,0,0,0
2024-02-26,P014,store,0,31.23,0,0,0
2024-03-04,P014,store,0,31.23,0,0,0
2024-03-11,P014,store,0,31.23,0,0,0
2024-03-18,P014,store,5,31.23,0,0,0
2024-03-25,P014,store,0,31.23,0,0,0
2024-04-01,P014,store,0,31.23,0,0,0
2024-04-08,P014,store,0,31.23,0,0,0
2024-04-15,P014,store,0,31.23,0,0,0
2024-04-22,P014,store,0,31.23,0,0,0
2024-04-29,P014,store,0,31.23,0,0,0
2024-05-06,P014,store,0,28.11,10,1,0
2024-05-13,P014,store,0,31.23,0,0,0
2024-05-20,P014,store,0,31.23,0,0,0
2024-05-27,P014,store,5,31.23,0,0,0
2024-06-03,P014,store,0,31.23,0,0,0
2024-06-10,P014,store,2,31.23,0,0,0
2024-06-17,P014,store,0,31.23,0,0,0
2024-06-24,P014,store,0,31.23,0,0,0
2024-07-01,P014,store,0,31.23,0,0,0
2024-07-08,P014,store,0,31.23,0,0,0
2024-07-15,P014,store,0,31.23,0,0,0
2024-07-22,P014,store,0,31.23,0,0,0
2024-07-29,P014,store,0,31.23,0,0,0
2024-08-05,P014,store,0,31.23,0,0,0
2024-08-12,P014,store,0,31.23,0,0,0
2024-08-19,P014,store,9,31.23,0,0,0
2024-08-26,P014,store,0,31.23,0,0,0
2024-09-02,P014,store,0,31.23,0,0,0
2024-09-09,P014,store,5,31.23,0,0,0
2024-09-16,P014,store,0,31.23,0,0,0
2024-09-23,P014,store,0,31.23,0,0,0
2024-09-30,P014,store,9,31.23,0,0,0
2024-10-07,P014,store,0,31.23,0,0,0
2024-10-14,P014,store,0,31.23,0,0,0
2024-10-21,P014,store,0,31.23,0,0,0
2024-10-28,P014,store,3,31.23,0,0,0
2024-11-04,P014,store,0,31.23,0,0,0
2024-11-11,P014,store,0,31.23,0,0,0
2024-11-18,P014,store,0,31.23,0,0,0
2024-11-25,P014,store,0,31.23,0,0,0
2024-12-02,P014,store,0,31.23,0,0,0
2024-12-09,P014,store,1,31.23,0,0,0
2024-12-16,P014,store,0,31.23,0,0,0
2024-12-23,P014,store,1,31.23,0,0,0
2024-12-30,P014,store,9,31.23,0,0,0
2025-01-06,P014,store,0,31.23,0,0,0
2025-01-13,P014,store,0,31.23,0,0,0
2025-01-20,P014,store,0,31.23,0,0,0
2025-01-27,P014,store,0,31.23,0,0,0
2025-02-03,P014,store,0,31.23,0,0,0
2025-02-10,P014,store,0,31.23,0,0,0
2025-02-17,P014,store,0,31.23,0,0,0
2025-02-24,P014,store,0,31.23,0,0,0
2025-03-03,P014,store,0,31.23,0,0,0
2025-03-10,P014,store,0,31.23,0,0,0
2025-03-17,P014,store,0,31.23,0,0,0
2025-03-24,P014,store,0,31.23,0,0,0
2025-03-31,P014,store,0,31.23,0,0,0
2025-04-07,P014,store,0,31.23,0,0,0
2025-04-14,P014,store,0,31.23,0,0,0
2025-04-21,P014,store,0,31.23,0,0,0
2025-04-28,P014,store,3,24.98,20,1,0
2025-05-05,P014,store,0,31.23,0,0,0
2025-05-12,P014,store,0,31.23,0,0,0
2025-05-19,P014,store,0,31.23,0,0,0
2025-05-26,P014,store,0,31.23,0,0,0
2025-06-02,P014,store,0,31.23,0,0,0
2025-06-09,P014,store,0,31.23,0,0,0
2025-06-16,P014,store,0,31.23,0,0,0
2025-06-23,P014,store,3,31.23,0,0,0
2025-06-30,P014,store,0,31.23,0,0,0
2025-07-07,P014,store,0,31.23,0,0,0
2025-07-14,P014,store,0,31.23,0,0,0
2025-07-21,P014,store,0,31.23,0,0,0
2025-07-28,P014,store,0,31.23,0,0,0
2025-08-04,P014,store,3,31.23,0,0,0
2025-08-11,P014,store,0,31.23,0,0,0
2025-08-18,P014,store,1,31.23,0,0,0
2025-08-25,P014,store,0,31.23,0,0,0
2025-09-01,P014,store,0,31.23,0,0,0
2025-09-08,P014,store,0,31.23,0,0,0
2025-09-15,P014,store,6,31.23,0,0,0
2025-09-22,P014,store,0,31.23,0,0,0
2025-09-29,P014,store,0,31.23,0,0,0
2025-10-06,P014,store,0,31.23,0,0,0
2025-10-13,P014,store,0,31.23,0,0,0
2025-10-20,P014,store,3,31.23,0,0,0
2025-10-27,P014,store,0,31.23,0,0,0
2025-11-03,P014,store,0,31.23,0,0,0
2025-11-10,P014,store,1,31.23,0,0,0
2025-11-17,P014,store,0,31.23,0,0,0
2025-11-24,P014,store,3,31.23,0,0,0
2025-12-01,P014,store,6,31.23,0,0,0
2025-12-08,P014,store,0,31.23,0,0,0
2025-12-15,P014,store,0,21.86,30,1,0
2025-12-22,P014,store,0,31.23,0,0,0
2023-01-02,P014,online,0,31.23,0,0,0
2023-01-09,P014,online,0,31.23,0,0,0
2023-01-16,P014,online,0,31.23,0,0,0
2023-01-23,P014,online,0,31.23,0,0,0
2023-01-30,P014,online,0,31.23,0,0,0
2023-02-06,P014,online,0,28.11,10,1,0
2023-02-13,P014,online,0,31.23,0,0,0
2023-02-20,P014,online,0,31.23,0,0,0
2023-02-27,P014,online,2,31.23,0,0,0
2023-03-06,P014,online,0,31.23,0,0,0
2023-03-13,P014,online,0,31.23,0,0,0
2023-03-20,P014,online,0,31.23,0,0,0
2023-03-27,P014,online,0,31.23,0,0,0
2023-04-03,P014,online,0,31.23,0,0,0
2023-04-10,P014,online,0,31.23,0,0,0
2023-04-17,P014,online,0,31.23,0,0,0
2023-04-24,P014,online,0,31.23,0,0,0
2023-05-01,P014,online,0,31.23,0,0,0
2023-05-08,P014,online,0,31.23,0,0,0
2023-05-15,P014,online,0,31.23,0,0,0
2023-05-22,P014,online,1,31.23,0,0,0
2023-05-29,P014,online,0,31.23,0,0,0
2023-06-05,P014,online,0,31.23,0,0,0
2023-06-12,P014,online,5,31.23,0,0,0
2023-06-19,P014,online,0,31.23,0,0,0
2023-06-26,P014,online,0,31.23,0,0,0
2023-07-03,P014,online,0,31.23,0,0,0
2023-07-10,P014,online,0,28.11,10,1,0
2023-07-17,P014,online,0,31.23,0,0,0
2023-07-24,P014,online,0,31.23,0,0,0
2023-07-31,P014,online,0,31.23,0,0,0
2023-08-07,P014,online,0,28.11,10,1,0
2023-08-14,P014,online,0,31.23,0,0,0
2023-08-21,P014,online,0,31.23,0,0,0
2023-08-28,P014,online,4,31.23,0,0,0
2023-09-04,P014,online,0,31.23,0,0,0
2023-09-11,P014,online,25,31.23,0,0,0
2023-09-18,P014,online,0,31.23,0,0,0
2023-09-25,P014,online,3,24.98,20,1,0
2023-10-02,P014,online,0,31.23,0,0,0
2023-10-09,P014,online,0,31.23,0,0,0
2023-10-16,P014,online,0,31.23,0,0,0
2023-10-23,P014,online,0,31.23,0,0,0
2023-10-30,P014,online,0,31.23,0,0,0
2023-11-06,P014,online,9,31.23,0,0,0
2023-11-13,P014,online,2,31.23,0,0,0
2023-11-20,P014,online,0,31.23,0,0,0
2023-11-27,P014,online,0,31.23,0,0,0
2023-12-04,P014,online,3,31.23,0,0,0
2023-12-11,P014,online,0,31.23,0,0,0
2023-12-18,P014,online,7,31.23,0,0,0
2023-12-25,P014,online,2,28.11,10,1,0
2024-01-01,P014,online,1,31.23,0,0,0
2024-01-08,P014,online,0,31.23,0,0,0
2024-01-15,P014,online,0,31.23,0,0,0
2024-01-22,P014,online,0,31.23,0,0,0
2024-01-29,P014,online,0,31.23,0,0,0
2024-02-05,P014,online,0,31.23,0,0,0
2024-02-12,P014,online,0,31.23,0,0,0
2024-02-19,P014,online,0,31.23,0,0,0
2024-02-26,P014,online,0,31.23,0,0,0
2024-03-04,P014,online,0,31.23,0,0,0
2024-03-11,P014,online,4,31.23,0,0,0
2024-03-18,P014,online,0,31.23,0,0,0
2024-03-25,P014,online,0,31.23,0,0,0
2024-04-01,P014,online,0,31.23,0,0,0
2024-04-08,P014,online,0,31.23,0,0,0
2024-04-15,P014,online,0,31.23,0,0,0
2024-04-22,P014,online,0,31.23,0,0,0
2024-04-29,P014,online,0,28.11,10,1,0
2024-05-06,P014,online,17,31.23,0,0,0
2024-05-13,P014,online,0,21.86,30,1,0
2024-05-20,P014,online,2,31.23,0,0,0
2024-05-27,P014,online,0,31.23,0,0,0
2024-06-03,P014,online,0,31.23,0,0,0
2024-06-10,P014,online,0,31.23,0,0,0
2024-06-17,P014,online,0,31.23,0,0,0
2024-06-24,P014,online,12,31.23,0,0,0
2024-07-01,P014,online,0,31.23,0,0,0
2024-07-08,P014,online,0,31.23,0,0,0
2024-07-15,P014,online,2,31.23,0,0,0
2024-07-22,P014,online,0,31.23,0,0,0
2024-07-29,P014,online,0,24.98,20,1,0
2024-08-05,P014,online,0,31.23,0,0,0
2024-08-12,P014,online,0,31.23,0,0,0
2024-08-19,P014,online,0,23.42,25,1,0
2024-08-26,P014,online,0,31.23,0,0,0
2024-09-02,P014,online,2,31.23,0,0,0
2024-09-09,P014,online,0,31.23,0,0,0
2024-09-16,P014,online,0,31.23,0,0,0
2024-09-23,P014,online,0,31.23,0,0,0
2024-09-30,P014,online,0,26.55,15,1,0
2024-10-07,P014,online,0,31.23,0,0,0
2024-10-14,P014,online,0,31.23,0,0,0
2024-10-21,P014,online,6,31.23,0,0,0
2024-10-28,P014,online,11,23.42,25,1,0
2024-11-04,P014,online,0,31.23,0,0,0
2024-11-11,P014,online,0,24.98,20,1,0
2024-11-18,P014,online,0,31.23,0,0,0
2024-11-25,P014,online,4,26.55,15,1,0
2024-12-02,P014,online,0,31.23,0,0,0
2024-12-09,P014,online,1,31.23,0,0,0
2024-12-16,P014,online,0,31.23,0,0,0
2024-12-23,P014,online,0,31.23,0,0,0
2024-12-30,P014,online,0,31.23,0,0,0
2025-01-06,P014,online,0,31.23,0,0,0
2025-01-13,P014,online,0,31.23,0,0,0
2025-01-20,P014,online,0,31.23,0,0,0
2025-01-27,P014,online,0,31.23,0,0,0
2025-02-03,P014,online,0,31.23,0,0,0
2025-02-10,P014,online,0,31.23,0,0,0
2025-02-17,P014,online,2,31.23,0,0,0
2025-02-24,P014,online,3,31.23,0,0,0
2025-03-03,P014,online,0,31.23,0,0,0
2025-03-10,P014,online,0,31.23,0,0,0
2025-03-17,P014,online,8,31.23,0,0,0
2025-03-24,P014,online,2,31.23,0,0,0
2025-03-31,P014,online,0,31.23,0,0,0
2025-04-07,P014,online,0,31.23,0,0,0
2025-04-14,P014,online,1,28.11,10,1,0
2025-04-21,P014,online,0,31.23,0,0,0
2025-04-28,P014,online,6,31.23,0,0,0
2025-05-05,P014,online,0,24.98,20,1,0
2025-05-12,P014,online,0,31.23,0,0,0
2025-05-19,P014,online,0,31.23,0,0,0
2025-05-26,P014,online,0,31.23,0,0,0
2025-06-02,P014,online,0,31.23,0,0,0
2025-06-09,P014,online,0,31.23,0,0,0
2025-06-16,P014,online,0,31.23,0,0,0
2025-06-23,P014,online,0,31.23,0,0,0
2025-06-30,P014,online,0,31.23,0,0,0
2025-07-07,P014,online,0,31.23,0,0,0
2025-07-14,P014,online,0,31.23,0,0,0
2025-07-21,P014,online,0,31.23,0,0,0
2025-07-28,P014,online,0,31.23,0,0,0
2025-08-04,P014,online,0,31.23,0,0,0
2025-08-11,P014,online,6,31.23,0,0,0
2025-08-18,P014,online,0,31.23,0,0,0
2025-08-25,P014,online,6,31.23,0,0,0
2025-09-01,P014,online,0,31.23,0,0,0
2025-09-08,P014,online,0,31.23,0,0,0
2025-09-15,P014,online,0,31.23,0,0,0
2025-09-22,P014,online,5,31.23,0,0,0
2025-09-29,P014,online,0,31.23,0,0,0
2025-10-06,P014,online,0,31.23,0,0,0
2025-10-13,P014,online,0,31.23,0,0,0
2025-10-20,P014,online,0,31.23,0,0,0
2025-10-27,P014,online,2,31.23,0,0,0
2025-11-03,P014,online,0,31.23,0,0,0
2025-11-10,P014,online,0,31.23,0,0,0
2025-11-17,P014,online,3,31.23,0,0,0
2025-11-24,P014,online,0,31.23,0,0,0
2025-12-01,P014,online,5,31.23,0,0,0
2025-12-08,P014,online,0,31.23,0,0,0
2025-12-15,P014,online,0,31.23,0,0,0
2025-12-22,P014,online,0,31.23,0,0,0
2023-01-02,P015,store,41,141.43,0,0,0
2023-01-09,P015,store,61,141.43,0,0,0
2023-01-16,P015,store,60,141.43,0,0,0
2023-01-23,P015,store,48,141.43,0,0,0
2023-01-30,P015,store,75,141.43,0,0,0
2023-02-06,P015,store,51,141.43,0,0,0
2023-02-13,P015,store,87,141.43,0,0,0
2023-02-20,P015,store,77,141.43,0,0,0
2023-02-27,P015,store,114,141.43,0,0,0
2023-03-06,P015,store,132,141.43,0,0,0
2023-03-13,P015,store,100,141.43,0,0,0
2023-03-20,P015,store,98,141.43,0,0,0
2023-03-27,P015,store,136,141.43,0,0,0
2023-04-03,P015,store,148,141.43,0,0,0
2023-04-10,P015,store,128,141.43,0,0,0
2023-04-17,P015,store,122,141.43,0,0,0
2023-04-24,P015,store,168,141.43,0,0,0
2023-05-01,P015,store,166,141.43,0,0,0
2023-05-08,P015,store,171,141.43,0,0,0
2023-05-15,P015,store,187,141.43,0,0,0
2023-05-22,P015,store,186,141.43,0,0,0
2023-05-29,P015,store,148,141.43,0,0,0
2023-06-05,P015,store,192,141.43,0,0,0
2023-06-12,P015,store,210,141.43,0,0,0
2023-06-19,P015,store,205,141.43,0,0,0
2023-06-26,P015,store,193,141.43,0,0,0
2023-07-03,P015,store,222,141.43,0,0,0
2023-07-10,P015,store,131,141.43,0,0,0
2023-07-17,P015,store,147,141.43,0,0,0
2023-07-24,P015,store,145,141.43,0,0,0
2023-07-31,P015,store,155,141.43,0,0,0
2023-08-07,P015,store,153,141.43,0,0,0
2023-08-14,P015,store,137,141.43,0,0,0
2023-08-21,P015,store,119,141.43,0,0,0
2023-08-28,P015,store,143,141.43,0,0,0
2023-09-04,P015,store,121,141.43,0,0,0
2023-09-11,P015,store,153,141.43,0,0,0
2023-09-18,P015,store,109,141.43,0,0,0
2023-09-25,P015,store,107,141.43,0,0,0
2023-10-02,P015,store,119,141.43,0,0,0
2023-10-09,P015,store,80,141.43,0,0,0
2023-10-16,P015,store,95,141.43,0,0,0
2023-10-23,P015,store,88,141.43,0,0,0
2023-10-30,P015,store,97,141.43,0,0,0
2023-11-06,P015,store,109,141.43,0,0,0
2023-11-13,P015,store,80,141.43,0,0,0
2023-11-20,P015,store,68,141.43,0,0,0
2023-11-27,P015,store,72,141.43,0,0,0
2023-12-04,P015,store,50,141.43,0,0,0
2023-12-11,P015,store,70,141.43,0,0,0
2023-12-18,P015,store,98,106.07,25,1,0
2023-12-25,P015,store,64,141.43,0,0,0
2024-01-01,P015,store,82,141.43,0,0,0
2024-01-08,P015,store,45,141.43,0,0,0
2024-01-15,P015,store,46,141.43,0,0,0
2024-01-22,P015,store,67,141.43,0,0,0
2024-01-29,P015,store,83,120.22,15,1,0
2024-02-05,P015,store,60,141.43,0,0,0
2024-02-12,P015,store,61,141.43,0,0,0
2024-02-19,P015,store,140,106.07,25,1,0
2024-02-26,P015,store,73,141.43,0,0,0
2024-03-04,P015,store,112,141.43,0,0,0
2024-03-11,P015,store,94,141.43,0,0,0
2024-03-18,P015,store,141,141.43,0,0,0
2024-03-25,P015,store,168,141.43,0,0,0
2024-04-01,P015,store,145,141.43,0,0,0
2024-04-08,P015,store,150,141.43,0,0,0
2024-04-15,P015,store,330,106.07,25,1,0
2024-04-22,P015,store,156,141.43,0,0,0
2024-04-29,P015,store,114,141.43,0,0,0
2024-05-06,P015,store,154,141.43,0,0,0
2024-05-13,P015,store,189,141.43,0,0,0
2024-05-20,P015,store,281,141.43,0,0,0
2024-05-27,P015,store,196,141.43,0,0,0
2024-06-03,P015,store,147,141.43,0,0,0
2024-06-10,P015,store,226,141.43,0,0,0
2024-06-17,P015,store,192,141.43,0,0,0
2024-06-24,P015,store,387,106.07,25,1,0
2024-07-01,P015,store,95,141.43,0,0,0
2024-07-08,P015,store,162,141.43,0,0,0
2024-07-15,P015,store,187,141.43,0,0,0
2024-07-22,P015,store,187,141.43,0,0,0
2024-07-29,P015,store,128,141.43,0,0,0
2024-08-05,P015,store,136,141.43,0,0,0
2024-08-12,P015,store,179,141.43,0,0,0
2024-08-19,P015,store,127,141.43,0,0,0
2024-08-26,P015,store,106,141.43,0,0,0
2024-09-02,P015,store,135,141.43,0,0,0
2024-09-09,P015,store,150,141.43,0,0,0
2024-09-16,P015,store,88,141.43,0,0,0
2024-09-23,P015,store,83,141.43,0,0,0
2024-09-30,P015,store,99,141.43,0,0,0
2024-10-07,P015,store,112,141.43,0,0,0
2024-10-14,P015,store,115,141.43,0,0,0
2024-10-21,P015,store,121,141.43,0,0,0
2024-10-28,P015,store,137,141.43,0,0,0
2024-11-04,P015,store,83,141.43,0,0,0
2024-11-11,P015,store,95,141.43,0,0,0
2024-11-18,P015,store,99,141.43,0,0,0
2024-11-25,P015,store,55,141.43,0,0,0
2024-12-02,P015,store,86,127.29,10,1,0
2024-12-09,P015,store,39,141.43,0,0,0
2024-12-16,P015,store,53,141.43,0,0,0
2024-12-23,P015,store,56,141.43,0,0,0
2024-12-30,P015,store,57,141.43,0,0,0
2025-01-06,P015,store,69,141.43,0,0,0
2025-01-13,P015,store,62,141.43,0,0,0
2025-01-20,P015,store,63,141.43,0,0,0
2025-01-27,P015,store,71,141.43,0,0,0
2025-02-03,P015,store,62,141.43,0,0,0
2025-02-10,P015,store,64,141.43,0,0,0
2025-02-17,P015,store,86,141.43,0,0,0
2025-02-24,P015,store,97,141.43,0,0,0
2025-03-03,P015,store,97,141.43,0,0,0
2025-03-10,P015,store,127,141.43,0,0,0
2025-03-17,P015,store,108,141.43,0,0,0
2025-03-24,P015,store,95,141.43,0,0,0
2025-03-31,P015,store,109,141.43,0,0,0
2025-04-07,P015,store,170,141.43,0,0,0
2025-04-14,P015,store,126,141.43,0,0,0
2025-04-21,P015,store,186,141.43,0,0,0
2025-04-28,P015,store,148,141.43,0,0,0
2025-05-05,P015,store,230,141.43,0,0,0
2025-05-12,P015,store,217,141.43,0,0,0
2025-05-19,P015,store,214,141.43,0,0,0
2025-05-26,P015,store,208,141.43,0,0,0
2025-06-02,P015,store,203,141.43,0,0,0
2025-06-09,P015,store,235,141.43,0,0,0
2025-06-16,P015,store,184,141.43,0,0,0
2025-06-23,P015,store,171,141.43,0,0,0
2025-06-30,P015,store,125,141.43,0,0,0
2025-07-07,P015,store,148,141.43,0,0,0
2025-07-14,P015,store,322,113.14,20,1,0
2025-07-21,P015,store,94,141.43,0,0,0
2025-07-28,P015,store,92,141.43,0,0,0
2025-08-04,P015,store,155,141.43,0,0,0
2025-08-11,P015,store,125,141.43,0,0,0
2025-08-18,P015,store,144,141.43,0,0,0
2025-08-25,P015,store,117,141.43,0,0,0
2025-09-01,P015,store,145,141.43,0,0,0
2025-09-08,P015,store,53,141.43,0,0,0
2025-09-15,P015,store,168,141.43,0,0,0
2025-09-22,P015,store,139,141.43,0,0,0
2025-09-29,P015,store,121,141.43,0,0,0
2025-10-06,P015,store,158,141.43,0,0,0
2025-10-13,P015,store,165,106.07,25,1,0
2025-10-20,P015,store,97,141.43,0,0,0
2025-10-27,P015,store,123,141.43,0,0,0
2025-11-03,P015,store,119,141.43,0,0,0
2025-11-10,P015,store,105,141.43,0,0,0
2025-11-17,P015,store,68,141.43,0,0,0
2025-11-24,P015,store,75,141.43,0,0,0
2025-12-01,P015,store,67,141.43,0,0,0
2025-12-08,P015,store,232,99.0,30,1,0
2025-12-15,P015,store,42,141.43,0,0,0
2025-12-22,P015,store,75,141.43,0,0,0
2023-01-02,P015,online,48,141.43,0,0,0
2023-01-09,P015,online,54,141.43,0,0,0
2023-01-16,P015,online,76,141.43,0,0,0
2023-01-23,P015,online,42,141.43,0,0,0
2023-01-30,P015,online,46,141.43,0,0,0
2023-02-06,P015,online,33,141.43,0,0,0
2023-02-13,P015,online,104,141.43,0,0,0
2023-02-20,P015,online,68,141.43,0,0,0
2023-02-27,P015,online,71,141.43,0,0,0
2023-03-06,P015,online,56,141.43,0,0,0
2023-03-13,P015,online,123,141.43,0,0,0
2023-03-20,P015,online,144,141.43,0,0,0
2023-03-27,P015,online,74,141.43,0,0,0
2023-04-03,P015,online,158,141.43,0,0,0
2023-04-10,P015,online,188,141.43,0,0,0
2023-04-17,P015,online,190,141.43,0,0,0
2023-04-24,P015,online,113,141.43,0,0,0
2023-05-01,P015,online,111,141.43,0,0,0
2023-05-08,P015,online,208,141.43,0,0,0
2023-05-15,P015,online,169,141.43,0,0,0
2023-05-22,P015,online,236,141.43,0,0,0
2023-05-29,P015,online,148,141.43,0,0,0
2023-06-05,P015,online,218,141.43,0,0,0
2023-06-12,P015,online,102,141.43,0,0,0
2023-06-19,P015,online,148,141.43,0,0,0
2023-06-26,P015,online,158,141.43,0,0,0
2023-07-03,P015,online,193,141.43,0,0,0
2023-07-10,P015,online,99,141.43,0,0,0
2023-07-17,P015,online,152,141.43,0,0,0
2023-07-24,P015,online,101,141.43,0,0,0
2023-07-31,P015,online,120,141.43,0,0,0
2023-08-07,P015,online,82,141.43,0,0,0
2023-08-14,P015,online,122,141.43,0,0,0
2023-08-21,P015,online,98,141.43,0,0,0
2023-08-28,P015,online,156,141.43,0,0,0
2023-09-04,P015,online,117,141.43,0,0,0
2023-09-11,P015,online,100,141.43,0,0,0
2023-09-18,P015,online,103,141.43,0,0,0
2023-09-25,P015,online,124,127.29,10,1,0
2023-10-02,P015,online,75,141.43,0,0,0
2023-10-09,P015,online,89,141.43,0,0,0
2023-10-16,P015,online,90,141.43,0,0,0
2023-10-23,P015,online,64,141.43,0,0,0
2023-10-30,P015,online,99,141.43,0,0,0
2023-11-06,P015,online,77,141.43,0,0,0
2023-11-13,P015,online,162,141.43,0,0,0
2023-11-20,P015,online,53,141.43,0,0,0
2023-11-27,P015,online,64,141.43,0,0,0
2023-12-04,P015,online,69,141.43,0,0,0
2023-12-11,P015,online,67,141.43,0,0,0
2023-12-18,P015,online,58,141.43,0,0,0
2023-12-25,P015,online,71,141.43,0,0,0
2024-01-01,P015,online,54,141.43,0,0,0
2024-01-08,P015,online,48,141.43,0,0,0
2024-01-15,P015,online,78,141.43,0,0,0
2024-01-22,P015,online,49,141.43,0,0,0
2024-01-29,P015,online,63,141.43,0,0,0
2024-02-05,P015,online,51,141.43,0,0,0
2024-02-12,P015,online,91,141.43,0,0,0
2024-02-19,P015,online,61,141.43,0,0,0
2024-02-26,P015,online,80,141.43,0,0,0
2024-03-04,P015,online,123,141.43,0,0,0
2024-03-11,P015,online,124,141.43,0,0,0
2024-03-18,P015,online,119,141.43,0,0,0
2024-03-25,P015,online,156,141.43,0,0,0
2024-04-01,P015,online,121,141.43,0,0,0
2024-04-08,P015,online,111,141.43,0,0,0
2024-04-15,P015,online,166,141.43,0,0,0
2024-04-22,P015,online,197,141.43,0,0,0
2024-04-29,P015,online,215,141.43,0,0,0
2024-05-06,P015,online,186,141.43,0,0,0
2024-05-13,P015,online,212,141.43,0,0,0
2024-05-20,P015,online,175,141.43,0,0,0
2024-05-27,P015,online,170,141.43,0,0,0
2024-06-03,P015,online,289,141.43,0,0,0
2024-06-10,P015,online,155,141.43,0,0,0
2024-06-17,P015,online,512,113.14,20,1,0
2024-06-24,P015,online,149,141.43,0,0,0
2024-07-01,P015,online,166,141.43,0,0,0
2024-07-08,P015,online,201,141.43,0,0,0
2024-07-15,P015,online,125,141.43,0,0,0
2024-07-22,P015,online,141,141.43,0,0,0
2024-07-29,P015,online,168,141.43,0,0,0
2024-08-05,P015,online,148,141.43,0,0,0
2024-08-12,P015,online,167,141.43,0,0,0
2024-08-19,P015,online,166,141.43,0,0,0
2024-08-26,P015,online,90,141.43,0,0,0
2024-09-02,P015,online,106,141.43,0,0,0
2024-09-09,P015,online,122,141.43,0,0,0
2024-09-16,P015,online,86,141.43,0,0,0
2024-09-23,P015,online,74,141.43,0,0,0
2024-09-30,P015,online,218,106.07,25,1,0
2024-10-07,P015,online,105,141.43,0,0,0
2024-10-14,P015,online,127,141.43,0,0,0
2024-10-21,P015,online,77,141.43,0,0,0
2024-10-28,P015,online,111,141.43,0,0,0
2024-11-04,P015,online,109,141.43,0,0,0
2024-11-11,P015,online,111,141.43,0,0,0
2024-11-18,P015,online,81,141.43,0,0,0
2024-11-25,P015,online,59,141.43,0,0,0
2024-12-02,P015,online,74,141.43,0,0,0
2024-12-09,P015,online,58,141.43,0,0,0
2024-12-16,P015,online,56,141.43,0,0,0
2024-12-23,P015,online,50,141.43,0,0,0
2024-12-30,P015,online,96,141.43,0,0,0
2025-01-06,P015,online,73,141.43,0,0,0
2025-01-13,P015,online,73,141.43,0,0,0
2025-01-20,P015,online,77,141.43,0,0,0
2025-01-27,P015,online,72,141.43,0,0,0
2025-02-03,P015,online,131,141.43,0,0,0
2025-02-10,P015,online,136,106.07,25,1,0
2025-02-17,P015,online,77,141.43,0,0,0
2025-02-24,P015,online,128,141.43,0,0,0
2025-03-03,P015,online,142,141.43,0,0,0
2025-03-10,P015,online,121,141.43,0,0,0
2025-03-17,P015,online,146,141.43,0,0,0
2025-03-24,P015,online,186,141.43,0,0,0
2025-03-31,P015,online,240,141.43,0,0,0
2025-04-07,P015,online,175,141.43,0,0,0
2025-04-14,P015,online,139,141.43,0,0,0
2025-04-21,P015,online,269,141.43,0,0,0
2025-04-28,P015,online,210,141.43,0,0,0
2025-05-05,P015,online,385,99.0,30,1,0
2025-05-12,P015,online,230,141.43,0,0,0
2025-05-19,P015,online,269,141.43,0,0,0
2025-05-26,P015,online,158,141.43,0,0,0
2025-06-02,P015,online,202,141.43,0,0,0
2025-06-09,P015,online,205,141.43,0,0,0
2025-06-16,P015,online,297,141.43,0,0,0
2025-06-23,P015,online,312,106.07,25,1,0
2025-06-30,P015,online,164,141.43,0,0,0
2025-07-07,P015,online,181,141.43,0,0,0
2025-07-14,P015,online,407,113.14,20,1,0
2025-07-21,P015,online,78,141.43,0,0,0
2025-07-28,P015,online,258,141.43,0,0,0
2025-08-04,P015,online,183,141.43,0,0,0
2025-08-11,P015,online,156,141.43,0,0,0
2025-08-18,P015,online,193,141.43,0,0,0
2025-08-25,P015,online,207,141.43,0,0,0
2025-09-01,P015,online,145,141.43,0,0,0
2025-09-08,P015,online,109,141.43,0,0,0
2025-09-15,P015,online,130,141.43,0,0,0
2025-09-22,P015,online,172,141.43,0,0,0
2025-09-29,P015,online,163,141.43,0,0,0
2025-10-06,P015,online,107,141.43,0,0,0
2025-10-13,P015,online,167,141.43,0,0,0
2025-10-20,P015,online,161,141.43,0,0,0
2025-10-27,P015,online,104,141.43,0,0,0
2025-11-03,P015,online,98,141.43,0,0,0
2025-11-10,P015,online,93,141.43,0,0,0
2025-11-17,P015,online,71,141.43,0,0,0
2025-11-24,P015,online,64,141.43,0,0,0
2025-12-01,P015,online,65,141.43,0,0,0
2025-12-08,P015,online,61,141.43,0,0,0
2025-12-15,P015,online,110,141.43,0,0,0
2025-12-22,P015,online,99,141.43,0,0,0
2023-01-02,P016,store,1,39.07,0,0,0
2023-01-09,P016,store,17,39.07,0,0,0
2023-01-16,P016,store,3,39.07,0,0,0
2023-01-23,P016,store,1,39.07,0,0,0
2023-01-30,P016,store,0,39.07,0,0,0
2023-02-06,P016,store,8,39.07,0,0,0
2023-02-13,P016,store,2,39.07,0,0,0
2023-02-20,P016,store,4,39.07,0,0,0
2023-02-27,P016,store,0,39.07,0,0,0
2023-03-06,P016,store,4,39.07,0,0,0
2023-03-13,P016,store,12,39.07,0,0,0
2023-03-20,P016,store,3,39.07,0,0,0
2023-03-27,P016,store,2,39.07,0,0,0
2023-04-03,P016,store,2,39.07,0,0,0
2023-04-10,P016,store,14,39.07,0,0,0
2023-04-17,P016,store,23,39.07,0,0,0
2023-04-24,P016,store,3,39.07,0,0,0
2023-05-01,P016,store,21,39.07,0,0,0
2023-05-08,P016,store,3,39.07,0,0,0
2023-05-15,P016,store,16,39.07,0,0,0
2023-05-22,P016,store,19,39.07,0,0,0
2023-05-29,P016,store,0,39.07,0,0,0
2023-06-05,P016,store,28,39.07,0,0,0
2023-06-12,P016,store,1,39.07,0,0,0
2023-06-19,P016,store,25,39.07,0,0,0
2023-06-26,P016,store,2,39.07,0,0,0
2023-07-03,P016,store,23,39.07,0,0,0
2023-07-10,P016,store,22,39.07,0,0,0
2023-07-17,P016,store,27,35.16,10,1,0
2023-07-24,P016,store,6,39.07,0,0,0
2023-07-31,P016,store,3,39.07,0,0,0
2023-08-07,P016,store,17,39.07,0,0,0
2023-08-14,P016,store,11,39.07,0,0,0
2023-08-21,P016,store,18,39.07,0,0,0
2023-08-28,P016,store,10,39.07,0,0,0
2023-09-04,P016,store,7,39.07,0,0,0
2023-09-11,P016,store,10,39.07,0,0,0
2023-09-18,P016,store,15,35.16,10,1,0
2023-09-25,P016,store,1,39.07,0,0,0
2023-10-02,P016,store,4,39.07,0,0,0
2023-10-09,P016,store,4,39.07,0,0,0
2023-10-16,P016,store,0,31.26,20,1,0
2023-10-23,P016,store,9,39.07,0,0,0
2023-10-30,P016,store,2,39.07,0,0,0
2023-11-06,P016,store,6,39.07,0,0,0
2023-11-13,P016,store,5,39.07,0,0,0
2023-11-20,P016,store,15,35.16,10,1,0
2023-11-27,P016,store,2,39.07,0,0,0
2023-12-04,P016,store,12,39.07,0,0,0
2023-12-11,P016,store,6,39.07,0,0,0
2023-12-18,P016,store,6,39.07,0,0,0
2023-12-25,P016,store,9,39.07,0,0,0
2024-01-01,P016,store,2,39.07,0,0,0
2024-01-08,P016,store,16,39.07,0,0,0
2024-01-15,P016,store,8,39.07,0,0,0
2024-01-22,P016,store,3,39.07,0,0,0
2024-01-29,P016,store,0,39.07,0,0,0
2024-02-05,P016,store,8,39.07,0,0,0
2024-02-12,P016,store,7,39.07,0,0,0
2024-02-19,P016,store,6,39.07,0,0,0
2024-02-26,P016,store,17,31.26,20,1,0
2024-03-04,P016,store,19,39.07,0,0,0
2024-03-11,P016,store,52,39.07,0,0,0
2024-03-18,P016,store,1,39.07,0,0,0
2024-03-25,P016,store,18,39.07,0,0,0
2024-04-01,P016,store,3,39.07,0,0,0
2024-04-08,P016,store,34,39.07,0,0,0
2024-04-15,P016,store,28,27.35,30,1,0
2024-04-22,P016,store,2,39.07,0,0,0
2024-04-29,P016,store,50,39.07,0,0,0
2024-05-06,P016,store,1,39.07,0,0,0
2024-05-13,P016,store,30,39.07,0,0,0
2024-05-20,P016,store,25,39.07,0,0,0
2024-05-27,P016,store,73,39.07,0,0,0
2024-06-03,P016,store,18,39.07,0,0,0
2024-06-10,P016,store,15,39.07,0,0,0
2024-06-17,P016,store,3,39.07,0,0,0
2024-06-24,P016,store,28,29.3,25,1,0
2024-07-01,P016,store,18,39.07,0,0,0
2024-07-08,P016,store,12,39.07,0,0,0
2024-07-15,P016,store,8,39.07,0,0,0
2024-07-22,P016,store,8,39.07,0,0,0
2024-07-29,P016,store,24,39.07,0,0,0
2024-08-05,P016,store,5,39.07,0,0,0
2024-08-12,P016,store,38,39.07,0,0,0
2024-08-19,P016,store,7,39.07,0,0,0
2024-08-26,P016,store,20,39.07,0,0,0
2024-09-02,P016,store,28,39.07,0,0,0
2024-09-09,P016,store,42,31.26,20,1,0
2024-09-16,P016,store,6,39.07,0,0,0
2024-09-23,P016,store,1,39.07,0,0,0
2024-09-30,P016,store,24,39.07,0,0,0
2024-10-07,P016,store,15,39.07,0,0,0
2024-10-14,P016,store,4,39.07,0,0,0
2024-10-21,P016,store,27,39.07,0,0,0
2024-10-28,P016,store,11,39.07,0,0,0
2024-11-04,P016,store,15,27.35,30,1,0
2024-11-11,P016,store,12,39.07,0,0,0
2024-11-18,P016,store,27,39.07,0,0,0
2024-11-25,P016,store,2,39.07,0,0,0
2024-12-02,P016,store,12,39.07,0,0,0
2024-12-09,P016,store,3,39.07,0,0,0
2024-12-16,P016,store,7,27.35,30,1,0
2024-12-23,P016,store,5,39.07,0,0,0
2024-12-30,P016,store,3,39.07,0,0,0
2025-01-06,P016,store,3,39.07,0,0,0
2025-01-13,P016,store,5,39.07,0,0,0
2025-01-20,P016,store,10,39.07,0,0,0
2025-01-27,P016,store,3,39.07,0,0,0
2025-02-03,P016,store,12,39.07,0,0,0
2025-02-10,P016,store,7,39.07,0,0,0
2025-02-17,P016,store,2,39.07,0,0,0
2025-02-24,P016,store,11,39.07,0,0,0
2025-03-03,P016,store,3,39.07,0,0,0
2025-03-10,P016,store,0,39.07,0,0,0
2025-03-17,P016,store,2,39.07,0,0,0
2025-03-24,P016,store,2,39.07,0,0,0
2025-03-31,P016,store,14,39.07,0,0,0
2025-04-07,P016,store,31,39.07,0,0,0
2025-04-14,P016,store,10,39.07,0,0,0
2025-04-21,P016,store,30,39.07,0,0,0
2025-04-28,P016,store,19,39.07,0,0,0
2025-05-05,P016,store,24,39.07,0,0,0
2025-05-12,P016,store,3,39.07,0,0,0
2025-05-19,P016,store,18,39.07,0,0,0
2025-05-26,P016,store,58,39.07,0,0,0
2025-06-02,P016,store,1,39.07,0,0,0
2025-06-09,P016,store,13,39.07,0,0,0
2025-06-16,P016,store,23,33.21,15,1,0
2025-06-23,P016,store,14,39.07,0,0,0
2025-06-30,P016,store,2,39.07,0,0,0
2025-07-07,P016,store,0,39.07,0,0,0
2025-07-14,P016,store,27,27.35,30,1,0
2025-07-21,P016,store,5,39.07,0,0,0
2025-07-28,P016,store,29,39.07,0,0,0
2025-08-04,P016,store,5,39.07,0,0,0
2025-08-11,P016,store,25,39.07,0,0,0
2025-08-18,P016,store,21,39.07,0,0,0
2025-08-25,P016,store,10,39.07,0,0,0
2025-09-01,P016,store,9,39.07,0,0,0
2025-09-08,P016,store,27,39.07,0,0,0
2025-09-15,P016,store,2,39.07,0,0,0
2025-09-22,P016,store,7,39.07,0,0,0
2025-09-29,P016,store,6,39.07,0,0,0
2025-10-06,P016,store,5,39.07,0,0,0
2025-10-13,P016,store,18,39.07,0,0,0
2025-10-20,P016,store,3,39.07,0,0,0
2025-10-27,P016,store,1,39.07,0,0,0
2025-11-03,P016,store,11,39.07,0,0,0
2025-11-10,P016,store,7,39.07,0,0,0
2025-11-17,P016,store,6,39.07,0,0,0
2025-11-24,P016,store,5,39.07,0,0,0
2025-12-01,P016,store,9,39.07,0,0,0
2025-12-08,P016,store,10,39.07,0,0,0
2025-12-15,P016,store,11,39.07,0,0,0
2025-12-22,P016,store,4,39.07,0,0,0
2023-01-02,P016,online,11,39.07,0,0,0
2023-01-09,P016,online,16,31.26,20,1,0
2023-01-16,P016,online,2,39.07,0,0,0
2023-01-23,P016,online,0,39.07,0,0,0
2023-01-30,P016,online,5,39.07,0,0,0
2023-02-06,P016,online,9,39.07,0,0,0
2023-02-13,P016,online,2,39.07,0,0,0
2023-02-20,P016,online,0,39.07,0,0,0
2023-02-27,P016,online,2,39.07,0,0,0
2023-03-06,P016,online,8,39.07,0,0,0
2023-03-13,P016,online,0,39.07,0,0,0
2023-03-20,P016,online,6,39.07,0,0,0
2023-03-27,P016,online,10,39.07,0,0,0
2023-04-03,P016,online,18,39.07,0,0,0
2023-04-10,P016,online,1,39.07,0,0,0
2023-04-17,P016,online,1,39.07,0,0,0
2023-04-24,P016,online,1,39.07,0,0,0
2023-05-01,P016,online,11,39.07,0,0,0
2023-05-08,P016,online,3,39.07,0,0,0
2023-05-15,P016,online,45,39.07,0,0,0
2023-05-22,P016,online,5,39.07,0,0,0
2023-05-29,P016,online,16,39.07,0,0,0
2023-06-05,P016,online,5,39.07,0,0,0
2023-06-12,P016,online,3,39.07,0,0,0
2023-06-19,P016,online,7,39.07,0,0,0
2023-06-26,P016,online,23,39.07,0,0,0
2023-07-03,P016,online,14,39.07,0,0,0
2023-07-10,P016,online,4,39.07,0,0,0
2023-07-17,P016,online,30,33.21,15,1,0
2023-07-24,P016,online,1,39.07,0,0,0
2023-07-31,P016,online,25,39.07,0,0,0
2023-08-07,P016,online,0,39.07,0,0,0
2023-08-14,P016,online,0,39.07,0,0,0
2023-08-21,P016,online,12,39.07,0,0,0
2023-08-28,P016,online,12,39.07,0,0,0
2023-09-04,P016,online,31,27.35,30,1,0
2023-09-11,P016,online,0,39.07,0,0,0
2023-09-18,P016,online,2,39.07,0,0,0
2023-09-25,P016,online,3,39.07,0,0,0
2023-10-02,P016,online,8,39.07,0,0,0
2023-10-09,P016,online,19,39.07,0,0,0
2023-10-16,P016,online,7,39.07,0,0,0
2023-10-23,P016,online,10,39.07,0,0,0
2023-10-30,P016,online,7,39.07,0,0,0
2023-11-06,P016,online,6,39.07,0,0,0
2023-11-13,P016,online,1,39.07,0,0,0
2023-11-20,P016,online,6,39.07,0,0,0
2023-11-27,P016,online,7,39.07,0,0,0
2023-12-04,P016,online,8,39.07,0,0,0
2023-12-11,P016,online,11,39.07,0,0,0
2023-12-18,P016,online,9,39.07,0,0,0
2023-12-25,P016,online,36,39.07,0,0,0
2024-01-01,P016,online,0,39.07,0,0,0
2024-01-08,P016,online,6,39.07,0,0,0
2024-01-15,P016,online,0,39.07,0,0,0
2024-01-22,P016,online,7,39.07,0,0,0
2024-01-29,P016,online,8,39.07,0,0,0
2024-02-05,P016,online,3,39.07,0,0,0
2024-02-12,P016,online,2,39.07,0,0,0
2024-02-19,P016,online,6,39.07,0,0,0
2024-02-26,P016,online,9,39.07,0,0,0
2024-03-04,P016,online,2,39.07,0,0,0
2024-03-11,P016,online,0,39.07,0,0,0
2024-03-18,P016,online,0,39.07,0,0,0
2024-03-25,P016,online,1,39.07,0,0,0
2024-04-01,P016,online,26,39.07,0,0,0
2024-04-08,P016,online,4,39.07,0,0,0
2024-04-15,P016,online,3,39.07,0,0,0
2024-04-22,P016,online,3,39.07,0,0,0
2024-04-29,P016,online,19,39.07,0,0,0
2024-05-06,P016,online,4,39.07,0,0,0
2024-05-13,P016,online,1,39.07,0,0,0
2024-05-20,P016,online,11,39.07,0,0,0
2024-05-27,P016,online,15,39.07,0,0,0
2024-06-03,P016,online,13,39.07,0,0,0
2024-06-10,P016,online,8,39.07,0,0,0
2024-06-17,P016,online,3,39.07,0,0,0
2024-06-24,P016,online,0,39.07,0,0,0
2024-07-01,P016,online,3,39.07,0,0,0
2024-07-08,P016,online,39,27.35,30,1,0
2024-07-15,P016,online,27,39.07,0,0,0
2024-07-22,P016,online,3,39.07,0,0,0
2024-07-29,P016,online,15,39.07,0,0,0
2024-08-05,P016,online,49,27.35,30,1,0
2024-08-12,P016,online,19,39.07,0,0,0
2024-08-19,P016,online,12,39.07,0,0,0
2024-08-26,P016,online,3,39.07,0,0,0
2024-09-02,P016,online,0,39.07,0,0,0
2024-09-09,P016,online,3,39.07,0,0,0
2024-09-16,P016,online,14,31.26,20,1,0
2024-09-23,P016,online,24,39.07,0,0,0
2024-09-30,P016,online,6,39.07,0,0,0
2024-10-07,P016,online,11,39.07,0,0,0
2024-10-14,P016,online,14,39.07,0,0,0
2024-10-21,P016,online,1,39.07,0,0,0
2024-10-28,P016,online,5,39.07,0,0,0
2024-11-04,P016,online,9,39.07,0,0,0
2024-11-11,P016,online,1,39.07,0,0,0
2024-11-18,P016,online,1,39.07,0,0,0
2024-11-25,P016,online,3,39.07,0,0,0
2024-12-02,P016,online,5,39.07,0,0,0
2024-12-09,P016,online,19,39.07,0,0,0
2024-12-16,P016,online,24,39.07,0,0,0
2024-12-23,P016,online,4,39.07,0,0,0
2024-12-30,P016,online,1,39.07,0,0,0
2025-01-06,P016,online,0,39.07,0,0,0
2025-01-13,P016,online,4,39.07,0,0,0
2025-01-20,P016,online,5,39.07,0,0,0
2025-01-27,P016,online,11,39.07,0,0,0
2025-02-03,P016,online,6,39.07,0,0,0
2025-02-10,P016,online,9,39.07,0,0,0
2025-02-17,P016,online,0,39.07,0,0,0
2025-02-24,P016,online,11,39.07,0,0,0
2025-03-03,P016,online,2,39.07,0,0,0
2025-03-10,P016,online,44,39.07,0,0,0
2025-03-17,P016,online,52,39.07,0,0,0
2025-03-24,P016,online,5,39.07,0,0,0
2025-03-31,P016,online,8,39.07,0,0,0
2025-04-07,P016,online,35,39.07,0,0,0
2025-04-14,P016,online,7,39.07,0,0,0
2025-04-21,P016,online,34,39.07,0,0,0
2025-04-28,P016,online,22,39.07,0,0,0
2025-05-05,P016,online,30,39.07,0,0,0
2025-05-12,P016,online,23,39.07,0,0,0
2025-05-19,P016,online,9,35.16,10,1,0
2025-05-26,P016,online,69,39.07,0,0,0
2025-06-02,P016,online,43,39.07,0,0,0
2025-06-09,P016,online,26,39.07,0,0,0
2025-06-16,P016,online,22,39.07,0,0,0
2025-06-23,P016,online,62,39.07,0,0,0
2025-06-30,P016,online,66,39.07,0,0,0
2025-07-07,P016,online,27,39.07,0,0,0
2025-07-14,P016,online,5,39.07,0,0,0
2025-07-21,P016,online,36,39.07,0,0,0
2025-07-28,P016,online,8,39.07,0,0,0
2025-08-04,P016,online,30,39.07,0,0,0
2025-08-11,P016,online,7,39.07,0,0,0
2025-08-18,P016,online,11,31.26,20,1,0
2025-08-25,P016,online,1,39.07,0,0,0
2025-09-01,P016,online,14,39.07,0,0,0
2025-09-08,P016,online,6,39.07,0,0,0
2025-09-15,P016,online,11,39.07,0,0,0
2025-09-22,P016,online,3,39.07,0,0,0
2025-09-29,P016,online,6,39.07,0,0,0
2025-10-06,P016,online,1,39.07,0,0,0
2025-10-13,P016,online,3,39.07,0,0,0
2025-10-20,P016,online,6,39.07,0,0,0
2025-10-27,P016,online,9,39.07,0,0,0
2025-11-03,P016,online,2,39.07,0,0,0
2025-11-10,P016,online,11,39.07,0,0,0
2025-11-17,P016,online,16,39.07,0,0,0
2025-11-24,P016,online,16,39.07,0,0,0
2025-12-01,P016,online,3,39.07,0,0,0
2025-12-08,P016,online,1,39.07,0,0,0
2025-12-15,P016,online,6,39.07,0,0,0
2025-12-22,P016,online,10,39.07,0,0,0
2023-01-02,P017,store,1,92.01,0,0,0
2023-01-09,P017,store,2,92.01,0,0,0
2023-01-16,P017,store,1,92.01,0,0,0
2023-01-23,P017,store,4,92.01,0,0,0
2023-01-30,P017,store,19,92.01,0,0,0
2023-02-06,P017,store,5,73.61,20,1,0
2023-02-13,P017,store,13,92.01,0,0,0
2023-02-20,P017,store,5,92.01,0,0,0
2023-02-27,P017,store,8,92.01,0,0,0
2023-03-06,P017,store,6,92.01,0,0,0
2023-03-13,P017,store,9,92.01,0,0,0
2023-03-20,P017,store,0,92.01,0,0,0
2023-03-27,P017,store,0,92.01,0,0,0
2023-04-03,P017,store,9,92.01,0,0,0
2023-04-10,P017,store,1,92.01,0,0,0
2023-04-17,P017,store,0,92.01,0,0,0
2023-04-24,P017,store,1,92.01,0,0,0
2023-05-01,P017,store,31,92.01,0,0,0
2023-05-08,P017,store,18,92.01,0,0,0
2023-05-15,P017,store,36,92.01,0,0,0
2023-05-22,P017,store,1,92.01,0,0,0
2023-05-29,P017,store,0,92.01,0,0,0
2023-06-05,P017,store,3,92.01,0,0,0
2023-06-12,P017,store,3,92.01,0,0,0
2023-06-19,P017,store,21,92.01,0,0,0
2023-06-26,P017,store,15,92.01,0,0,0
2023-07-03,P017,store,14,92.01,0,0,0
2023-07-10,P017,store,1,92.01,0,0,0
2023-07-17,P017,store,6,92.01,0,0,0
2023-07-24,P017,store,11,92.01,0,0,0
2023-07-31,P017,store,6,92.01,0,0,0
2023-08-07,P017,store,5,92.01,0,0,0
2023-08-14,P017,store,7,92.01,0,0,0
2023-08-21,P017,store,0,92.01,0,0,0
2023-08-28,P017,store,28,92.01,0,0,0
2023-09-04,P017,store,39,78.21,15,1,0
2023-09-11,P017,store,4,92.01,0,0,0
2023-09-18,P017,store,2,92.01,0,0,0
2023-09-25,P017,store,9,92.01,0,0,0
2023-10-02,P017,store,13,92.01,0,0,0
2023-10-09,P017,store,11,92.01,0,0,0
2023-10-16,P017,store,8,92.01,0,0,0
2023-10-23,P017,store,28,92.01,0,0,0
2023-10-30,P017,store,25,92.01,0,0,0
2023-11-06,P017,store,9,92.01,0,0,0
2023-11-13,P017,store,11,92.01,0,0,0
2023-11-20,P017,store,3,92.01,0,0,0
2023-11-27,P017,store,7,92.01,0,0,0
2023-12-04,P017,store,2,92.01,0,0,0
2023-12-11,P017,store,3,92.01,0,0,0
2023-12-18,P017,store,2,92.01,0,0,0
2023-12-25,P017,store,19,92.01,0,0,0
2024-01-01,P017,store,4,92.01,0,0,0
2024-01-08,P017,store,0,92.01,0,0,0
2024-01-15,P017,store,11,92.01,0,0,0
2024-01-22,P017,store,4,92.01,0,0,0
2024-01-29,P017,store,7,92.01,0,0,0
2024-02-05,P017,store,3,92.01,0,0,0
2024-02-12,P017,store,18,69.01,25,1,0
2024-02-19,P017,store,5,92.01,0,0,0
2024-02-26,P017,store,14,92.01,0,0,0
2024-03-04,P017,store,2,92.01,0,0,0
2024-03-11,P017,store,19,92.01,0,0,0
2024-03-18,P017,store,2,92.01,0,0,0
2024-03-25,P017,store,2,92.01,0,0,0
2024-04-01,P017,store,2,92.01,0,0,0
2024-04-08,P017,store,6,92.01,0,0,0
2024-04-15,P017,store,9,92.01,0,0,0
2024-04-22,P017,store,92,69.01,25,1,0
2024-04-29,P017,store,17,92.01,0,0,0
2024-05-06,P017,store,4,92.01,0,0,0
2024-05-13,P017,store,18,92.01,0,0,0
2024-05-20,P017,store,4,92.01,0,0,0
2024-05-27,P017,store,10,92.01,0,0,0
2024-06-03,P017,store,25,92.01,0,0,0
2024-06-10,P017,store,40,92.01,0,0,0
2024-06-17,P017,store,28,92.01,0,0,0
2024-06-24,P017,store,2,92.01,0,0,0
2024-07-01,P017,store,10,92.01,0,0,0
2024-07-08,P017,store,11,92.01,0,0,0
2024-07-15,P017,store,14,92.01,0,0,0
2024-07-22,P017,store,20,92.01,0,0,0
2024-07-29,P017,store,5,92.01,0,0,0
2024-08-05,P017,store,1,92.01,0,0,0
2024-08-12,P017,store,13,92.01,0,0,0
2024-08-19,P017,store,3,92.01,0,0,0
2024-08-26,P017,store,26,92.01,0,0,0
2024-09-02,P017,store,23,92.01,0,0,0
2024-09-09,P017,store,1,92.01,0,0,0
2024-09-16,P017,store,3,92.01,0,0,0
2024-09-23,P017,store,0,92.01,0,0,0
2024-09-30,P017,store,14,92.01,0,0,0
2024-10-07,P017,store,0,92.01,0,0,0
2024-10-14,P017,store,3,92.01,0,0,0
2024-10-21,P017,store,7,92.01,0,0,0
2024-10-28,P017,store,11,92.01,0,0,0
2024-11-04,P017,store,1,92.01,0,0,0
2024-11-11,P017,store,1,92.01,0,0,0
2024-11-18,P017,store,9,92.01,0,0,0
2024-11-25,P017,store,1,92.01,0,0,0
2024-12-02,P017,store,4,92.01,0,0,0
2024-12-09,P017,store,1,92.01,0,0,0
2024-12-16,P017,store,10,92.01,0,0,0
2024-12-23,P017,store,13,92.01,0,0,0
2024-12-30,P017,store,3,92.01,0,0,0
2025-01-06,P017,store,34,69.01,25,1,0
2025-01-13,P017,store,0,92.01,0,0,0
2025-01-20,P017,store,4,92.01,0,0,0
2025-01-27,P017,store,6,92.01,0,0,0
2025-02-03,P017,store,3,92.01,0,0,0
2025-02-10,P017,store,6,92.01,0,0,0
2025-02-17,P017,store,5,92.01,0,0,0
2025-02-24,P017,store,9,92.01,0,0,0
2025-03-03,P017,store,9,73.61,20,1,0
2025-03-10,P017,store,6,92.01,0,0,0
2025-03-17,P017,store,4,92.01,0,0,0
2025-03-24,P017,store,7,92.01,0,0,0
2025-03-31,P017,store,13,92.01,0,0,0
2025-04-07,P017,store,4,92.01,0,0,0
2025-04-14,P017,store,1,92.01,0,0,0
2025-04-21,P017,store,32,92.01,0,0,0
2025-04-28,P017,store,12,92.01,0,0,0
2025-05-05,P017,store,3,92.01,0,0,0
2025-05-12,P017,store,0,92.01,0,0,0
2025-05-19,P017,store,16,92.01,0,0,0
2025-05-26,P017,store,15,92.01,0,0,0
2025-06-02,P017,store,12,92.01,0,0,0
2025-06-09,P017,store,11,92.01,0,0,0
2025-06-16,P017,store,2,92.01,0,0,0
2025-06-23,P017,store,27,69.01,25,1,0
2025-06-30,P017,store,5,92.01,0,0,0
2025-07-07,P017,store,0,92.01,0,0,0
2025-07-14,P017,store,21,92.01,0,0,0
2025-07-21,P017,store,6,92.01,0,0,0
2025-07-28,P017,store,0,92.01,0,0,0
2025-08-04,P017,store,7,92.01,0,0,0
2025-08-11,P017,store,8,92.01,0,0,0
2025-08-18,P017,store,4,92.01,0,0,0
2025-08-25,P017,store,1,92.01,0,0,0
2025-09-01,P017,store,7,92.01,0,0,0
2025-09-08,P017,store,0,92.01,0,0,0
2025-09-15,P017,store,21,92.01,0,0,0
2025-09-22,P017,store,4,92.01,0,0,0
2025-09-29,P017,store,3,92.01,0,0,0
2025-10-06,P017,store,22,92.01,0,0,0
2025-10-13,P017,store,1,64.41,30,1,0
2025-10-20,P017,store,16,92.01,0,0,0
2025-10-27,P017,store,6,78.21,15,1,0
2025-11-03,P017,store,11,92.01,0,0,0
2025-11-10,P017,store,12,92.01,0,0,0
2025-11-17,P017,store,35,92.01,0,0,0
2025-11-24,P017,store,8,92.01,0,0,0
2025-12-01,P017,store,21,92.01,0,0,0
2025-12-08,P017,store,6,92.01,0,0,0
2025-12-15,P017,store,9,92.01,0,0,0
2025-12-22,P017,store,3,92.01,0,0,0
2023-01-02,P017,online,2,92.01,0,0,0
2023-01-09,P017,online,0,92.01,0,0,0
2023-01-16,P017,online,2,64.41,30,1,0
2023-01-23,P017,online,2,92.01,0,0,0
2023-01-30,P017,online,1,92.01,0,0,0
2023-02-06,P017,online,1,92.01,0,0,0
2023-02-13,P017,online,2,92.01,0,0,0
2023-02-20,P017,online,3,92.01,0,0,0
2023-02-27,P017,online,3,92.01,0,0,0
2023-03-06,P017,online,17,64.41,30,1,0
2023-03-13,P017,online,3,92.01,0,0,0
2023-03-20,P017,online,0,92.01,0,0,0
2023-03-27,P017,online,3,92.01,0,0,0
2023-04-03,P017,online,2,92.01,0,0,0
2023-04-10,P017,online,47,69.01,25,1,0
2023-04-17,P017,online,4,92.01,0,0,0
2023-04-24,P017,online,12,92.01,0,0,0
2023-05-01,P017,online,1,92.01,0,0,0
2023-05-08,P017,online,4,92.01,0,0,0
2023-05-15,P017,online,6,92.01,0,0,0
2023-05-22,P017,online,1,92.01,0,0,0
2023-05-29,P017,online,3,92.01,0,0,0
2023-06-05,P017,online,12,69.01,25,1,0
2023-06-12,P017,online,1,92.01,0,0,0
2023-06-19,P017,online,20,92.01,0,0,0
2023-06-26,P017,online,4,92.01,0,0,0
2023-07-03,P017,online,4,92.01,0,0,0
2023-07-10,P017,online,2,92.01,0,0,0
2023-07-17,P017,online,8,92.01,0,0,0
2023-07-24,P017,online,3,92.01,0,0,0
2023-07-31,P017,online,7,92.01,0,0,0
2023-08-07,P017,online,0,92.01,0,0,0
2023-08-14,P017,online,8,92.01,0,0,0
2023-08-21,P017,online,10,92.01,0,0,0
2023-08-28,P017,online,3,82.81,10,1,0
2023-09-04,P017,online,8,92.01,0,0,0
2023-09-11,P017,online,6,92.01,0,0,0
2023-09-18,P017,online,8,92.01,0,0,0
2023-09-25,P017,online,10,92.01,0,0,0
2023-10-02,P017,online,2,92.01,0,0,0
2023-10-09,P017,online,2,92.01,0,0,0
2023-10-16,P017,online,13,92.01,0,0,0
2023-10-23,P017,online,0,92.01,0,0,0
2023-10-30,P017,online,1,92.01,0,0,0
2023-11-06,P017,online,11,92.01,0,0,0
2023-11-13,P017,online,1,92.01,0,0,0
2023-11-20,P017,online,12,92.01,0,0,0
2023-11-27,P017,online,3,92.01,0,0,0
2023-12-04,P017,online,17,78.21,15,1,0
2023-12-11,P017,online,1,92.01,0,0,0
2023-12-18,P017,online,1,92.01,0,0,0
2023-12-25,P017,online,5,92.01,0,0,0
2024-01-01,P017,online,0,92.01,0,0,0
2024-01-08,P017,online,6,92.01,0,0,0
2024-01-15,P017,online,4,92.01,0,0,0
2024-01-22,P017,online,10,92.01,0,0,0
2024-01-29,P017,online,2,92.01,0,0,0
2024-02-05,P017,online,3,92.01,0,0,0
2024-02-12,P017,online,8,92.01,0,0,0
2024-02-19,P017,online,2,92.01,0,0,0
2024-02-26,P017,online,0,92.01,0,0,0
2024-03-04,P017,online,0,92.01,0,0,0
2024-03-11,P017,online,3,92.01,0,0,0
2024-03-18,P017,online,0,92.01,0,0,0
2024-03-25,P017,online,11,92.01,0,0,0
2024-04-01,P017,online,7,92.01,0,0,0
2024-04-08,P017,online,9,92.01,0,0,0
2024-04-15,P017,online,7,92.01,0,0,0
2024-04-22,P017,online,15,92.01,0,0,0
2024-04-29,P017,online,25,92.01,0,0,0
2024-05-06,P017,online,6,92.01,0,0,0
2024-05-13,P017,online,1,92.01,0,0,0
2024-05-20,P017,online,11,92.01,0,0,0
2024-05-27,P017,online,8,92.01,0,0,0
2024-06-03,P017,online,23,92.01,0,0,0
2024-06-10,P017,online,2,92.01,0,0,0
2024-06-17,P017,online,0,92.01,0,0,0
2024-06-24,P017,online,0,92.01,0,0,0
2024-07-01,P017,online,30,92.01,0,0,0
2024-07-08,P017,online,3,92.01,0,0,0
2024-07-15,P017,online,5,92.01,0,0,0
2024-07-22,P017,online,11,92.01,0,0,0
2024-07-29,P017,online,21,69.01,25,1,0
2024-08-05,P017,online,5,92.01,0,0,0
2024-08-12,P017,online,7,92.01,0,0,0
2024-08-19,P017,online,3,92.01,0,0,0
2024-08-26,P017,online,16,92.01,0,0,0
2024-09-02,P017,online,11,92.01,0,0,0
2024-09-09,P017,online,17,92.01,0,0,0
2024-09-16,P017,online,15,82.81,10,1,0
2024-09-23,P017,online,12,92.01,0,0,0
2024-09-30,P017,online,10,92.01,0,0,0
2024-10-07,P017,online,5,92.01,0,0,0
2024-10-14,P017,online,3,92.01,0,0,0
2024-10-21,P017,online,5,92.01,0,0,0
2024-10-28,P017,online,9,92.01,0,0,0
2024-11-04,P017,online,3,92.01,0,0,0
2024-11-11,P017,online,2,92.01,0,0,0
2024-11-18,P017,online,6,92.01,0,0,0
2024-11-25,P017,online,0,92.01,0,0,0
2024-12-02,P017,online,3,92.01,0,0,0
2024-12-09,P017,online,1,92.01,0,0,0
2024-12-16,P017,online,0,92.01,0,0,0
2024-12-23,P017,online,2,92.01,0,0,0
2024-12-30,P017,online,3,92.01,0,0,0
2025-01-06,P017,online,1,92.01,0,0,0
2025-01-13,P017,online,3,92.01,0,0,0
2025-01-20,P017,online,3,92.01,0,0,0
2025-01-27,P017,online,0,92.01,0,0,0
2025-02-03,P017,online,6,92.01,0,0,0
2025-02-10,P017,online,0,92.01,0,0,0
2025-02-17,P017,online,2,92.01,0,0,0
2025-02-24,P017,online,7,92.01,0,0,0
2025-03-03,P017,online,8,92.01,0,0,0
2025-03-10,P017,online,3,92.01,0,0,0
2025-03-17,P017,online,0,92.01,0,0,0
2025-03-24,P017,online,9,92.01,0,0,0
2025-03-31,P017,online,7,82.81,10,1,0
2025-04-07,P017,online,2,92.01,0,0,0
2025-04-14,P017,online,11,92.01,0,0,0
2025-04-21,P017,online,8,92.01,0,0,0
2025-04-28,P017,online,12,92.01,0,0,0
2025-05-05,P017,online,7,92.01,0,0,0
2025-05-12,P017,online,8,92.01,0,0,0
2025-05-19,P017,online,20,92.01,0,0,0
2025-05-26,P017,online,8,92.01,0,0,0
2025-06-02,P017,online,17,92.01,0,0,0
2025-06-09,P017,online,13,92.01,0,0,0
2025-06-16,P017,online,2,92.01,0,0,0
2025-06-23,P017,online,7,92.01,0,0,0
2025-06-30,P017,online,12,92.01,0,0,0
2025-07-07,P017,online,2,92.01,0,0,0
2025-07-14,P017,online,12,92.01,0,0,0
2025-07-21,P017,online,4,92.01,0,0,0
2025-07-28,P017,online,14,92.01,0,0,0
2025-08-04,P017,online,24,92.01,0,0,0
2025-08-11,P017,online,3,92.01,0,0,0
2025-08-18,P017,online,12,69.01,25,1,0
2025-08-25,P017,online,8,92.01,0,0,0
2025-09-01,P017,online,10,78.21,15,1,0
2025-09-08,P017,online,1,92.01,0,0,0
2025-09-15,P017,online,4,92.01,0,0,0
2025-09-22,P017,online,16,92.01,0,0,0
2025-09-29,P017,online,2,92.01,0,0,0
2025-10-06,P017,online,10,92.01,0,0,0
2025-10-13,P017,online,19,92.01,0,0,0
2025-10-20,P017,online,18,92.01,0,0,0
2025-10-27,P017,online,5,92.01,0,0,0
2025-11-03,P017,online,6,92.01,0,0,0
2025-11-10,P017,online,2,92.01,0,0,0
2025-11-17,P017,online,5,92.01,0,0,0
2025-11-24,P017,online,3,92.01,0,0,0
2025-12-01,P017,online,2,92.01,0,0,0
2025-12-08,P017,online,6,92.01,0,0,0
2025-12-15,P017,online,5,92.01,0,0,0
2025-12-22,P017,online,3,92.01,0,0,0
2023-01-02,P018,store,2,173.56,0,0,0
2023-01-09,P018,store,1,130.17,25,1,0
2023-01-16,P018,store,2,173.56,0,0,0
2023-01-23,P018,store,0,173.56,0,0,0
2023-01-30,P018,store,0,173.56,0,0,0
2023-02-06,P018,store,1,173.56,0,0,0
2023-02-13,P018,store,2,173.56,0,0,0
2023-02-20,P018,store,2,156.2,10,1,0
2023-02-27,P018,store,1,173.56,0,0,0
2023-03-06,P018,store,0,173.56,0,0,0
2023-03-13,P018,store,0,173.56,0,0,0
2023-03-20,P018,store,0,173.56,0,0,0
2023-03-27,P018,store,0,173.56,0,0,0
2023-04-03,P018,store,0,173.56,0,0,0
2023-04-10,P018,store,0,173.56,0,0,0
2023-04-17,P018,store,2,173.56,0,0,0
2023-04-24,P018,store,1,173.56,0,0,0
2023-05-01,P018,store,1,173.56,0,0,0
2023-05-08,P018,store,2,173.56,0,0,0
2023-05-15,P018,store,0,173.56,0,0,0
2023-05-22,P018,store,1,173.56,0,0,0
2023-05-29,P018,store,1,173.56,0,0,0
2023-06-05,P018,store,2,173.56,0,0,0
2023-06-12,P018,store,0,173.56,0,0,0
2023-06-19,P018,store,0,173.56,0,0,0
2023-06-26,P018,store,0,173.56,0,0,0
2023-07-03,P018,store,0,173.56,0,0,0
2023-07-10,P018,store,0,173.56,0,0,0
2023-07-17,P018,store,0,173.56,0,0,0
2023-07-24,P018,store,0,173.56,0,0,0
2023-07-31,P018,store,0,173.56,0,0,0
2023-08-07,P018,store,0,173.56,0,0,0
2023-08-14,P018,store,2,173.56,0,0,0
2023-08-21,P018,store,2,173.56,0,0,0
2023-08-28,P018,store,2,173.56,0,0,0
2023-09-04,P018,store,2,173.56,0,0,0
2023-09-11,P018,store,1,173.56,0,0,0
2023-09-18,P018,store,0,173.56,0,0,0
2023-09-25,P018,store,3,173.56,0,0,0
2023-10-02,P018,store,3,156.2,10,1,0
2023-10-09,P018,store,1,173.56,0,0,0
2023-10-16,P018,store,0,173.56,0,0,0
2023-10-23,P018,store,0,173.56,0,0,0
2023-10-30,P018,store,3,173.56,0,0,0
2023-11-06,P018,store,2,173.56,0,0,0
2023-11-13,P018,store,0,173.56,0,0,0
2023-11-20,P018,store,0,173.56,0,0,0
2023-11-27,P018,store,0,173.56,0,0,0
2023-12-04,P018,store,0,173.56,0,0,0
2023-12-11,P018,store,0,173.56,0,0,0
2023-12-18,P018,store,0,173.56,0,0,0
2023-12-25,P018,store,4,173.56,0,0,0
2024-01-01,P018,store,0,173.56,0,0,0
2024-01-08,P018,store,0,173.56,0,0,0
2024-01-15,P018,store,3,173.56,0,0,0
2024-01-22,P018,store,0,173.56,0,0,0
2024-01-29,P018,store,2,173.56,0,0,0
2024-02-05,P018,store,0,173.56,0,0,0
2024-02-12,P018,store,0,173.56,0,0,0
2024-02-19,P018,store,0,173.56,0,0,0
2024-02-26,P018,store,2,173.56,0,0,0
2024-03-04,P018,store,0,173.56,0,0,0
2024-03-11,P018,store,1,173.56,0,0,0
2024-03-18,P018,store,1,173.56,0,0,0
2024-03-25,P018,store,0,173.56,0,0,0
2024-04-01,P018,store,1,173.56,0,0,0
2024-04-08,P018,store,0,173.56,0,0,0
2024-04-15,P018,store,0,173.56,0,0,0
2024-04-22,P018,store,1,173.56,0,0,0
2024-04-29,P018,store,1,173.56,0,0,0
2024-05-06,P018,store,2,173.56,0,0,0
2024-05-13,P018,store,1,173.56,0,0,0
2024-05-20,P018,store,2,173.56,0,0,0
2024-05-27,P018,store,3,173.56,0,0,0
2024-06-03,P018,store,1,173.56,0,0,0
2024-06-10,P018,store,2,173.56,0,0,0
2024-06-17,P018,store,0,173.56,0,0,0
2024-06-24,P018,store,0,173.56,0,0,0
2024-07-01,P018,store,0,173.56,0,0,0
2024-07-08,P018,store,0,173.56,0,0,0
2024-07-15,P018,store,2,173.56,0,0,0
2024-07-22,P018,store,1,173.56,0,0,0
2024-07-29,P018,store,2,173.56,0,0,0
2024-08-05,P018,store,1,173.56,0,0,0
2024-08-12,P018,store,0,173.56,0,0,0
2024-08-19,P018,store,4,121.49,30,1,0
2024-08-26,P018,store,0,173.56,0,0,0
2024-09-02,P018,store,0,173.56,0,0,0
2024-09-09,P018,store,2,173.56,0,0,0
2024-09-16,P018,store,0,173.56,0,0,0
2024-09-23,P018,store,0,173.56,0,0,0
2024-09-30,P018,store,1,173.56,0,0,0
2024-10-07,P018,store,0,173.56,0,0,0
2024-10-14,P018,store,0,173.56,0,0,0
2024-10-21,P018,store,2,173.56,0,0,0
2024-10-28,P018,store,0,173.56,0,0,0
2024-11-04,P018,store,2,173.56,0,0,0
2024-11-11,P018,store,0,173.56,0,0,0
2024-11-18,P018,store,2,173.56,0,0,0
2024-11-25,P018,store,0,173.56,0,0,0
2024-12-02,P018,store,3,130.17,25,1,0
2024-12-09,P018,store,0,173.56,0,0,0
2024-12-16,P018,store,0,173.56,0,0,0
2024-12-23,P018,store,4,173.56,0,0,0
2024-12-30,P018,store,0,173.56,0,0,0
2025-01-06,P018,store,0,173.56,0,0,0
2025-01-13,P018,store,3,173.56,0,0,0
2025-01-20,P018,store,0,173.56,0,0,0
2025-01-27,P018,store,0,173.56,0,0,0
2025-02-03,P018,store,1,173.56,0,0,0
2025-02-10,P018,store,3,121.49,30,1,0
2025-02-17,P018,store,0,173.56,0,0,0
2025-02-24,P018,store,0,173.56,0,0,0
2025-03-03,P018,store,0,173.56,0,0,0
2025-03-10,P018,store,0,173.56,0,0,0
2025-03-17,P018,store,0,173.56,0,0,0
2025-03-24,P018,store,2,173.56,0,0,0
2025-03-31,P018,store,1,173.56,0,0,0
2025-04-07,P018,store,2,173.56,0,0,0
2025-04-14,P018,store,2,173.56,0,0,0
2025-04-21,P018,store,1,130.17,25,1,0
2025-04-28,P018,store,0,173.56,0,0,0
2025-05-05,P018,store,0,173.56,0,0,0
2025-05-12,P018,store,1,173.56,0,0,0
2025-05-19,P018,store,0,173.56,0,0,0
2025-05-26,P018,store,0,173.56,0,0,0
2025-06-02,P018,store,0,173.56,0,0,0
2025-06-09,P018,store,3,173.56,0,0,0
2025-06-16,P018,store,2,173.56,0,0,0
2025-06-23,P018,store,2,173.56,0,0,0
2025-06-30,P018,store,1,147.53,15,1,0
2025-07-07,P018,store,0,173.56,0,0,0
2025-07-14,P018,store,2,173.56,0,0,0
2025-07-21,P018,store,0,173.56,0,0,0
2025-07-28,P018,store,1,173.56,0,0,0
2025-08-04,P018,store,0,173.56,0,0,0
2025-08-11,P018,store,0,173.56,0,0,0
2025-08-18,P018,store,0,173.56,0,0,0
2025-08-25,P018,store,0,173.56,0,0,0
2025-09-01,P018,store,1,173.56,0,0,0
2025-09-08,P018,store,1,173.56,0,0,0
2025-09-15,P018,store,0,173.56,0,0,0
2025-09-22,P018,store,0,173.56,0,0,0
2025-09-29,P018,store,0,173.56,0,0,0
2025-10-06,P018,store,1,173.56,0,0,0
2025-10-13,P018,store,0,173.56,0,0,0
2025-10-20,P018,store,3,147.53,15,1,0
2025-10-27,P018,store,2,173.56,0,0,0
2025-11-03,P018,store,0,173.56,0,0,0
2025-11-10,P018,store,2,138.85,20,1,0
2025-11-17,P018,store,0,173.56,0,0,0
2025-11-24,P018,store,0,173.56,0,0,0
2025-12-01,P018,store,0,173.56,0,0,0
2025-12-08,P018,store,0,147.53,15,1,0
2025-12-15,P018,store,1,173.56,0,0,0
2025-12-22,P018,store,0,173.56,0,0,0
2023-01-02,P018,online,2,173.56,0,0,0
2023-01-09,P018,online,0,173.56,0,0,0
2023-01-16,P018,online,0,173.56,0,0,0
2023-01-23,P018,online,0,173.56,0,0,0
2023-01-30,P018,online,0,173.56,0,0,0
2023-02-06,P018,online,4,173.56,0,0,0
2023-02-13,P018,online,0,173.56,0,0,0
2023-02-20,P018,online,0,173.56,0,0,0
2023-02-27,P018,online,2,173.56,0,0,0
2023-03-06,P018,online,0,173.56,0,0,0
2023-03-13,P018,online,0,173.56,0,0,0
2023-03-20,P018,online,0,173.56,0,0,0
2023-03-27,P018,online,0,173.56,0,0,0
2023-04-03,P018,online,1,173.56,0,0,0
2023-04-10,P018,online,0,173.56,0,0,0
2023-04-17,P018,online,0,173.56,0,0,0
2023-04-24,P018,online,2,173.56,0,0,0
2023-05-01,P018,online,2,173.56,0,0,0
2023-05-08,P018,online,1,173.56,0,0,0
2023-05-15,P018,online,0,173.56,0,0,0
2023-05-22,P018,online,0,173.56,0,0,0
2023-05-29,P018,online,0,173.56,0,0,0
2023-06-05,P018,online,0,173.56,0,0,0
2023-06-12,P018,online,0,173.56,0,0,0
2023-06-19,P018,online,0,173.56,0,0,0
2023-06-26,P018,online,1,121.49,30,1,0
2023-07-03,P018,online,1,173.56,0,0,0
2023-07-10,P018,online,0,173.56,0,0,0
2023-07-17,P018,online,0,173.56,0,0,0
2023-07-24,P018,online,5,173.56,0,0,0
2023-07-31,P018,online,0,173.56,0,0,0
2023-08-07,P018,online,0,173.56,0,0,0
2023-08-14,P018,online,0,173.56,0,0,0
2023-08-21,P018,online,0,173.56,0,0,0
2023-08-28,P018,online,0,173.56,0,0,0
2023-09-04,P018,online,0,173.56,0,0,0
2023-09-11,P018,online,0,173.56,0,0,0
2023-09-18,P018,online,1,173.56,0,0,0
2023-09-25,P018,online,1,173.56,0,0,0
2023-10-02,P018,online,2,173.56,0,0,0
2023-10-09,P018,online,0,173.56,0,0,0
2023-10-16,P018,online,2,121.49,30,1,0
2023-10-23,P018,online,2,173.56,0,0,0
2023-10-30,P018,online,0,173.56,0,0,0
2023-11-06,P018,online,0,173.56,0,0,0
2023-11-13,P018,online,0,173.56,0,0,0
2023-11-20,P018,online,0,173.56,0,0,0
2023-11-27,P018,online,0,173.56,0,0,0
2023-12-04,P018,online,0,173.56,0,0,0
2023-12-11,P018,online,0,173.56,0,0,0
2023-12-18,P018,online,0,173.56,0,0,0
2023-12-25,P018,online,0,173.56,0,0,0
2024-01-01,P018,online,0,173.56,0,0,0
2024-01-08,P018,online,0,173.56,0,0,0
2024-01-15,P018,online,0,173.56,0,0,0
2024-01-22,P018,online,0,173.56,0,0,0
2024-01-29,P018,online,0,173.56,0,0,0
2024-02-05,P018,online,1,173.56,0,0,0
2024-02-12,P018,online,0,173.56,0,0,0
2024-02-19,P018,online,0,173.56,0,0,0
2024-02-26,P018,online,0,173.56,0,0,0
2024-03-04,P018,online,0,173.56,0,0,0
2024-03-11,P018,online,0,173.56,0,0,0
2024-03-18,P018,online,0,173.56,0,0,0
2024-03-25,P018,online,2,173.56,0,0,0
2024-04-01,P018,online,1,173.56,0,0,0
2024-04-08,P018,online,0,173.56,0,0,0
2024-04-15,P018,online,3,173.56,0,0,0
2024-04-22,P018,online,0,173.56,0,0,0
2024-04-29,P018,online,0,173.56,0,0,0
2024-05-06,P018,online,0,173.56,0,0,0
2024-05-13,P018,online,0,173.56,0,0,0
2024-05-20,P018,online,0,173.56,0,0,0
2024-05-27,P018,online,0,173.56,0,0,0
2024-06-03,P018,online,0,173.56,0,0,0
2024-06-10,P018,online,0,173.56,0,0,0
2024-06-17,P018,online,0,173.56,0,0,0
2024-06-24,P018,online,1,173.56,0,0,0
2024-07-01,P018,online,0,173.56,0,0,0
2024-07-08,P018,online,1,147.53,15,1,0
2024-07-15,P018,online,0,173.56,0,0,0
2024-07-22,P018,online,2,173.56,0,0,0
2024-07-29,P018,online,0,173.56,0,0,0
2024-08-05,P018,online,0,173.56,0,0,0
2024-08-12,P018,online,1,173.56,0,0,0
2024-08-19,P018,online,0,173.56,0,0,0
2024-08-26,P018,online,0,173.56,0,0,0
2024-09-02,P018,online,0,173.56,0,0,0
2024-09-09,P018,online,1,173.56,0,0,0
2024-09-16,P018,online,0,173.56,0,0,0
2024-09-23,P018,online,0,173.56,0,0,0
2024-09-30,P018,online,0,173.56,0,0,0
2024-10-07,P018,online,0,173.56,0,0,0
2024-10-14,P018,online,0,173.56,0,0,0
2024-10-21,P018,online,0,173.56,0,0,0
2024-10-28,P018,online,0,173.56,0,0,0
2024-11-04,P018,online,0,173.56,0,0,0
2024-11-11,P018,online,0,173.56,0,0,0
2024-11-18,P018,online,0,173.56,0,0,0
2024-11-25,P018,online,0,173.56,0,0,0
2024-12-02,P018,online,0,173.56,0,0,0
2024-12-09,P018,online,1,173.56,0,0,0
2024-12-16,P018,online,0,173.56,0,0,0
2024-12-23,P018,online,0,173.56,0,0,0
2024-12-30,P018,online,0,173.56,0,0,0
2025-01-06,P018,online,0,173.56,0,0,0
2025-01-13,P018,online,0,173.56,0,0,0
2025-01-20,P018,online,1,121.49,30,1,0
2025-01-27,P018,online,0,173.56,0,0,0
2025-02-03,P018,online,1,173.56,0,0,0
2025-02-10,P018,online,0,173.56,0,0,0
2025-02-17,P018,online,0,173.56,0,0,0
2025-02-24,P018,online,2,173.56,0,0,0
2025-03-03,P018,online,0,173.56,0,0,0
2025-03-10,P018,online,2,173.56,0,0,0
2025-03-17,P018,online,0,173.56,0,0,0
2025-03-24,P018,online,0,173.56,0,0,0
2025-03-31,P018,online,1,173.56,0,0,0
2025-04-07,P018,online,0,173.56,0,0,0
2025-04-14,P018,online,2,173.56,0,0,0
2025-04-21,P018,online,2,173.56,0,0,0
2025-04-28,P018,online,0,173.56,0,0,0
2025-05-05,P018,online,2,173.56,0,0,0
2025-05-12,P018,online,1,173.56,0,0,0
2025-05-19,P018,online,0,173.56,0,0,0
2025-05-26,P018,online,3,173.56,0,0,0
2025-06-02,P018,online,0,173.56,0,0,0
2025-06-09,P018,online,0,173.56,0,0,0
2025-06-16,P018,online,0,173.56,0,0,0
2025-06-23,P018,online,0,173.56,0,0,0
2025-06-30,P018,online,4,173.56,0,0,0
2025-07-07,P018,online,1,173.56,0,0,0
2025-07-14,P018,online,1,173.56,0,0,0
2025-07-21,P018,online,0,173.56,0,0,0
2025-07-28,P018,online,0,173.56,0,0,0
2025-08-04,P018,online,0,173.56,0,0,0
2025-08-11,P018,online,0,173.56,0,0,0
2025-08-18,P018,online,0,173.56,0,0,0
2025-08-25,P018,online,0,130.17,25,1,0
2025-09-01,P018,online,0,173.56,0,0,0
2025-09-08,P018,online,2,173.56,0,0,0
2025-09-15,P018,online,0,173.56,0,0,0
2025-09-22,P018,online,0,173.56,0,0,0
2025-09-29,P018,online,1,173.56,0,0,0
2025-10-06,P018,online,0,173.56,0,0,0
2025-10-13,P018,online,0,173.56,0,0,0
2025-10-20,P018,online,0,173.56,0,0,0
2025-10-27,P018,online,0,173.56,0,0,0
2025-11-03,P018,online,0,173.56,0,0,0
2025-11-10,P018,online,0,173.56,0,0,0
2025-11-17,P018,online,1,130.17,25,1,0
2025-11-24,P018,online,1,173.56,0,0,0
2025-12-01,P018,online,0,173.56,0,0,0
2025-12-08,P018,online,0,173.56,0,0,0
2025-12-15,P018,online,0,173.56,0,0,0
2025-12-22,P018,online,0,173.56,0,0,0
2023-01-02,P019,store,0,52.85,0,0,0
2023-01-09,P019,store,0,52.85,0,0,0
2023-01-16,P019,store,0,52.85,0,0,0
2023-01-23,P019,store,0,52.85,0,0,0
2023-01-30,P019,store,0,52.85,0,0,0
2023-02-06,P019,store,0,52.85,0,0,0
2023-02-13,P019,store,1,52.85,0,0,0
2023-02-20,P019,store,0,52.85,0,0,0
2023-02-27,P019,store,1,52.85,0,0,0
2023-03-06,P019,store,0,52.85,0,0,0
2023-03-13,P019,store,0,52.85,0,0,0
2023-03-20,P019,store,0,52.85,0,0,0
2023-03-27,P019,store,2,52.85,0,0,0
2023-04-03,P019,store,0,52.85,0,0,0
2023-04-10,P019,store,0,52.85,0,0,0
2023-04-17,P019,store,0,52.85,0,0,0
2023-04-24,P019,store,1,42.28,20,1,0
2023-05-01,P019,store,0,52.85,0,0,0
2023-05-08,P019,store,0,52.85,0,0,0
2023-05-15,P019,store,0,52.85,0,0,0
2023-05-22,P019,store,0,52.85,0,0,0
2023-05-29,P019,store,0,52.85,0,0,0
2023-06-05,P019,store,0,52.85,0,0,0
2023-06-12,P019,store,1,42.28,20,1,0
2023-06-19,P019,store,0,52.85,0,0,0
2023-06-26,P019,store,0,52.85,0,0,0
2023-07-03,P019,store,0,52.85,0,0,0
2023-07-10,P019,store,1,52.85,0,0,0
2023-07-17,P019,store,0,52.85,0,0,0
2023-07-24,P019,store,0,52.85,0,0,0
2023-07-31,P019,store,4,52.85,0,0,0
2023-08-07,P019,store,4,42.28,20,1,0
2023-08-14,P019,store,3,52.85,0,0,0
2023-08-21,P019,store,0,52.85,0,0,0
2023-08-28,P019,store,0,52.85,0,0,0
2023-09-04,P019,store,1,52.85,0,0,0
2023-09-11,P019,store,0,52.85,0,0,0
2023-09-18,P019,store,2,52.85,0,0,0
2023-09-25,P019,store,0,39.64,25,1,0
2023-10-02,P019,store,0,52.85,0,0,0
2023-10-09,P019,store,0,52.85,0,0,0
2023-10-16,P019,store,0,52.85,0,0,0
2023-10-23,P019,store,0,52.85,0,0,0
2023-10-30,P019,store,0,52.85,0,0,0
2023-11-06,P019,store,3,39.64,25,1,0
2023-11-13,P019,store,0,52.85,0,0,0
2023-11-20,P019,store,0,52.85,0,0,0
2023-11-27,P019,store,0,52.85,0,0,0
2023-12-04,P019,store,0,52.85,0,0,0
2023-12-11,P019,store,0,52.85,0,0,0
2023-12-18,P019,store,0,52.85,0,0,0
2023-12-25,P019,store,0,52.85,0,0,0
2024-01-01,P019,store,4,52.85,0,0,0
2024-01-08,P019,store,0,52.85,0,0,0
2024-01-15,P019,store,3,52.85,0,0,0
2024-01-22,P019,store,3,52.85,0,0,0
2024-01-29,P019,store,0,52.85,0,0,0
2024-02-05,P019,store,0,52.85,0,0,0
2024-02-12,P019,store,0,52.85,0,0,0
2024-02-19,P019,store,0,52.85,0,0,0
2024-02-26,P019,store,2,52.85,0,0,0
2024-03-04,P019,store,0,52.85,0,0,0
2024-03-11,P019,store,0,52.85,0,0,0
2024-03-18,P019,store,0,52.85,0,0,0
2024-03-25,P019,store,0,52.85,0,0,0
2024-04-01,P019,store,3,52.85,0,0,0
2024-04-08,P019,store,0,52.85,0,0,0
2024-04-15,P019,store,0,52.85,0,0,0
2024-04-22,P019,store,0,52.85,0,0,0
2024-04-29,P019,store,2,47.57,10,1,0
2024-05-06,P019,store,0,52.85,0,0,0
2024-05-13,P019,store,0,52.85,0,0,0
2024-05-20,P019,store,0,52.85,0,0,0
2024-05-27,P019,store,0,52.85,0,0,0
2024-06-03,P019,store,0,52.85,0,0,0
2024-06-10,P019,store,0,52.85,0,0,0
2024-06-17,P019,store,0,52.85,0,0,0
2024-06-24,P019,store,1,52.85,0,0,0
2024-07-01,P019,store,0,52.85,0,0,0
2024-07-08,P019,store,2,52.85,0,0,0
2024-07-15,P019,store,0,52.85,0,0,0
2024-07-22,P019,store,0,52.85,0,0,0
2024-07-29,P019,store,0,52.85,0,0,0
2024-08-05,P019,store,0,52.85,0,0,0
2024-08-12,P019,store,2,36.99,30,1,0
2024-08-19,P019,store,0,52.85,0,0,0
2024-08-26,P019,store,0,52.85,0,0,0
2024-09-02,P019,store,2,47.57,10,1,0
2024-09-09,P019,store,0,52.85,0,0,0
2024-09-16,P019,store,0,52.85,0,0,0
2024-09-23,P019,store,0,52.85,0,0,0
2024-09-30,P019,store,0,52.85,0,0,0
2024-10-07,P019,store,0,52.85,0,0,0
2024-10-14,P019,store,3,52.85,0,0,0
2024-10-21,P019,store,1,52.85,0,0,0
2024-10-28,P019,store,0,52.85,0,0,0
2024-11-04,P019,store,0,52.85,0,0,0
2024-11-11,P019,store,1,52.85,0,0,0
2024-11-18,P019,store,0,52.85,0,0,0
2024-11-25,P019,store,0,52.85,0,0,0
2024-12-02,P019,store,0,52.85,0,0,0
2024-12-09,P019,store,0,52.85,0,0,0
2024-12-16,P019,store,0,52.85,0,0,0
2024-12-23,P019,store,0,52.85,0,0,0
2024-12-30,P019,store,0,52.85,0,0,0
2025-01-06,P019,store,0,52.85,0,0,0
2025-01-13,P019,store,0,52.85,0,0,0
2025-01-20,P019,store,0,52.85,0,0,0
2025-01-27,P019,store,0,52.85,0,0,0
2025-02-03,P019,store,0,52.85,0,0,0
2025-02-10,P019,store,0,52.85,0,0,0
2025-02-17,P019,store,0,52.85,0,0,0
2025-02-24,P019,store,0,52.85,0,0,0
2025-03-03,P019,store,0,52.85,0,0,0
2025-03-10,P019,store,0,52.85,0,0,0
2025-03-17,P019,store,1,36.99,30,1,0
2025-03-24,P019,store,0,52.85,0,0,0
2025-03-31,P019,store,0,52.85,0,0,0
2025-04-07,P019,store,0,52.85,0,0,0
2025-04-14,P019,store,0,52.85,0,0,0
2025-04-21,P019,store,0,52.85,0,0,0
2025-04-28,P019,store,0,52.85,0,0,0
2025-05-05,P019,store,2,52.85,0,0,0
2025-05-12,P019,store,0,52.85,0,0,0
2025-05-19,P019,store,0,52.85,0,0,0
2025-05-26,P019,store,3,52.85,0,0,0
2025-06-02,P019,store,3,52.85,0,0,0
2025-06-09,P019,store,2,52.85,0,0,0
2025-06-16,P019,store,0,52.85,0,0,0
2025-06-23,P019,store,0,52.85,0,0,0
2025-06-30,P019,store,0,52.85,0,0,0
2025-07-07,P019,store,0,52.85,0,0,0
2025-07-14,P019,store,0,52.85,0,0,0
2025-07-21,P019,store,1,44.92,15,1,0
2025-07-28,P019,store,0,52.85,0,0,0
2025-08-04,P019,store,0,52.85,0,0,0
2025-08-11,P019,store,0,52.85,0,0,0
2025-08-18,P019,store,0,52.85,0,0,0
2025-08-25,P019,store,2,52.85,0,0,0
2025-09-01,P019,store,0,52.85,0,0,0
2025-09-08,P019,store,1,52.85,0,0,0
2025-09-15,P019,store,0,52.85,0,0,0
2025-09-22,P019,store,0,52.85,0,0,0
2025-09-29,P019,store,0,52.85,0,0,0
2025-10-06,P019,store,0,52.85,0,0,0
2025-10-13,P019,store,0,52.85,0,0,0
2025-10-20,P019,store,0,52.85,0,0,0
2025-10-27,P019,store,1,52.85,0,0,0
2025-11-03,P019,store,0,52.85,0,0,0
2025-11-10,P019,store,0,52.85,0,0,0
2025-11-17,P019,store,3,52.85,0,0,0
2025-11-24,P019,store,0,52.85,0,0,0
2025-12-01,P019,store,0,52.85,0,0,0
2025-12-08,P019,store,0,52.85,0,0,0
2025-12-15,P019,store,0,52.85,0,0,0
2025-12-22,P019,store,0,52.85,0,0,0
2023-01-02,P019,online,0,52.85,0,0,0
2023-01-09,P019,online,0,52.85,0,0,0
2023-01-16,P019,online,0,52.85,0,0,0
2023-01-23,P019,online,0,52.85,0,0,0
2023-01-30,P019,online,0,52.85,0,0,0
2023-02-06,P019,online,0,52.85,0,0,0
2023-02-13,P019,online,0,52.85,0,0,0
2023-02-20,P019,online,0,52.85,0,0,0
2023-02-27,P019,online,0,52.85,0,0,0
2023-03-06,P019,online,0,52.85,0,0,0
2023-03-13,P019,online,0,52.85,0,0,0
2023-03-20,P019,online,0,52.85,0,0,0
2023-03-27,P019,online,0,52.85,0,0,0
2023-04-03,P019,online,1,52.85,0,0,0
2023-04-10,P019,online,0,52.85,0,0,0
2023-04-17,P019,online,0,52.85,0,0,0
2023-04-24,P019,online,2,52.85,0,0,0
2023-05-01,P019,online,0,52.85,0,0,0
2023-05-08,P019,online,0,52.85,0,0,0
2023-05-15,P019,online,0,52.85,0,0,0
2023-05-22,P019,online,0,52.85,0,0,0
2023-05-29,P019,online,0,52.85,0,0,0
2023-06-05,P019,online,0,52.85,0,0,0
2023-06-12,P019,online,0,52.85,0,0,0
2023-06-19,P019,online,0,52.85,0,0,0
2023-06-26,P019,online,1,52.85,0,0,0
2023-07-03,P019,online,1,52.85,0,0,0
2023-07-10,P019,online,0,52.85,0,0,0
2023-07-17,P019,online,0,52.85,0,0,0
2023-07-24,P019,online,0,52.85,0,0,0
2023-07-31,P019,online,0,52.85,0,0,0
2023-08-07,P019,online,2,52.85,0,0,0
2023-08-14,P019,online,0,52.85,0,0,0
2023-08-21,P019,online,0,52.85,0,0,0
2023-08-28,P019,online,0,52.85,0,0,0
2023-09-04,P019,online,0,52.85,0,0,0
2023-09-11,P019,online,2,52.85,0,0,0
2023-09-18,P019,online,0,52.85,0,0,0
2023-09-25,P019,online,0,52.85,0,0,0
2023-10-02,P019,online,1,52.85,0,0,0
2023-10-09,P019,online,3,52.85,0,0,0
2023-10-16,P019,online,2,52.85,0,0,0
2023-10-23,P019,online,1,52.85,0,0,0
2023-10-30,P019,online,0,52.85,0,0,0
2023-11-06,P019,online,0,52.85,0,0,0
2023-11-13,P019,online,0,52.85,0,0,0
2023-11-20,P019,online,0,52.85,0,0,0
2023-11-27,P019,online,0,52.85,0,0,0
2023-12-04,P019,online,0,52.85,0,0,0
2023-12-11,P019,online,0,52.85,0,0,0
2023-12-18,P019,online,0,52.85,0,0,0
2023-12-25,P019,online,2,52.85,0,0,0
2024-01-01,P019,online,0,52.85,0,0,0
2024-01-08,P019,online,0,44.92,15,1,0
2024-01-15,P019,online,0,52.85,0,0,0
2024-01-22,P019,online,0,52.85,0,0,0
2024-01-29,P019,online,0,52.85,0,0,0
2024-02-05,P019,online,0,52.85,0,0,0
2024-02-12,P019,online,0,52.85,0,0,0
2024-02-19,P019,online,0,52.85,0,0,0
2024-02-26,P019,online,2,52.85,0,0,0
2024-03-04,P019,online,0,52.85,0,0,0
2024-03-11,P019,online,0,52.85,0,0,0
2024-03-18,P019,online,3,52.85,0,0,0
2024-03-25,P019,online,0,52.85,0,0,0
2024-04-01,P019,online,0,52.85,0,0,0
2024-04-08,P019,online,0,52.85,0,0,0
2024-04-15,P019,online,0,47.57,10,1,0
2024-04-22,P019,online,1,52.85,0,0,0
2024-04-29,P019,online,0,52.85,0,0,0
2024-05-06,P019,online,1,52.85,0,0,0
2024-05-13,P019,online,0,52.85,0,0,0
2024-05-20,P019,online,2,39.64,25,1,0
2024-05-27,P019,online,0,52.85,0,0,0
2024-06-03,P019,online,2,52.85,0,0,0
2024-06-10,P019,online,2,52.85,0,0,0
2024-06-17,P019,online,0,42.28,20,1,0
2024-06-24,P019,online,0,52.85,0,0,0
2024-07-01,P019,online,2,52.85,0,0,0
2024-07-08,P019,online,0,52.85,0,0,0
2024-07-15,P019,online,0,52.85,0,0,0
2024-07-22,P019,online,3,52.85,0,0,0
2024-07-29,P019,online,0,52.85,0,0,0
2024-08-05,P019,online,2,52.85,0,0,0
2024-08-12,P019,online,0,52.85,0,0,0
2024-08-19,P019,online,1,39.64,25,1,0
2024-08-26,P019,online,2,52.85,0,0,0
2024-09-02,P019,online,0,52.85,0,0,0
2024-09-09,P019,online,0,52.85,0,0,0
2024-09-16,P019,online,0,52.85,0,0,0
2024-09-23,P019,online,1,52.85,0,0,0
2024-09-30,P019,online,0,52.85,0,0,0
2024-10-07,P019,online,4,52.85,0,0,0
2024-10-14,P019,online,2,36.99,30,1,0
2024-10-21,P019,online,0,52.85,0,0,0
2024-10-28,P019,online,0,52.85,0,0,0
2024-11-04,P019,online,0,52.85,0,0,0
2024-11-11,P019,online,4,52.85,0,0,0
2024-11-18,P019,online,0,52.85,0,0,0
2024-11-25,P019,online,0,52.85,0,0,0
2024-12-02,P019,online,0,52.85,0,0,0
2024-12-09,P019,online,0,52.85,0,0,0
2024-12-16,P019,online,0,52.85,0,0,0
2024-12-23,P019,online,0,52.85,0,0,0
2024-12-30,P019,online,0,52.85,0,0,0
2025-01-06,P019,online,0,52.85,0,0,0
2025-01-13,P019,online,0,52.85,0,0,0
2025-01-20,P019,online,0,52.85,0,0,0
2025-01-27,P019,online,0,52.85,0,0,0
2025-02-03,P019,online,2,52.85,0,0,0
2025-02-10,P019,online,3,36.99,30,1,0
2025-02-17,P019,online,0,52.85,0,0,0
2025-02-24,P019,online,3,36.99,30,1,0
2025-03-03,P019,online,0,52.85,0,0,0
2025-03-10,P019,online,0,52.85,0,0,0
2025-03-17,P019,online,0,52.85,0,0,0
2025-03-24,P019,online,0,52.85,0,0,0
2025-03-31,P019,online,0,52.85,0,0,0
2025-04-07,P019,online,0,52.85,0,0,0
2025-04-14,P019,online,0,52.85,0,0,0
2025-04-21,P019,online,0,52.85,0,0,0
2025-04-28,P019,online,0,52.85,0,0,0
2025-05-05,P019,online,0,52.85,0,0,0
2025-05-12,P019,online,0,52.85,0,0,0
2025-05-19,P019,online,2,39.64,25,1,0
2025-05-26,P019,online,0,52.85,0,0,0
2025-06-02,P019,online,0,52.85,0,0,0
2025-06-09,P019,online,0,52.85,0,0,0
2025-06-16,P019,online,0,52.85,0,0,0
2025-06-23,P019,online,0,52.85,0,0,0
2025-06-30,P019,online,1,47.57,10,1,0
2025-07-07,P019,online,3,52.85,0,0,0
2025-07-14,P019,online,0,52.85,0,0,0
2025-07-21,P019,online,0,52.85,0,0,0
2025-07-28,P019,online,0,52.85,0,0,0
2025-08-04,P019,online,0,52.85,0,0,0
2025-08-11,P019,online,0,52.85,0,0,0
2025-08-18,P019,online,4,52.85,0,0,0
2025-08-25,P019,online,1,52.85,0,0,0
2025-09-01,P019,online,0,52.85,0,0,0
2025-09-08,P019,online,2,39.64,25,1,0
2025-09-15,P019,online,0,52.85,0,0,0
2025-09-22,P019,online,0,52.85,0,0,0
2025-09-29,P019,online,1,39.64,25,1,0
2025-10-06,P019,online,0,52.85,0,0,0
2025-10-13,P019,online,2,52.85,0,0,0
2025-10-20,P019,online,0,52.85,0,0,0
2025-10-27,P019,online,1,52.85,0,0,0
2025-11-03,P019,online,0,52.85,0,0,0
2025-11-10,P019,online,0,52.85,0,0,0
2025-11-17,P019,online,0,52.85,0,0,0
2025-11-24,P019,online,0,52.85,0,0,0
2025-12-01,P019,online,0,52.85,0,0,0
2025-12-08,P019,online,0,52.85,0,0,0
2025-12-15,P019,online,0,52.85,0,0,0
2025-12-22,P019,online,1,52.85,0,0,0
2023-01-02,P020,store,0,12.41,0,0,0
2023-01-09,P020,store,0,12.41,0,0,0
2023-01-16,P020,store,0,12.41,0,0,0
2023-01-23,P020,store,2,12.41,0,0,0
2023-01-30,P020,store,0,12.41,0,0,0
2023-02-06,P020,store,0,12.41,0,0,0
2023-02-13,P020,store,0,12.41,0,0,0
2023-02-20,P020,store,0,12.41,0,0,0
2023-02-27,P020,store,3,8.69,30,1,0
2023-03-06,P020,store,1,12.41,0,0,0
2023-03-13,P020,store,0,12.41,0,0,0
2023-03-20,P020,store,0,12.41,0,0,0
2023-03-27,P020,store,0,12.41,0,0,0
2023-04-03,P020,store,0,12.41,0,0,0
2023-04-10,P020,store,0,12.41,0,0,0
2023-04-17,P020,store,0,9.93,20,1,0
2023-04-24,P020,store,3,12.41,0,0,0
2023-05-01,P020,store,0,12.41,0,0,0
2023-05-08,P020,store,0,12.41,0,0,0
2023-05-15,P020,store,0,12.41,0,0,0
2023-05-22,P020,store,3,12.41,0,0,0
2023-05-29,P020,store,0,12.41,0,0,0
2023-06-05,P020,store,0,12.41,0,0,0
2023-06-12,P020,store,0,8.69,30,1,0
2023-06-19,P020,store,0,12.41,0,0,0
2023-06-26,P020,store,1,12.41,0,0,0
2023-07-03,P020,store,4,12.41,0,0,0
2023-07-10,P020,store,0,12.41,0,0,0
2023-07-17,P020,store,0,12.41,0,0,0
2023-07-24,P020,store,0,12.41,0,0,0
2023-07-31,P020,store,0,12.41,0,0,0
2023-08-07,P020,store,2,12.41,0,0,0
2023-08-14,P020,store,0,12.41,0,0,0
2023-08-21,P020,store,0,12.41,0,0,0
2023-08-28,P020,store,5,12.41,0,0,0
2023-09-04,P020,store,0,12.41,0,0,0
2023-09-11,P020,store,0,12.41,0,0,0
2023-09-18,P020,store,0,12.41,0,0,0
2023-09-25,P020,store,0,8.69,30,1,0
2023-10-02,P020,store,0,12.41,0,0,0
2023-10-09,P020,store,0,12.41,0,0,0
2023-10-16,P020,store,3,12.41,0,0,0
2023-10-23,P020,store,0,12.41,0,0,0
2023-10-30,P020,store,0,12.41,0,0,0
2023-11-06,P020,store,0,12.41,0,0,0
2023-11-13,P020,store,0,12.41,0,0,0
2023-11-20,P020,store,0,12.41,0,0,0
2023-11-27,P020,store,0,12.41,0,0,0
2023-12-04,P020,store,0,12.41,0,0,0
2023-12-11,P020,store,0,12.41,0,0,0
2023-12-18,P020,store,0,12.41,0,0,0
2023-12-25,P020,store,0,12.41,0,0,0
2024-01-01,P020,store,0,12.41,0,0,0
2024-01-08,P020,store,0,12.41,0,0,0
2024-01-15,P020,store,0,12.41,0,0,0
2024-01-22,P020,store,0,12.41,0,0,0
2024-01-29,P020,store,0,12.41,0,0,0
2024-02-05,P020,store,0,12.41,0,0,0
2024-02-12,P020,store,0,12.41,0,0,0
2024-02-19,P020,store,5,12.41,0,0,0
2024-02-26,P020,store,5,12.41,0,0,0
2024-03-04,P020,store,0,12.41,0,0,0
2024-03-11,P020,store,38,12.41,0,0,0
2024-03-18,P020,store,4,12.41,0,0,0
2024-03-25,P020,store,0,12.41,0,0,0
2024-04-01,P020,store,0,12.41,0,0,0
2024-04-08,P020,store,0,12.41,0,0,0
2024-04-15,P020,store,0,12.41,0,0,0
2024-04-22,P020,store,4,12.41,0,0,0
2024-04-29,P020,store,0,12.41,0,0,0
2024-05-06,P020,store,0,12.41,0,0,0
2024-05-13,P020,store,0,12.41,0,0,0
2024-05-20,P020,store,6,12.41,0,0,0
2024-05-27,P020,store,0,12.41,0,0,0
2024-06-03,P020,store,1,12.41,0,0,0
2024-06-10,P020,store,0,12.41,0,0,0
2024-06-17,P020,store,0,12.41,0,0,0
2024-06-24,P020,store,0,12.41,0,0,0
2024-07-01,P020,store,5,12.41,0,0,0
2024-07-08,P020,store,0,12.41,0,0,0
2024-07-15,P020,store,6,12.41,0,0,0
2024-07-22,P020,store,0,12.41,0,0,0
2024-07-29,P020,store,0,12.41,0,0,0
2024-08-05,P020,store,6,12.41,0,0,0
2024-08-12,P020,store,0,12.41,0,0,0
2024-08-19,P020,store,0,12.41,0,0,0
2024-08-26,P020,store,3,12.41,0,0,0
2024-09-02,P020,store,0,12.41,0,0,0
2024-09-09,P020,store,4,8.69,30,1,0
2024-09-16,P020,store,0,12.41,0,0,0
2024-09-23,P020,store,2,12.41,0,0,0
2024-09-30,P020,store,0,9.31,25,1,0
2024-10-07,P020,store,0,12.41,0,0,0
2024-10-14,P020,store,6,12.41,0,0,0
2024-10-21,P020,store,0,9.93,20,1,0
2024-10-28,P020,store,0,12.41,0,0,0
2024-11-04,P020,store,0,12.41,0,0,0
2024-11-11,P020,store,0,12.41,0,0,0
2024-11-18,P020,store,0,12.41,0,0,0
2024-11-25,P020,store,0,12.41,0,0,0
2024-12-02,P020,store,0,12.41,0,0,0
2024-12-09,P020,store,0,12.41,0,0,0
2024-12-16,P020,store,0,12.41,0,0,0
2024-12-23,P020,store,0,12.41,0,0,0
2024-12-30,P020,store,2,12.41,0,0,0
2025-01-06,P020,store,0,12.41,0,0,0
2025-01-13,P020,store,1,12.41,0,0,0
2025-01-20,P020,store,0,12.41,0,0,0
2025-01-27,P020,store,0,12.41,0,0,0
2025-02-03,P020,store,0,11.17,10,1,0
2025-02-10,P020,store,0,12.41,0,0,0
2025-02-17,P020,store,0,12.41,0,0,0
2025-02-24,P020,store,0,12.41,0,0,0
2025-03-03,P020,store,0,12.41,0,0,0
2025-03-10,P020,store,0,12.41,0,0,0
2025-03-17,P020,store,0,12.41,0,0,0
2025-03-24,P020,store,0,9.93,20,1,0
2025-03-31,P020,store,0,12.41,0,0,0
2025-04-07,P020,store,0,11.17,10,1,0
2025-04-14,P020,store,0,12.41,0,0,0
2025-04-21,P020,store,0,12.41,0,0,0
2025-04-28,P020,store,0,12.41,0,0,0
2025-05-05,P020,store,0,12.41,0,0,0
2025-05-12,P020,store,0,12.41,0,0,0
2025-05-19,P020,store,0,12.41,0,0,0
2025-05-26,P020,store,7,12.41,0,0,0
2025-06-02,P020,store,0,12.41,0,0,0
2025-06-09,P020,store,0,12.41,0,0,0
2025-06-16,P020,store,0,12.41,0,0,0
2025-06-23,P020,store,1,12.41,0,0,0
2025-06-30,P020,store,0,12.41,0,0,0
2025-07-07,P020,store,4,12.41,0,0,0
2025-07-14,P020,store,0,12.41,0,0,0
2025-07-21,P020,store,0,12.41,0,0,0
2025-07-28,P020,store,0,12.41,0,0,0
2025-08-04,P020,store,0,12.41,0,0,0
2025-08-11,P020,store,8,12.41,0,0,0
2025-08-18,P020,store,25,12.41,0,0,0
2025-08-25,P020,store,0,12.41,0,0,0
2025-09-01,P020,store,0,12.41,0,0,0
2025-09-08,P020,store,0,12.41,0,0,0
2025-09-15,P020,store,0,12.41,0,0,0
2025-09-22,P020,store,0,12.41,0,0,0
2025-09-29,P020,store,0,12.41,0,0,0
2025-10-06,P020,store,0,12.41,0,0,0
2025-10-13,P020,store,0,12.41,0,0,0
2025-10-20,P020,store,3,12.41,0,0,0
2025-10-27,P020,store,0,12.41,0,0,0
2025-11-03,P020,store,1,12.41,0,0,0
2025-11-10,P020,store,5,12.41,0,0,0
2025-11-17,P020,store,1,12.41,0,0,0
2025-11-24,P020,store,0,12.41,0,0,0
2025-12-01,P020,store,0,12.41,0,0,0
2025-12-08,P020,store,0,12.41,0,0,0
2025-12-15,P020,store,0,12.41,0,0,0
2025-12-22,P020,store,0,12.41,0,0,0
2023-01-02,P020,online,0,12.41,0,0,0
2023-01-09,P020,online,0,11.17,10,1,0
2023-01-16,P020,online,0,12.41,0,0,0
2023-01-23,P020,online,0,8.69,30,1,0
2023-01-30,P020,online,0,12.41,0,0,0
2023-02-06,P020,online,0,12.41,0,0,0
2023-02-13,P020,online,3,12.41,0,0,0
2023-02-20,P020,online,0,12.41,0,0,0
2023-02-27,P020,online,1,12.41,0,0,0
2023-03-06,P020,online,0,12.41,0,0,0
2023-03-13,P020,online,0,12.41,0,0,0
2023-03-20,P020,online,0,12.41,0,0,0
2023-03-27,P020,online,0,12.41,0,0,0
2023-04-03,P020,online,0,12.41,0,0,0
2023-04-10,P020,online,0,12.41,0,0,0
2023-04-17,P020,online,1,12.41,0,0,0
2023-04-24,P020,online,0,9.93,20,1,0
2023-05-01,P020,online,0,12.41,0,0,0
2023-05-08,P020,online,0,12.41,0,0,0
2023-05-15,P020,online,0,12.41,0,0,0
2023-05-22,P020,online,0,10.55,15,1,0
2023-05-29,P020,online,0,12.41,0,0,0
2023-06-05,P020,online,0,12.41,0,0,0
2023-06-12,P020,online,4,12.41,0,0,0
2023-06-19,P020,online,0,12.41,0,0,0
2023-06-26,P020,online,1,12.41,0,0,0
2023-07-03,P020,online,0,12.41,0,0,0
2023-07-10,P020,online,7,12.41,0,0,0
2023-07-17,P020,online,0,12.41,0,0,0
2023-07-24,P020,online,0,12.41,0,0,0
2023-07-31,P020,online,0,12.41,0,0,0
2023-08-07,P020,online,0,12.41,0,0,0
2023-08-14,P020,online,0,12.41,0,0,0
2023-08-21,P020,online,0,12.41,0,0,0
2023-08-28,P020,online,0,12.41,0,0,0
2023-09-04,P020,online,0,12.41,0,0,0
2023-09-11,P020,online,0,12.41,0,0,0
2023-09-18,P020,online,24,12.41,0,0,0
2023-09-25,P020,online,0,12.41,0,0,0
2023-10-02,P020,online,1,12.41,0,0,0
2023-10-09,P020,online,0,12.41,0,0,0
2023-10-16,P020,online,0,12.41,0,0,0
2023-10-23,P020,online,0,12.41,0,0,0
2023-10-30,P020,online,0,12.41,0,0,0
2023-11-06,P020,online,0,9.93,20,1,0
2023-11-13,P020,online,0,12.41,0,0,0
2023-11-20,P020,online,1,12.41,0,0,0
2023-11-27,P020,online,0,12.41,0,0,0
2023-12-04,P020,online,0,12.41,0,0,0
2023-12-11,P020,online,0,12.41,0,0,0
2023-12-18,P020,online,0,12.41,0,0,0
2023-12-25,P020,online,0,12.41,0,0,0
2024-01-01,P020,online,0,12.41,0,0,0
2024-01-08,P020,online,0,12.41,0,0,0
2024-01-15,P020,online,0,12.41,0,0,0
2024-01-22,P020,online,0,12.41,0,0,0
2024-01-29,P020,online,0,12.41,0,0,0
2024-02-05,P020,online,0,12.41,0,0,0
2024-02-12,P020,online,0,12.41,0,0,0
2024-02-19,P020,online,0,12.41,0,0,0
2024-02-26,P020,online,0,12.41,0,0,0
2024-03-04,P020,online,0,12.41,0,0,0
2024-03-11,P020,online,0,12.41,0,0,0
2024-03-18,P020,online,0,12.41,0,0,0
2024-03-25,P020,online,0,12.41,0,0,0
2024-04-01,P020,online,0,12.41,0,0,0
2024-04-08,P020,online,0,12.41,0,0,0
2024-04-15,P020,online,0,12.41,0,0,0
2024-04-22,P020,online,0,11.17,10,1,0
2024-04-29,P020,online,0,12.41,0,0,0
2024-05-06,P020,online,0,12.41,0,0,0
2024-05-13,P020,online,0,12.41,0,0,0
2024-05-20,P020,online,0,12.41,0,0,0
2024-05-27,P020,online,0,12.41,0,0,0
2024-06-03,P020,online,0,12.41,0,0,0
2024-06-10,P020,online,0,12.41,0,0,0
2024-06-17,P020,online,0,12.41,0,0,0
2024-06-24,P020,online,0,12.41,0,0,0
2024-07-01,P020,online,0,12.41,0,0,0
2024-07-08,P020,online,0,12.41,0,0,0
2024-07-15,P020,online,0,12.41,0,0,0
2024-07-22,P020,online,1,12.41,0,0,0
2024-07-29,P020,online,0,12.41,0,0,0
2024-08-05,P020,online,0,12.41,0,0,0
2024-08-12,P020,online,0,12.41,0,0,0
2024-08-19,P020,online,0,12.41,0,0,0
2024-08-26,P020,online,2,12.41,0,0,0
2024-09-02,P020,online,0,12.41,0,0,0
2024-09-09,P020,online,0,12.41,0,0,0
2024-09-16,P020,online,0,12.41,0,0,0
2024-09-23,P020,online,0,12.41,0,0,0
2024-09-30,P020,online,0,12.41,0,0,0
2024-10-07,P020,online,5,12.41,0,0,0
2024-10-14,P020,online,0,12.41,0,0,0
2024-10-21,P020,online,0,12.41,0,0,0
2024-10-28,P020,online,0,12.41,0,0,0
2024-11-04,P020,online,0,12.41,0,0,0
2024-11-11,P020,online,0,9.93,20,1,0
2024-11-18,P020,online,0,12.41,0,0,0
2024-11-25,P020,online,0,12.41,0,0,0
2024-12-02,P020,online,0,12.41,0,0,0
2024-12-09,P020,online,0,12.41,0,0,0
2024-12-16,P020,online,4,12.41,0,0,0
2024-12-23,P020,online,0,12.41,0,0,0
2024-12-30,P020,online,0,11.17,10,1,0
2025-01-06,P020,online,0,12.41,0,0,0
2025-01-13,P020,online,0,12.41,0,0,0
2025-01-20,P020,online,0,12.41,0,0,0
2025-01-27,P020,online,0,12.41,0,0,0
2025-02-03,P020,online,2,12.41,0,0,0
2025-02-10,P020,online,0,12.41,0,0,0
2025-02-17,P020,online,0,12.41,0,0,0
2025-02-24,P020,online,0,12.41,0,0,0
2025-03-03,P020,online,0,12.41,0,0,0
2025-03-10,P020,online,0,12.41,0,0,0
2025-03-17,P020,online,5,12.41,0,0,0
2025-03-24,P020,online,2,12.41,0,0,0
2025-03-31,P020,online,4,12.41,0,0,0
2025-04-07,P020,online,0,12.41,0,0,0
2025-04-14,P020,online,3,8.69,30,1,0
2025-04-21,P020,online,5,12.41,0,0,0
2025-04-28,P020,online,0,12.41,0,0,0
2025-05-05,P020,online,0,12.41,0,0,0
2025-05-12,P020,online,4,12.41,0,0,0
2025-05-19,P020,online,0,12.41,0,0,0
2025-05-26,P020,online,1,12.41,0,0,0
2025-06-02,P020,online,0,12.41,0,0,0
2025-06-09,P020,online,7,12.41,0,0,0
2025-06-16,P020,online,0,12.41,0,0,0
2025-06-23,P020,online,0,12.41,0,0,0
2025-06-30,P020,online,5,12.41,0,0,0
2025-07-07,P020,online,0,12.41,0,0,0
2025-07-14,P020,online,0,12.41,0,0,0
2025-07-21,P020,online,2,12.41,0,0,0
2025-07-28,P020,online,0,12.41,0,0,0
2025-08-04,P020,online,0,12.41,0,0,0
2025-08-11,P020,online,0,12.41,0,0,0
2025-08-18,P020,online,5,12.41,0,0,0
2025-08-25,P020,online,0,12.41,0,0,0
2025-09-01,P020,online,0,12.41,0,0,0
2025-09-08,P020,online,0,12.41,0,0,0
2025-09-15,P020,online,0,12.41,0,0,0
2025-09-22,P020,online,0,12.41,0,0,0
2025-09-29,P020,online,0,12.41,0,0,0
2025-10-06,P020,online,0,12.41,0,0,0
2025-10-13,P020,online,0,12.41,0,0,0
2025-10-20,P020,online,0,12.41,0,0,0
2025-10-27,P020,online,2,12.41,0,0,0
2025-11-03,P020,online,0,12.41,0,0,0
2025-11-10,P020,online,2,12.41,0,0,0
2025-11-17,P020,online,0,12.41,0,0,0
2025-11-24,P020,online,0,12.41,0,0,0
2025-12-01,P020,online,0,12.41,0,0,0
2025-12-08,P020,online,0,12.41,0,0,0
2025-12-15,P020,online,0,12.41,0,0,0
2025-12-22,P020,online,0,12.41,0,0,0
2023-01-02,P021,store,106,10.53,0,0,0
2023-01-09,P021,store,126,10.53,0,0,0
2023-01-16,P021,store,121,10.53,0,0,0
2023-01-23,P021,store,108,10.53,0,0,0
2023-01-30,P021,store,84,10.53,0,0,0
2023-02-06,P021,store,142,10.53,0,0,0
2023-02-13,P021,store,123,10.53,0,0,0
2023-02-20,P021,store,108,10.53,0,0,0
2023-02-27,P021,store,106,10.53,0,0,0
2023-03-06,P021,store,174,10.53,0,0,0
2023-03-13,P021,store,141,10.53,0,0,0
2023-03-20,P021,store,114,10.53,0,0,0
2023-03-27,P021,store,133,10.53,0,0,0
2023-04-03,P021,store,119,10.53,0,0,0
2023-04-10,P021,store,137,10.53,0,0,0
2023-04-17,P021,store,164,10.53,0,0,0
2023-04-24,P021,store,146,10.53,0,0,0
2023-05-01,P021,store,115,10.53,0,0,0
2023-05-08,P021,store,102,10.53,0,0,0
2023-05-15,P021,store,120,10.53,0,0,0
2023-05-22,P021,store,147,10.53,0,0,0
2023-05-29,P021,store,128,10.53,0,0,0
2023-06-05,P021,store,149,10.53,0,0,0
2023-06-12,P021,store,227,7.9,25,1,0
2023-06-19,P021,store,94,10.53,0,0,0
2023-06-26,P021,store,129,10.53,0,0,0
2023-07-03,P021,store,109,10.53,0,0,0
2023-07-10,P021,store,156,10.53,0,0,0
2023-07-17,P021,store,114,10.53,0,0,0
2023-07-24,P021,store,137,10.53,0,0,0
2023-07-31,P021,store,135,10.53,0,0,0
2023-08-07,P021,store,136,10.53,0,0,0
2023-08-14,P021,store,118,10.53,0,0,0
2023-08-21,P021,store,157,10.53,0,0,0
2023-08-28,P021,store,125,10.53,0,0,0
2023-09-04,P021,store,157,10.53,0,0,0
2023-09-11,P021,store,107,10.53,0,0,0
2023-09-18,P021,store,133,10.53,0,0,0
2023-09-25,P021,store,82,10.53,0,0,0
2023-10-02,P021,store,141,10.53,0,0,0
2023-10-09,P021,store,101,10.53,0,0,0
2023-10-16,P021,store,120,10.53,0,0,0
2023-10-23,P021,store,123,10.53,0,0,0
2023-10-30,P021,store,98,10.53,0,0,0
2023-11-06,P021,store,102,10.53,0,0,0
2023-11-13,P021,store,90,10.53,0,0,0
2023-11-20,P021,store,96,10.53,0,0,0
2023-11-27,P021,store,286,7.37,30,1,0
2023-12-04,P021,store,89,10.53,0,0,0
2023-12-11,P021,store,225,7.9,25,1,0
2023-12-18,P021,store,102,10.53,0,0,0
2023-12-25,P021,store,89,10.53,0,0,0
2024-01-01,P021,store,146,10.53,0,0,0
2024-01-08,P021,store,117,10.53,0,0,0
2024-01-15,P021,store,100,10.53,0,0,0
2024-01-22,P021,store,103,10.53,0,0,0
2024-01-29,P021,store,146,10.53,0,0,0
2024-02-05,P021,store,141,10.53,0,0,0
2024-02-12,P021,store,148,10.53,0,0,0
2024-02-19,P021,store,146,10.53,0,0,0
2024-02-26,P021,store,121,10.53,0,0,0
2024-03-04,P021,store,123,10.53,0,0,0
2024-03-11,P021,store,105,10.53,0,0,0
2024-03-18,P021,store,140,9.48,10,1,0
2024-03-25,P021,store,78,10.53,0,0,0
2024-04-01,P021,store,100,10.53,0,0,0
2024-04-08,P021,store,156,10.53,0,0,0
2024-04-15,P021,store,145,10.53,0,0,0
2024-04-22,P021,store,150,10.53,0,0,0
2024-04-29,P021,store,170,10.53,0,0,0
2024-05-06,P021,store,270,7.9,25,1,0
2024-05-13,P021,store,107,10.53,0,0,0
2024-05-20,P021,store,101,10.53,0,0,0
2024-05-27,P021,store,119,10.53,0,0,0
2024-06-03,P021,store,156,10.53,0,0,0
2024-06-10,P021,store,154,10.53,0,0,0
2024-06-17,P021,store,99,10.53,0,0,0
2024-06-24,P021,store,190,10.53,0,0,0
2024-07-01,P021,store,123,10.53,0,0,0
2024-07-08,P021,store,129,10.53,0,0,0
2024-07-15,P021,store,123,10.53,0,0,0
2024-07-22,P021,store,97,10.53,0,0,0
2024-07-29,P021,store,134,10.53,0,0,0
2024-08-05,P021,store,167,8.95,15,1,0
2024-08-12,P021,store,140,10.53,0,0,0
2024-08-19,P021,store,211,8.95,15,1,0
2024-08-26,P021,store,105,10.53,0,0,0
2024-09-02,P021,store,160,10.53,0,0,0
2024-09-09,P021,store,135,10.53,0,0,0
2024-09-16,P021,store,107,10.53,0,0,0
2024-09-23,P021,store,147,10.53,0,0,0
2024-09-30,P021,store,138,10.53,0,0,0
2024-10-07,P021,store,165,10.53,0,0,0
2024-10-14,P021,store,127,10.53,0,0,0
2024-10-21,P021,store,279,7.9,25,1,0
2024-10-28,P021,store,90,10.53,0,0,0
2024-11-04,P021,store,133,10.53,0,0,0
2024-11-11,P021,store,116,10.53,0,0,0
2024-11-18,P021,store,134,10.53,0,0,0
2024-11-25,P021,store,149,10.53,0,0,0
2024-12-02,P021,store,107,10.53,0,0,0
2024-12-09,P021,store,96,10.53,0,0,0
2024-12-16,P021,store,197,8.42,20,1,0
2024-12-23,P021,store,126,10.53,0,0,0
2024-12-30,P021,store,108,10.53,0,0,0
2025-01-06,P021,store,138,10.53,0,0,0
2025-01-13,P021,store,82,10.53,0,0,0
2025-01-20,P021,store,114,10.53,0,0,0
2025-01-27,P021,store,152,10.53,0,0,0
2025-02-03,P021,store,81,10.53,0,0,0
2025-02-10,P021,store,103,10.53,0,0,0
2025-02-17,P021,store,154,10.53,0,0,0
2025-02-24,P021,store,115,10.53,0,0,0
2025-03-03,P021,store,105,10.53,0,0,0
2025-03-10,P021,store,327,7.37,30,1,0
2025-03-17,P021,store,104,10.53,0,0,0
2025-03-24,P021,store,279,7.37,30,1,0
2025-03-31,P021,store,139,10.53,0,0,0
2025-04-07,P021,store,166,10.53,0,0,0
2025-04-14,P021,store,127,10.53,0,0,0
2025-04-21,P021,store,115,10.53,0,0,0
2025-04-28,P021,store,110,10.53,0,0,0
2025-05-05,P021,store,106,10.53,0,0,0
2025-05-12,P021,store,111,10.53,0,0,0
2025-05-19,P021,store,121,10.53,0,0,0
2025-05-26,P021,store,121,10.53,0,0,0
2025-06-02,P021,store,92,10.53,0,0,0
2025-06-09,P021,store,122,10.53,0,0,0
2025-06-16,P021,store,94,10.53,0,0,0
2025-06-23,P021,store,128,10.53,0,0,0
2025-06-30,P021,store,252,7.9,25,1,0
2025-07-07,P021,store,120,10.53,0,0,0
2025-07-14,P021,store,144,10.53,0,0,0
2025-07-21,P021,store,103,10.53,0,0,0
2025-07-28,P021,store,134,10.53,0,0,0
2025-08-04,P021,store,114,10.53,0,0,0
2025-08-11,P021,store,98,10.53,0,0,0
2025-08-18,P021,store,119,10.53,0,0,0
2025-08-25,P021,store,141,10.53,0,0,0
2025-09-01,P021,store,78,10.53,0,0,0
2025-09-08,P021,store,105,10.53,0,0,0
2025-09-15,P021,store,90,10.53,0,0,0
2025-09-22,P021,store,210,7.37,30,1,0
2025-09-29,P021,store,119,10.53,0,0,0
2025-10-06,P021,store,120,10.53,0,0,0
2025-10-13,P021,store,185,7.9,25,1,0
2025-10-20,P021,store,117,10.53,0,0,0
2025-10-27,P021,store,125,9.48,10,1,0
2025-11-03,P021,store,138,10.53,0,0,0
2025-11-10,P021,store,106,10.53,0,0,0
2025-11-17,P021,store,107,10.53,0,0,0
2025-11-24,P021,store,97,10.53,0,0,0
2025-12-01,P021,store,114,10.53,0,0,0
2025-12-08,P021,store,100,10.53,0,0,0
2025-12-15,P021,store,85,10.53,0,0,0
2025-12-22,P021,store,123,10.53,0,0,0
2023-01-02,P021,online,54,10.53,0,0,0
2023-01-09,P021,online,59,10.53,0,0,0
2023-01-16,P021,online,34,10.53,0,0,0
2023-01-23,P021,online,38,10.53,0,0,0
2023-01-30,P021,online,62,10.53,0,0,0
2023-02-06,P021,online,48,10.53,0,0,0
2023-02-13,P021,online,51,10.53,0,0,0
2023-02-20,P021,online,61,10.53,0,0,0
2023-02-27,P021,online,178,7.9,25,1,0
2023-03-06,P021,online,42,10.53,0,0,0
2023-03-13,P021,online,61,10.53,0,0,0
2023-03-20,P021,online,59,10.53,0,0,0
2023-03-27,P021,online,96,10.53,0,0,0
2023-04-03,P021,online,54,10.53,0,0,0
2023-04-10,P021,online,59,10.53,0,0,0
2023-04-17,P021,online,70,10.53,0,0,0
2023-04-24,P021,online,40,10.53,0,0,0
2023-05-01,P021,online,47,10.53,0,0,0
2023-05-08,P021,online,42,10.53,0,0,0
2023-05-15,P021,online,63,10.53,0,0,0
2023-05-22,P021,online,53,10.53,0,0,0
2023-05-29,P021,online,54,10.53,0,0,0
2023-06-05,P021,online,59,10.53,0,0,0
2023-06-12,P021,online,63,10.53,0,0,0
2023-06-19,P021,online,63,10.53,0,0,0
2023-06-26,P021,online,213,7.37,30,1,0
2023-07-03,P021,online,36,10.53,0,0,0
2023-07-10,P021,online,43,10.53,0,0,0
2023-07-17,P021,online,61,10.53,0,0,0
2023-07-24,P021,online,239,7.37,30,1,0
2023-07-31,P021,online,59,10.53,0,0,0
2023-08-07,P021,online,40,10.53,0,0,0
2023-08-14,P021,online,53,10.53,0,0,0
2023-08-21,P021,online,48,10.53,0,0,0
2023-08-28,P021,online,199,7.37,30,1,0
2023-09-04,P021,online,39,10.53,0,0,0
2023-09-11,P021,online,72,10.53,0,0,0
2023-09-18,P021,online,67,10.53,0,0,0
2023-09-25,P021,online,54,10.53,0,0,0
2023-10-02,P021,online,36,10.53,0,0,0
2023-10-09,P021,online,64,10.53,0,0,0
2023-10-16,P021,online,54,10.53,0,0,0
2023-10-23,P021,online,109,8.95,15,1,0
2023-10-30,P021,online,44,10.53,0,0,0
2023-11-06,P021,online,85,10.53,0,0,0
2023-11-13,P021,online,44,10.53,0,0,0
2023-11-20,P021,online,54,10.53,0,0,0
2023-11-27,P021,online,42,10.53,0,0,0
2023-12-04,P021,online,59,10.53,0,0,0
2023-12-11,P021,online,70,10.53,0,0,0
2023-12-18,P021,online,62,10.53,0,0,0
2023-12-25,P021,online,53,10.53,0,0,0
2024-01-01,P021,online,94,9.48,10,1,0
2024-01-08,P021,online,50,10.53,0,0,0
2024-01-15,P021,online,62,10.53,0,0,0
2024-01-22,P021,online,58,10.53,0,0,0
2024-01-29,P021,online,58,10.53,0,0,0
2024-02-05,P021,online,36,10.53,0,0,0
2024-02-12,P021,online,51,10.53,0,0,0
2024-02-19,P021,online,145,8.42,20,1,0
2024-02-26,P021,online,47,10.53,0,0,0
2024-03-04,P021,online,50,10.53,0,0,0
2024-03-11,P021,online,78,10.53,0,0,0
2024-03-18,P021,online,62,10.53,0,0,0
2024-03-25,P021,online,76,10.53,0,0,0
2024-04-01,P021,online,54,10.53,0,0,0
2024-04-08,P021,online,61,10.53,0,0,0
2024-04-15,P021,online,65,10.53,0,0,0
2024-04-22,P021,online,53,10.53,0,0,0
2024-04-29,P021,online,64,10.53,0,0,0
2024-05-06,P021,online,205,7.37,30,1,0
2024-05-13,P021,online,44,10.53,0,0,0
2024-05-20,P021,online,73,10.53,0,0,0
2024-05-27,P021,online,76,10.53,0,0,0
2024-06-03,P021,online,71,10.53,0,0,0
2024-06-10,P021,online,69,10.53,0,0,0
2024-06-17,P021,online,94,10.53,0,0,0
2024-06-24,P021,online,73,10.53,0,0,0
2024-07-01,P021,online,63,10.53,0,0,0
2024-07-08,P021,online,66,10.53,0,0,0
2024-07-15,P021,online,77,10.53,0,0,0
2024-07-22,P021,online,47,10.53,0,0,0
2024-07-29,P021,online,70,10.53,0,0,0
2024-08-05,P021,online,100,10.53,0,0,0
2024-08-12,P021,online,59,10.53,0,0,0
2024-08-19,P021,online,68,10.53,0,0,0
2024-08-26,P021,online,84,10.53,0,0,0
2024-09-02,P021,online,198,7.9,25,1,0
2024-09-09,P021,online,47,10.53,0,0,0
2024-09-16,P021,online,56,10.53,0,0,0
2024-09-23,P021,online,83,10.53,0,0,0
2024-09-30,P021,online,38,10.53,0,0,0
2024-10-07,P021,online,81,10.53,0,0,0
2024-10-14,P021,online,87,9.48,10,1,0
2024-10-21,P021,online,57,10.53,0,0,0
2024-10-28,P021,online,62,10.53,0,0,0
2024-11-04,P021,online,58,10.53,0,0,0
2024-11-11,P021,online,68,10.53,0,0,0
2024-11-18,P021,online,68,10.53,0,0,0
2024-11-25,P021,online,46,10.53,0,0,0
2024-12-02,P021,online,58,10.53,0,0,0
2024-12-09,P021,online,62,10.53,0,0,0
2024-12-16,P021,online,88,10.53,0,0,0
2024-12-23,P021,online,60,10.53,0,0,0
2024-12-30,P021,online,69,10.53,0,0,0
2025-01-06,P021,online,96,9.48,10,1,0
2025-01-13,P021,online,47,10.53,0,0,0
2025-01-20,P021,online,82,10.53,0,0,0
2025-01-27,P021,online,156,8.42,20,1,0
2025-02-03,P021,online,68,10.53,0,0,0
2025-02-10,P021,online,53,10.53,0,0,0
2025-02-17,P021,online,81,10.53,0,0,0
2025-02-24,P021,online,55,10.53,0,0,0
2025-03-03,P021,online,68,10.53,0,0,0
2025-03-10,P021,online,67,10.53,0,0,0
2025-03-17,P021,online,74,10.53,0,0,0
2025-03-24,P021,online,54,10.53,0,0,0
2025-03-31,P021,online,81,10.53,0,0,0
2025-04-07,P021,online,109,8.95,15,1,0
2025-04-14,P021,online,66,10.53,0,0,0
2025-04-21,P021,online,66,10.53,0,0,0
2025-04-28,P021,online,71,10.53,0,0,0
2025-05-05,P021,online,69,10.53,0,0,0
2025-05-12,P021,online,96,10.53,0,0,0
2025-05-19,P021,online,66,10.53,0,0,0
2025-05-26,P021,online,64,10.53,0,0,0
2025-06-02,P021,online,46,10.53,0,0,0
2025-06-09,P021,online,87,10.53,0,0,0
2025-06-16,P021,online,65,10.53,0,0,0
2025-06-23,P021,online,81,10.53,0,0,0
2025-06-30,P021,online,68,10.53,0,0,0
2025-07-07,P021,online,47,10.53,0,0,0
2025-07-14,P021,online,83,10.53,0,0,0
2025-07-21,P021,online,249,8.42,20,1,0
2025-07-28,P021,online,73,10.53,0,0,0
2025-08-04,P021,online,149,8.42,20,1,0
2025-08-11,P021,online,48,10.53,0,0,0
2025-08-18,P021,online,50,10.53,0,0,0
2025-08-25,P021,online,55,10.53,0,0,0
2025-09-01,P021,online,68,10.53,0,0,0
2025-09-08,P021,online,65,10.53,0,0,0
2025-09-15,P021,online,60,10.53,0,0,0
2025-09-22,P021,online,103,10.53,0,0,0
2025-09-29,P021,online,63,10.53,0,0,0
2025-10-06,P021,online,79,10.53,0,0,0
2025-10-13,P021,online,52,10.53,0,0,0
2025-10-20,P021,online,163,7.37,30,1,0
2025-10-27,P021,online,57,10.53,0,0,0
2025-11-03,P021,online,47,10.53,0,0,0
2025-11-10,P021,online,48,10.53,0,0,0
2025-11-17,P021,online,50,10.53,0,0,0
2025-11-24,P021,online,79,10.53,0,0,0
2025-12-01,P021,online,63,10.53,0,0,0
2025-12-08,P021,online,91,10.53,0,0,0
2025-12-15,P021,online,192,7.9,25,1,0
2025-12-22,P021,online,45,10.53,0,0,0
2023-01-02,P022,store,195,10.59,0,0,0
2023-01-09,P022,store,432,8.47,20,1,0
2023-01-16,P022,store,171,10.59,0,0,0
2023-01-23,P022,store,160,10.59,0,0,0
2023-01-30,P022,store,168,10.59,0,0,0
2023-02-06,P022,store,180,10.59,0,0,0
2023-02-13,P022,store,172,10.59,0,0,0
2023-02-20,P022,store,266,10.59,0,0,0
2023-02-27,P022,store,174,10.59,0,0,0
2023-03-06,P022,store,177,10.59,0,0,0
2023-03-13,P022,store,166,10.59,0,0,0
2023-03-20,P022,store,422,7.94,25,1,0
2023-03-27,P022,store,149,10.59,0,0,0
2023-04-03,P022,store,176,10.59,0,0,0
2023-04-10,P022,store,407,7.41,30,1,0
2023-04-17,P022,store,182,10.59,0,0,0
2023-04-24,P022,store,140,10.59,0,0,0
2023-05-01,P022,store,138,10.59,0,0,0
2023-05-08,P022,store,191,10.59,0,0,0
2023-05-15,P022,store,420,7.94,25,1,0
2023-05-22,P022,store,137,10.59,0,0,0
2023-05-29,P022,store,201,10.59,0,0,0
2023-06-05,P022,store,177,10.59,0,0,0
2023-06-12,P022,store,170,10.59,0,0,0
2023-06-19,P022,store,182,10.59,0,0,0
2023-06-26,P022,store,190,10.59,0,0,0
2023-07-03,P022,store,205,10.59,0,0,0
2023-07-10,P022,store,353,8.47,20,1,0
2023-07-17,P022,store,166,10.59,0,0,0
2023-07-24,P022,store,163,10.59,0,0,0
2023-07-31,P022,store,207,10.59,0,0,0
2023-08-07,P022,store,257,10.59,0,0,0
2023-08-14,P022,store,243,10.59,0,0,0
2023-08-21,P022,store,191,10.59,0,0,0
2023-08-28,P022,store,204,9.53,10,1,0
2023-09-04,P022,store,168,10.59,0,0,0
2023-09-11,P022,store,173,10.59,0,0,0
2023-09-18,P022,store,138,10.59,0,0,0
2023-09-25,P022,store,187,10.59,0,0,0
2023-10-02,P022,store,126,10.59,0,0,0
2023-10-09,P022,store,148,10.59,0,0,0
2023-10-16,P022,store,255,10.59,0,0,0
2023-10-23,P022,store,176,10.59,0,0,0
2023-10-30,P022,store,127,10.59,0,0,0
2023-11-06,P022,store,153,10.59,0,0,0
2023-11-13,P022,store,148,10.59,0,0,0
2023-11-20,P022,store,190,10.59,0,0,0
2023-11-27,P022,store,168,10.59,0,0,0
2023-12-04,P022,store,137,10.59,0,0,0
2023-12-11,P022,store,145,10.59,0,0,0
2023-12-18,P022,store,174,10.59,0,0,0
2023-12-25,P022,store,322,9.53,10,1,0
2024-01-01,P022,store,180,10.59,0,0,0
2024-01-08,P022,store,141,10.59,0,0,0
2024-01-15,P022,store,199,10.59,0,0,0
2024-01-22,P022,store,210,10.59,0,0,0
2024-01-29,P022,store,148,10.59,0,0,0
2024-02-05,P022,store,139,10.59,0,0,0
2024-02-12,P022,store,150,10.59,0,0,0
2024-02-19,P022,store,355,8.47,20,1,0
2024-02-26,P022,store,150,10.59,0,0,0
2024-03-04,P022,store,129,10.59,0,0,0
2024-03-11,P022,store,169,10.59,0,0,0
2024-03-18,P022,store,189,10.59,0,0,0
2024-03-25,P022,store,172,10.59,0,0,0
2024-04-01,P022,store,172,10.59,0,0,0
2024-04-08,P022,store,218,10.59,0,0,0
2024-04-15,P022,store,176,10.59,0,0,0
2024-04-22,P022,store,183,10.59,0,0,0
2024-04-29,P022,store,150,10.59,0,0,0
2024-05-06,P022,store,164,10.59,0,0,0
2024-05-13,P022,store,523,7.41,30,1,0
2024-05-20,P022,store,119,10.59,0,0,0
2024-05-27,P022,store,227,10.59,0,0,0
2024-06-03,P022,store,195,10.59,0,0,0
2024-06-10,P022,store,197,10.59,0,0,0
2024-06-17,P022,store,252,10.59,0,0,0
2024-06-24,P022,store,187,10.59,0,0,0
2024-07-01,P022,store,187,10.59,0,0,0
2024-07-08,P022,store,215,10.59,0,0,0
2024-07-15,P022,store,185,10.59,0,0,0
2024-07-22,P022,store,194,10.59,0,0,0
2024-07-29,P022,store,187,10.59,0,0,0
2024-08-05,P022,store,188,10.59,0,0,0
2024-08-12,P022,store,145,10.59,0,0,0
2024-08-19,P022,store,140,10.59,0,0,0
2024-08-26,P022,store,186,10.59,0,0,0
2024-09-02,P022,store,150,10.59,0,0,0
2024-09-09,P022,store,181,10.59,0,0,0
2024-09-16,P022,store,234,10.59,0,0,0
2024-09-23,P022,store,139,10.59,0,0,0
2024-09-30,P022,store,130,10.59,0,0,0
2024-10-07,P022,store,211,10.59,0,0,0
2024-10-14,P022,store,129,10.59,0,0,0
2024-10-21,P022,store,203,10.59,0,0,0
2024-10-28,P022,store,218,10.59,0,0,0
2024-11-04,P022,store,390,7.94,25,1,0
2024-11-11,P022,store,106,10.59,0,0,0
2024-11-18,P022,store,198,10.59,0,0,0
2024-11-25,P022,store,117,10.59,0,0,0
2024-12-02,P022,store,485,7.41,30,1,0
2024-12-09,P022,store,111,10.59,0,0,0
2024-12-16,P022,store,486,7.41,30,1,0
2024-12-23,P022,store,190,10.59,0,0,0
2024-12-30,P022,store,160,10.59,0,0,0
2025-01-06,P022,store,181,10.59,0,0,0
2025-01-13,P022,store,206,10.59,0,0,0
2025-01-20,P022,store,174,10.59,0,0,0
2025-01-27,P022,store,210,10.59,0,0,0
2025-02-03,P022,store,209,10.59,0,0,0
2025-02-10,P022,store,222,10.59,0,0,0
2025-02-17,P022,store,204,10.59,0,0,0
2025-02-24,P022,store,288,9.0,15,1,0
2025-03-03,P022,store,139,10.59,0,0,0
2025-03-10,P022,store,232,10.59,0,0,0
2025-03-17,P022,store,165,10.59,0,0,0
2025-03-24,P022,store,157,10.59,0,0,0
2025-03-31,P022,store,243,9.53,10,1,0
2025-04-07,P022,store,148,10.59,0,0,0
2025-04-14,P022,store,194,10.59,0,0,0
2025-04-21,P022,store,184,10.59,0,0,0
2025-04-28,P022,store,192,10.59,0,0,0
2025-05-05,P022,store,211,10.59,0,0,0
2025-05-12,P022,store,580,7.94,25,1,0
2025-05-19,P022,store,132,10.59,0,0,0
2025-05-26,P022,store,152,10.59,0,0,0
2025-06-02,P022,store,157,10.59,0,0,0
2025-06-09,P022,store,151,10.59,0,0,0
2025-06-16,P022,store,161,10.59,0,0,0
2025-06-23,P022,store,533,8.47,20,1,0
2025-06-30,P022,store,225,10.59,0,0,0
2025-07-07,P022,store,310,8.47,20,1,0
2025-07-14,P022,store,244,10.59,0,0,0
2025-07-21,P022,store,227,10.59,0,0,0
2025-07-28,P022,store,149,10.59,0,0,0
2025-08-04,P022,store,398,7.94,25,1,0
2025-08-11,P022,store,167,10.59,0,0,0
2025-08-18,P022,store,152,10.59,0,0,0
2025-08-25,P022,store,178,10.59,0,0,0
2025-09-01,P022,store,227,10.59,0,0,0
2025-09-08,P022,store,161,10.59,0,0,0
2025-09-15,P022,store,158,10.59,0,0,0
2025-09-22,P022,store,209,10.59,0,0,0
2025-09-29,P022,store,153,10.59,0,0,0
2025-10-06,P022,store,218,10.59,0,0,0
2025-10-13,P022,store,208,10.59,0,0,0
2025-10-20,P022,store,222,10.59,0,0,0
2025-10-27,P022,store,160,10.59,0,0,0
2025-11-03,P022,store,238,10.59,0,0,0
2025-11-10,P022,store,154,10.59,0,0,0
2025-11-17,P022,store,161,10.59,0,0,0
2025-11-24,P022,store,188,10.59,0,0,0
2025-12-01,P022,store,172,10.59,0,0,0
2025-12-08,P022,store,248,10.59,0,0,0
2025-12-15,P022,store,175,10.59,0,0,0
2025-12-22,P022,store,182,10.59,0,0,0
2023-01-02,P022,online,57,10.59,0,0,0
2023-01-09,P022,online,60,10.59,0,0,0
2023-01-16,P022,online,51,10.59,0,0,0
2023-01-23,P022,online,55,10.59,0,0,0
2023-01-30,P022,online,50,10.59,0,0,0
2023-02-06,P022,online,47,10.59,0,0,0
2023-02-13,P022,online,46,10.59,0,0,0
2023-02-20,P022,online,63,10.59,0,0,0
2023-02-27,P022,online,100,9.53,10,1,0
2023-03-06,P022,online,60,10.59,0,0,0
2023-03-13,P022,online,50,10.59,0,0,0
2023-03-20,P022,online,211,7.41,30,1,0
2023-03-27,P022,online,65,10.59,0,0,0
2023-04-03,P022,online,146,8.47,20,1,0
2023-04-10,P022,online,41,10.59,0,0,0
2023-04-17,P022,online,74,10.59,0,0,0
2023-04-24,P022,online,72,10.59,0,0,0
2023-05-01,P022,online,115,9.0,15,1,0
2023-05-08,P022,online,75,10.59,0,0,0
2023-05-15,P022,online,75,10.59,0,0,0
2023-05-22,P022,online,50,10.59,0,0,0
2023-05-29,P022,online,44,10.59,0,0,0
2023-06-05,P022,online,48,10.59,0,0,0
2023-06-12,P022,online,75,10.59,0,0,0
2023-06-19,P022,online,229,7.41,30,1,0
2023-06-26,P022,online,65,10.59,0,0,0
2023-07-03,P022,online,65,10.59,0,0,0
2023-07-10,P022,online,83,10.59,0,0,0
2023-07-17,P022,online,72,10.59,0,0,0
2023-07-24,P022,online,58,10.59,0,0,0
2023-07-31,P022,online,104,10.59,0,0,0
2023-08-07,P022,online,60,10.59,0,0,0
2023-08-14,P022,online,71,10.59,0,0,0
2023-08-21,P022,online,91,10.59,0,0,0
2023-08-28,P022,online,79,10.59,0,0,0
2023-09-04,P022,online,68,9.0,15,1,0
2023-09-11,P022,online,58,10.59,0,0,0
2023-09-18,P022,online,80,10.59,0,0,0
2023-09-25,P022,online,59,10.59,0,0,0
2023-10-02,P022,online,87,9.53,10,1,0
2023-10-09,P022,online,56,10.59,0,0,0
2023-10-16,P022,online,186,7.41,30,1,0
2023-10-23,P022,online,66,10.59,0,0,0
2023-10-30,P022,online,56,10.59,0,0,0
2023-11-06,P022,online,51,10.59,0,0,0
2023-11-13,P022,online,67,10.59,0,0,0
2023-11-20,P022,online,54,10.59,0,0,0
2023-11-27,P022,online,75,10.59,0,0,0
2023-12-04,P022,online,43,10.59,0,0,0
2023-12-11,P022,online,58,10.59,0,0,0
2023-12-18,P022,online,58,10.59,0,0,0
2023-12-25,P022,online,61,10.59,0,0,0
2024-01-01,P022,online,69,10.59,0,0,0
2024-01-08,P022,online,43,10.59,0,0,0
2024-01-15,P022,online,80,10.59,0,0,0
2024-01-22,P022,online,170,7.41,30,1,0
2024-01-29,P022,online,53,10.59,0,0,0
2024-02-05,P022,online,131,9.0,15,1,0
2024-02-12,P022,online,47,10.59,0,0,0
2024-02-19,P022,online,43,10.59,0,0,0
2024-02-26,P022,online,53,10.59,0,0,0
2024-03-04,P022,online,91,10.59,0,0,0
2024-03-11,P022,online,86,10.59,0,0,0
2024-03-18,P022,online,128,9.0,15,1,0
2024-03-25,P022,online,80,10.59,0,0,0
2024-04-01,P022,online,67,10.59,0,0,0
2024-04-08,P022,online,77,10.59,0,0,0
2024-04-15,P022,online,81,10.59,0,0,0
2024-04-22,P022,online,112,8.47,20,1,0
2024-04-29,P022,online,68,10.59,0,0,0
2024-05-06,P022,online,61,10.59,0,0,0
2024-05-13,P022,online,93,9.53,10,1,0
2024-05-20,P022,online,57,10.59,0,0,0
2024-05-27,P022,online,89,10.59,0,0,0
2024-06-03,P022,online,120,9.0,15,1,0
2024-06-10,P022,online,52,10.59,0,0,0
2024-06-17,P022,online,61,10.59,0,0,0
2024-06-24,P022,online,88,10.59,0,0,0
2024-07-01,P022,online,182,7.94,25,1,0
2024-07-08,P022,online,64,10.59,0,0,0
2024-07-15,P022,online,65,10.59,0,0,0
2024-07-22,P022,online,54,10.59,0,0,0
2024-07-29,P022,online,65,10.59,0,0,0
2024-08-05,P022,online,74,10.59,0,0,0
2024-08-12,P022,online,92,10.59,0,0,0
2024-08-19,P022,online,59,10.59,0,0,0
2024-08-26,P022,online,108,10.59,0,0,0
2024-09-02,P022,online,68,10.59,0,0,0
2024-09-09,P022,online,63,10.59,0,0,0
2024-09-16,P022,online,64,10.59,0,0,0
2024-09-23,P022,online,63,10.59,0,0,0
2024-09-30,P022,online,97,10.59,0,0,0
2024-10-07,P022,online,76,10.59,0,0,0
2024-10-14,P022,online,124,9.0,15,1,0
2024-10-21,P022,online,57,10.59,0,0,0
2024-10-28,P022,online,75,10.59,0,0,0
2024-11-04,P022,online,69,10.59,0,0,0
2024-11-11,P022,online,88,10.59,0,0,0
2024-11-18,P022,online,71,9.53,10,1,0
2024-11-25,P022,online,52,10.59,0,0,0
2024-12-02,P022,online,62,10.59,0,0,0
2024-12-09,P022,online,140,9.0,15,1,0
2024-12-16,P022,online,56,10.59,0,0,0
2024-12-23,P022,online,76,10.59,0,0,0
2024-12-30,P022,online,64,10.59,0,0,0
2025-01-06,P022,online,78,10.59,0,0,0
2025-01-13,P022,online,77,10.59,0,0,0
2025-01-20,P022,online,53,10.59,0,0,0
2025-01-27,P022,online,54,10.59,0,0,0
2025-02-03,P022,online,58,10.59,0,0,0
2025-02-10,P022,online,72,10.59,0,0,0
2025-02-17,P022,online,72,10.59,0,0,0
2025-02-24,P022,online,82,10.59,0,0,0
2025-03-03,P022,online,124,7.94,25,1,0
2025-03-10,P022,online,108,10.59,0,0,0
2025-03-17,P022,online,96,10.59,0,0,0
2025-03-24,P022,online,59,10.59,0,0,0
2025-03-31,P022,online,76,10.59,0,0,0
2025-04-07,P022,online,167,9.0,15,1,0
2025-04-14,P022,online,48,10.59,0,0,0
2025-04-21,P022,online,97,10.59,0,0,0
2025-04-28,P022,online,117,10.59,0,0,0
2025-05-05,P022,online,92,10.59,0,0,0
2025-05-12,P022,online,60,10.59,0,0,0
2025-05-19,P022,online,68,10.59,0,0,0
2025-05-26,P022,online,67,10.59,0,0,0
2025-06-02,P022,online,70,10.59,0,0,0
2025-06-09,P022,online,73,10.59,0,0,0
2025-06-16,P022,online,84,10.59,0,0,0
2025-06-23,P022,online,39,10.59,0,0,0
2025-06-30,P022,online,114,8.47,20,1,0
2025-07-07,P022,online,60,10.59,0,0,0
2025-07-14,P022,online,52,10.59,0,0,0
2025-07-21,P022,online,95,10.59,0,0,0
2025-07-28,P022,online,61,10.59,0,0,0
2025-08-04,P022,online,119,10.59,0,0,0
2025-08-11,P022,online,69,10.59,0,0,0
2025-08-18,P022,online,82,10.59,0,0,0
2025-08-25,P022,online,84,10.59,0,0,0
2025-09-01,P022,online,115,10.59,0,0,0
2025-09-08,P022,online,92,10.59,0,0,0
2025-09-15,P022,online,114,10.59,0,0,0
2025-09-22,P022,online,76,10.59,0,0,0
2025-09-29,P022,online,83,10.59,0,0,0
2025-10-06,P022,online,70,10.59,0,0,0
2025-10-13,P022,online,105,10.59,0,0,0
2025-10-20,P022,online,56,10.59,0,0,0
2025-10-27,P022,online,93,10.59,0,0,0
2025-11-03,P022,online,146,8.47,20,1,0
2025-11-10,P022,online,89,10.59,0,0,0
2025-11-17,P022,online,100,10.59,0,0,0
2025-11-24,P022,online,74,10.59,0,0,0
2025-12-01,P022,online,83,10.59,0,0,0
2025-12-08,P022,online,81,10.59,0,0,0
2025-12-15,P022,online,91,10.59,0,0,0
2025-12-22,P022,online,97,10.59,0,0,0
2023-01-02,P023,store,122,8.63,0,0,0
2023-01-09,P023,store,173,8.63,0,0,0
2023-01-16,P023,store,155,8.63,0,0,0
2023-01-23,P023,store,195,8.63,0,0,0
2023-01-30,P023,store,124,8.63,0,0,0
2023-02-06,P023,store,162,7.34,15,1,0
2023-02-13,P023,store,101,8.63,0,0,0
2023-02-20,P023,store,104,8.63,0,0,0
2023-02-27,P023,store,107,8.63,0,0,0
2023-03-06,P023,store,114,8.63,0,0,0
2023-03-13,P023,store,103,8.63,0,0,0
2023-03-20,P023,store,227,6.9,20,1,0
2023-03-27,P023,store,101,8.63,0,0,0
2023-04-03,P023,store,98,8.63,0,0,0
2023-04-10,P023,store,128,8.63,0,0,0
2023-04-17,P023,store,118,8.63,0,0,0
2023-04-24,P023,store,117,8.63,0,0,0
2023-05-01,P023,store,233,7.34,15,1,0
2023-05-08,P023,store,92,8.63,0,0,0
2023-05-15,P023,store,152,8.63,0,0,0
2023-05-22,P023,store,149,8.63,0,0,0
2023-05-29,P023,store,101,8.63,0,0,0
2023-06-05,P023,store,103,8.63,0,0,0
2023-06-12,P023,store,211,7.34,15,1,0
2023-06-19,P023,store,101,8.63,0,0,0
2023-06-26,P023,store,128,8.63,0,0,0
2023-07-03,P023,store,246,7.77,10,1,0
2023-07-10,P023,store,108,8.63,0,0,0
2023-07-17,P023,store,74,8.63,0,0,0
2023-07-24,P023,store,152,8.63,0,0,0
2023-07-31,P023,store,119,8.63,0,0,0
2023-08-07,P023,store,216,8.63,0,0,0
2023-08-14,P023,store,142,8.63,0,0,0
2023-08-21,P023,store,151,8.63,0,0,0
2023-08-28,P023,store,274,6.47,25,1,0
2023-09-04,P023,store,65,8.63,0,0,0
2023-09-11,P023,store,171,8.63,0,0,0
2023-09-18,P023,store,152,8.63,0,0,0
2023-09-25,P023,store,252,7.34,15,1,0
2023-10-02,P023,store,82,8.63,0,0,0
2023-10-09,P023,store,109,8.63,0,0,0
2023-10-16,P023,store,111,8.63,0,0,0
2023-10-23,P023,store,129,8.63,0,0,0
2023-10-30,P023,store,123,8.63,0,0,0
2023-11-06,P023,store,93,8.63,0,0,0
2023-11-13,P023,store,116,8.63,0,0,0
2023-11-20,P023,store,100,8.63,0,0,0
2023-11-27,P023,store,127,8.63,0,0,0
2023-12-04,P023,store,116,8.63,0,0,0
2023-12-11,P023,store,132,8.63,0,0,0
2023-12-18,P023,store,123,8.63,0,0,0
2023-12-25,P023,store,379,6.04,30,1,0
2024-01-01,P023,store,79,8.63,0,0,0
2024-01-08,P023,store,124,8.63,0,0,0
2024-01-15,P023,store,114,8.63,0,0,0
2024-01-22,P023,store,128,8.63,0,0,0
2024-01-29,P023,store,134,8.63,0,0,0
2024-02-05,P023,store,133,8.63,0,0,0
2024-02-12,P023,store,123,8.63,0,0,0
2024-02-19,P023,store,104,8.63,0,0,0
2024-02-26,P023,store,159,8.63,0,0,0
2024-03-04,P023,store,406,6.47,25,1,0
2024-03-11,P023,store,152,8.63,0,0,0
2024-03-18,P023,store,221,7.77,10,1,0
2024-03-25,P023,store,94,8.63,0,0,0
2024-04-01,P023,store,165,8.63,0,0,0
2024-04-08,P023,store,325,6.47,25,1,0
2024-04-15,P023,store,84,8.63,0,0,0
2024-04-22,P023,store,120,8.63,0,0,0
2024-04-29,P023,store,398,6.04,30,1,0
2024-05-06,P023,store,105,8.63,0,0,0
2024-05-13,P023,store,473,6.04,30,1,0
2024-05-20,P023,store,136,8.63,0,0,0
2024-05-27,P023,store,102,8.63,0,0,0
2024-06-03,P023,store,226,8.63,0,0,0
2024-06-10,P023,store,132,8.63,0,0,0
2024-06-17,P023,store,150,8.63,0,0,0
2024-06-24,P023,store,107,8.63,0,0,0
2024-07-01,P023,store,174,8.63,0,0,0
2024-07-08,P023,store,128,8.63,0,0,0
2024-07-15,P023,store,108,8.63,0,0,0
2024-07-22,P023,store,144,8.63,0,0,0
2024-07-29,P023,store,128,8.63,0,0,0
2024-08-05,P023,store,127,8.63,0,0,0
2024-08-12,P023,store,153,8.63,0,0,0
2024-08-19,P023,store,122,8.63,0,0,0
2024-08-26,P023,store,418,6.04,30,1,0
2024-09-02,P023,store,99,8.63,0,0,0
2024-09-09,P023,store,79,8.63,0,0,0
2024-09-16,P023,store,55,8.63,0,0,0
2024-09-23,P023,store,99,8.63,0,0,0
2024-09-30,P023,store,305,6.47,25,1,0
2024-10-07,P023,store,133,8.63,0,0,0
2024-10-14,P023,store,135,8.63,0,0,0
2024-10-21,P023,store,123,8.63,0,0,0
2024-10-28,P023,store,139,8.63,0,0,0
2024-11-04,P023,store,99,8.63,0,0,0
2024-11-11,P023,store,185,8.63,0,0,0
2024-11-18,P023,store,398,6.04,30,1,0
2024-11-25,P023,store,79,8.63,0,0,0
2024-12-02,P023,store,101,8.63,0,0,0
2024-12-09,P023,store,96,8.63,0,0,0
2024-12-16,P023,store,145,8.63,0,0,0
2024-12-23,P023,store,190,7.34,15,1,0
2024-12-30,P023,store,109,8.63,0,0,0
2025-01-06,P023,store,235,7.77,10,1,0
2025-01-13,P023,store,80,8.63,0,0,0
2025-01-20,P023,store,125,8.63,0,0,0
2025-01-27,P023,store,128,8.63,0,0,0
2025-02-03,P023,store,99,8.63,0,0,0
2025-02-10,P023,store,125,8.63,0,0,0
2025-02-17,P023,store,75,8.63,0,0,0
2025-02-24,P023,store,86,8.63,0,0,0
2025-03-03,P023,store,124,8.63,0,0,0
2025-03-10,P023,store,123,8.63,0,0,0
2025-03-17,P023,store,98,8.63,0,0,0
2025-03-24,P023,store,122,8.63,0,0,0
2025-03-31,P023,store,278,6.47,25,1,0
2025-04-07,P023,store,129,8.63,0,0,0
2025-04-14,P023,store,108,8.63,0,0,0
2025-04-21,P023,store,131,8.63,0,0,0
2025-04-28,P023,store,130,8.63,0,0,0
2025-05-05,P023,store,187,7.77,10,1,0
2025-05-12,P023,store,100,8.63,0,0,0
2025-05-19,P023,store,110,8.63,0,0,0
2025-05-26,P023,store,245,6.9,20,1,0
2025-06-02,P023,store,154,8.63,0,0,0
2025-06-09,P023,store,95,8.63,0,0,0
2025-06-16,P023,store,102,8.63,0,0,0
2025-06-23,P023,store,141,8.63,0,0,0
2025-06-30,P023,store,133,8.63,0,0,0
2025-07-07,P023,store,133,8.63,0,0,0
2025-07-14,P023,store,144,8.63,0,0,0
2025-07-21,P023,store,143,8.63,0,0,0
2025-07-28,P023,store,116,8.63,0,0,0
2025-08-04,P023,store,194,7.34,15,1,0
2025-08-11,P023,store,119,8.63,0,0,0
2025-08-18,P023,store,113,8.63,0,0,0
2025-08-25,P023,store,76,8.63,0,0,0
2025-09-01,P023,store,122,8.63,0,0,0
2025-09-08,P023,store,171,7.77,10,1,0
2025-09-15,P023,store,146,8.63,0,0,0
2025-09-22,P023,store,139,7.77,10,1,0
2025-09-29,P023,store,124,8.63,0,0,0
2025-10-06,P023,store,163,8.63,0,0,0
2025-10-13,P023,store,133,8.63,0,0,0
2025-10-20,P023,store,107,8.63,0,0,0
2025-10-27,P023,store,104,8.63,0,0,0
2025-11-03,P023,store,194,7.77,10,1,0
2025-11-10,P023,store,116,8.63,0,0,0
2025-11-17,P023,store,111,8.63,0,0,0
2025-11-24,P023,store,99,8.63,0,0,0
2025-12-01,P023,store,127,8.63,0,0,0
2025-12-08,P023,store,167,8.63,0,0,0
2025-12-15,P023,store,200,6.9,20,1,0
2025-12-22,P023,store,98,8.63,0,0,0
2023-01-02,P023,online,28,8.63,0,0,0
2023-01-09,P023,online,38,8.63,0,0,0
2023-01-16,P023,online,53,8.63,0,0,0
2023-01-23,P023,online,25,8.63,0,0,0
2023-01-30,P023,online,39,8.63,0,0,0
2023-02-06,P023,online,32,8.63,0,0,0
2023-02-13,P023,online,48,8.63,0,0,0
2023-02-20,P023,online,53,8.63,0,0,0
2023-02-27,P023,online,50,8.63,0,0,0
2023-03-06,P023,online,64,8.63,0,0,0
2023-03-13,P023,online,50,8.63,0,0,0
2023-03-20,P023,online,29,8.63,0,0,0
2023-03-27,P023,online,53,8.63,0,0,0
2023-04-03,P023,online,55,7.77,10,1,0
2023-04-10,P023,online,51,8.63,0,0,0
2023-04-17,P023,online,93,6.47,25,1,0
2023-04-24,P023,online,31,8.63,0,0,0
2023-05-01,P023,online,51,8.63,0,0,0
2023-05-08,P023,online,51,8.63,0,0,0
2023-05-15,P023,online,90,6.47,25,1,0
2023-05-22,P023,online,29,8.63,0,0,0
2023-05-29,P023,online,38,8.63,0,0,0
2023-06-05,P023,online,46,8.63,0,0,0
2023-06-12,P023,online,39,8.63,0,0,0
2023-06-19,P023,online,149,6.47,25,1,0
2023-06-26,P023,online,44,8.63,0,0,0
2023-07-03,P023,online,44,8.63,0,0,0
2023-07-10,P023,online,32,8.63,0,0,0
2023-07-17,P023,online,24,8.63,0,0,0
2023-07-24,P023,online,38,8.63,0,0,0
2023-07-31,P023,online,52,8.63,0,0,0
2023-08-07,P023,online,101,6.04,30,1,0
2023-08-14,P023,online,37,8.63,0,0,0
2023-08-21,P023,online,42,8.63,0,0,0
2023-08-28,P023,online,87,6.47,25,1,0
2023-09-04,P023,online,65,8.63,0,0,0
2023-09-11,P023,online,42,8.63,0,0,0
2023-09-18,P023,online,40,8.63,0,0,0
2023-09-25,P023,online,59,8.63,0,0,0
2023-10-02,P023,online,50,8.63,0,0,0
2023-10-09,P023,online,119,6.47,25,1,0
2023-10-16,P023,online,33,8.63,0,0,0
2023-10-23,P023,online,53,8.63,0,0,0
2023-10-30,P023,online,49,8.63,0,0,0
2023-11-06,P023,online,32,8.63,0,0,0
2023-11-13,P023,online,31,8.63,0,0,0
2023-11-20,P023,online,41,8.63,0,0,0
2023-11-27,P023,online,43,8.63,0,0,0
2023-12-04,P023,online,139,6.04,30,1,0
2023-12-11,P023,online,45,8.63,0,0,0
2023-12-18,P023,online,44,8.63,0,0,0
2023-12-25,P023,online,32,8.63,0,0,0
2024-01-01,P023,online,38,8.63,0,0,0
2024-01-08,P023,online,47,8.63,0,0,0
2024-01-15,P023,online,35,8.63,0,0,0
2024-01-22,P023,online,29,8.63,0,0,0
2024-01-29,P023,online,67,8.63,0,0,0
2024-02-05,P023,online,35,8.63,0,0,0
2024-02-12,P023,online,47,8.63,0,0,0
2024-02-19,P023,online,30,8.63,0,0,0
2024-02-26,P023,online,43,8.63,0,0,0
2024-03-04,P023,online,40,8.63,0,0,0
2024-03-11,P023,online,78,6.9,20,1,0
2024-03-18,P023,online,30,8.63,0,0,0
2024-03-25,P023,online,55,8.63,0,0,0
2024-04-01,P023,online,48,8.63,0,0,0
2024-04-08,P023,online,95,6.47,25,1,0
2024-04-15,P023,online,42,8.63,0,0,0
2024-04-22,P023,online,162,6.47,25,1,0
2024-04-29,P023,online,30,8.63,0,0,0
2024-05-06,P023,online,50,8.63,0,0,0
2024-05-13,P023,online,59,8.63,0,0,0
2024-05-20,P023,online,63,8.63,0,0,0
2024-05-27,P023,online,55,8.63,0,0,0
2024-06-03,P023,online,103,6.9,20,1,0
2024-06-10,P023,online,48,8.63,0,0,0
2024-06-17,P023,online,43,8.63,0,0,0
2024-06-24,P023,online,56,8.63,0,0,0
2024-07-01,P023,online,83,6.47,25,1,0
2024-07-08,P023,online,37,8.63,0,0,0
2024-07-15,P023,online,68,8.63,0,0,0
2024-07-22,P023,online,158,6.04,30,1,0
2024-07-29,P023,online,32,8.63,0,0,0
2024-08-05,P023,online,58,8.63,0,0,0
2024-08-12,P023,online,51,8.63,0,0,0
2024-08-19,P023,online,51,8.63,0,0,0
2024-08-26,P023,online,85,7.34,15,1,0
2024-09-02,P023,online,46,8.63,0,0,0
2024-09-09,P023,online,67,8.63,0,0,0
2024-09-16,P023,online,58,8.63,0,0,0
2024-09-23,P023,online,39,8.63,0,0,0
2024-09-30,P023,online,46,8.63,0,0,0
2024-10-07,P023,online,30,8.63,0,0,0
2024-10-14,P023,online,44,8.63,0,0,0
2024-10-21,P023,online,42,8.63,0,0,0
2024-10-28,P023,online,26,8.63,0,0,0
2024-11-04,P023,online,54,8.63,0,0,0
2024-11-11,P023,online,64,8.63,0,0,0
2024-11-18,P023,online,57,8.63,0,0,0
2024-11-25,P023,online,61,8.63,0,0,0
2024-12-02,P023,online,130,6.47,25,1,0
2024-12-09,P023,online,40,8.63,0,0,0
2024-12-16,P023,online,43,8.63,0,0,0
2024-12-23,P023,online,43,8.63,0,0,0
2024-12-30,P023,online,128,6.47,25,1,0
2025-01-06,P023,online,43,8.63,0,0,0
2025-01-13,P023,online,44,8.63,0,0,0
2025-01-20,P023,online,50,8.63,0,0,0
2025-01-27,P023,online,40,8.63,0,0,0
2025-02-03,P023,online,40,8.63,0,0,0
2025-02-10,P023,online,58,8.63,0,0,0
2025-02-17,P023,online,42,8.63,0,0,0
2025-02-24,P023,online,61,8.63,0,0,0
2025-03-03,P023,online,42,8.63,0,0,0
2025-03-10,P023,online,51,8.63,0,0,0
2025-03-17,P023,online,55,8.63,0,0,0
2025-03-24,P023,online,188,6.04,30,1,0
2025-03-31,P023,online,49,8.63,0,0,0
2025-04-07,P023,online,129,6.9,20,1,0
2025-04-14,P023,online,41,8.63,0,0,0
2025-04-21,P023,online,80,8.63,0,0,0
2025-04-28,P023,online,87,8.63,0,0,0
2025-05-05,P023,online,53,8.63,0,0,0
2025-05-12,P023,online,75,8.63,0,0,0
2025-05-19,P023,online,58,8.63,0,0,0
2025-05-26,P023,online,112,6.04,30,1,0
2025-06-02,P023,online,62,8.63,0,0,0
2025-06-09,P023,online,49,8.63,0,0,0
2025-06-16,P023,online,81,8.63,0,0,0
2025-06-23,P023,online,78,8.63,0,0,0
2025-06-30,P023,online,37,8.63,0,0,0
2025-07-07,P023,online,73,8.63,0,0,0
2025-07-14,P023,online,53,8.63,0,0,0
2025-07-21,P023,online,55,8.63,0,0,0
2025-07-28,P023,online,44,8.63,0,0,0
2025-08-04,P023,online,49,8.63,0,0,0
2025-08-11,P023,online,62,8.63,0,0,0
2025-08-18,P023,online,42,8.63,0,0,0
2025-08-25,P023,online,67,8.63,0,0,0
2025-09-01,P023,online,56,8.63,0,0,0
2025-09-08,P023,online,56,8.63,0,0,0
2025-09-15,P023,online,49,8.63,0,0,0
2025-09-22,P023,online,67,8.63,0,0,0
2025-09-29,P023,online,43,8.63,0,0,0
2025-10-06,P023,online,89,8.63,0,0,0
2025-10-13,P023,online,55,8.63,0,0,0
2025-10-20,P023,online,66,8.63,0,0,0
2025-10-27,P023,online,47,8.63,0,0,0
2025-11-03,P023,online,57,8.63,0,0,0
2025-11-10,P023,online,62,8.63,0,0,0
2025-11-17,P023,online,55,8.63,0,0,0
2025-11-24,P023,online,64,8.63,0,0,0
2025-12-01,P023,online,43,8.63,0,0,0
2025-12-08,P023,online,116,6.04,30,1,0
2025-12-15,P023,online,54,8.63,0,0,0
2025-12-22,P023,online,143,6.04,30,1,0
2023-01-02,P024,store,98,4.46,0,0,0
2023-01-09,P024,store,127,4.01,10,1,0
2023-01-16,P024,store,88,4.46,0,0,0
2023-01-23,P024,store,101,4.46,0,0,0
2023-01-30,P024,store,93,4.46,0,0,0
2023-02-06,P024,store,122,4.46,0,0,0
2023-02-13,P024,store,102,4.46,0,0,0
2023-02-20,P024,store,142,4.46,0,0,0
2023-02-27,P024,store,95,4.46,0,0,0
2023-03-06,P024,store,101,4.46,0,0,0
2023-03-13,P024,store,143,4.46,0,0,0
2023-03-20,P024,store,234,4.01,10,1,0
2023-03-27,P024,store,74,4.46,0,0,0
2023-04-03,P024,store,124,4.46,0,0,0
2023-04-10,P024,store,105,4.46,0,0,0
2023-04-17,P024,store,108,4.46,0,0,0
2023-04-24,P024,store,117,4.46,0,0,0
2023-05-01,P024,store,111,4.46,0,0,0
2023-05-08,P024,store,86,4.46,0,0,0
2023-05-15,P024,store,143,4.46,0,0,0
2023-05-22,P024,store,85,4.46,0,0,0
2023-05-29,P024,store,113,4.46,0,0,0
2023-06-05,P024,store,120,4.46,0,0,0
2023-06-12,P024,store,106,4.46,0,0,0
2023-06-19,P024,store,112,4.46,0,0,0
2023-06-26,P024,store,152,4.46,0,0,0
2023-07-03,P024,store,390,3.12,30,1,0
2023-07-10,P024,store,115,4.46,0,0,0
2023-07-17,P024,store,129,4.46,0,0,0
2023-07-24,P024,store,149,4.46,0,0,0
2023-07-31,P024,store,149,4.46,0,0,0
2023-08-07,P024,store,118,4.46,0,0,0
2023-08-14,P024,store,119,4.46,0,0,0
2023-08-21,P024,store,84,4.46,0,0,0
2023-08-28,P024,store,119,4.46,0,0,0
2023-09-04,P024,store,121,4.46,0,0,0
2023-09-11,P024,store,173,4.46,0,0,0
2023-09-18,P024,store,103,4.46,0,0,0
2023-09-25,P024,store,101,4.46,0,0,0
2023-10-02,P024,store,142,4.46,0,0,0
2023-10-09,P024,store,123,4.46,0,0,0
2023-10-16,P024,store,109,4.46,0,0,0
2023-10-23,P024,store,79,4.46,0,0,0
2023-10-30,P024,store,80,4.46,0,0,0
2023-11-06,P024,store,124,4.46,0,0,0
2023-11-13,P024,store,227,3.34,25,1,0
2023-11-20,P024,store,83,4.46,0,0,0
2023-11-27,P024,store,98,4.46,0,0,0
2023-12-04,P024,store,135,3.79,15,1,0
2023-12-11,P024,store,72,4.46,0,0,0
2023-12-18,P024,store,81,4.46,0,0,0
2023-12-25,P024,store,98,4.46,0,0,0
2024-01-01,P024,store,98,4.46,0,0,0
2024-01-08,P024,store,108,4.46,0,0,0
2024-01-15,P024,store,131,4.46,0,0,0
2024-01-22,P024,store,100,4.46,0,0,0
2024-01-29,P024,store,140,4.46,0,0,0
2024-02-05,P024,store,197,3.79,15,1,0
2024-02-12,P024,store,113,4.46,0,0,0
2024-02-19,P024,store,159,4.46,0,0,0
2024-02-26,P024,store,403,3.12,30,1,0
2024-03-04,P024,store,83,4.46,0,0,0
2024-03-11,P024,store,100,4.46,0,0,0
2024-03-18,P024,store,92,4.46,0,0,0
2024-03-25,P024,store,108,4.46,0,0,0
2024-04-01,P024,store,234,3.79,15,1,0
2024-04-08,P024,store,104,4.46,0,0,0
2024-04-15,P024,store,99,4.46,0,0,0
2024-04-22,P024,store,101,4.46,0,0,0
2024-04-29,P024,store,93,4.46,0,0,0
2024-05-06,P024,store,115,4.46,0,0,0
2024-05-13,P024,store,107,4.46,0,0,0
2024-05-20,P024,store,209,3.57,20,1,0
2024-05-27,P024,store,110,4.46,0,0,0
2024-06-03,P024,store,141,4.46,0,0,0
2024-06-10,P024,store,104,4.46,0,0,0
2024-06-17,P024,store,109,4.46,0,0,0
2024-06-24,P024,store,101,4.46,0,0,0
2024-07-01,P024,store,115,4.46,0,0,0
2024-07-08,P024,store,395,3.34,25,1,0
2024-07-15,P024,store,134,4.46,0,0,0
2024-07-22,P024,store,102,4.46,0,0,0
2024-07-29,P024,store,131,4.46,0,0,0
2024-08-05,P024,store,105,4.46,0,0,0
2024-08-12,P024,store,174,4.46,0,0,0
2024-08-19,P024,store,129,4.46,0,0,0
2024-08-26,P024,store,122,4.46,0,0,0
2024-09-02,P024,store,118,4.46,0,0,0
2024-09-09,P024,store,136,4.46,0,0,0
2024-09-16,P024,store,74,4.46,0,0,0
2024-09-23,P024,store,90,4.46,0,0,0
2024-09-30,P024,store,100,4.46,0,0,0
2024-10-07,P024,store,147,4.46,0,0,0
2024-10-14,P024,store,138,4.46,0,0,0
2024-10-21,P024,store,90,4.46,0,0,0
2024-10-28,P024,store,106,4.46,0,0,0
2024-11-04,P024,store,77,4.46,0,0,0
2024-11-11,P024,store,93,4.46,0,0,0
2024-11-18,P024,store,98,4.46,0,0,0
2024-11-25,P024,store,192,3.57,20,1,0
2024-12-02,P024,store,87,4.46,0,0,0
2024-12-09,P024,store,95,4.46,0,0,0
2024-12-16,P024,store,155,4.46,0,0,0
2024-12-23,P024,store,119,4.46,0,0,0
2024-12-30,P024,store,105,4.46,0,0,0
2025-01-06,P024,store,108,4.46,0,0,0
2025-01-13,P024,store,176,4.46,0,0,0
2025-01-20,P024,store,155,4.46,0,0,0
2025-01-27,P024,store,94,4.46,0,0,0
2025-02-03,P024,store,104,4.46,0,0,0
2025-02-10,P024,store,92,4.46,0,0,0
2025-02-17,P024,store,104,4.46,0,0,0
2025-02-24,P024,store,147,4.46,0,0,0
2025-03-03,P024,store,108,4.46,0,0,0
2025-03-10,P024,store,115,4.46,0,0,0
2025-03-17,P024,store,121,4.01,10,1,0
2025-03-24,P024,store,76,4.46,0,0,0
2025-03-31,P024,store,115,4.46,0,0,0
2025-04-07,P024,store,119,4.46,0,0,0
2025-04-14,P024,store,142,4.46,0,0,0
2025-04-21,P024,store,134,4.46,0,0,0
2025-04-28,P024,store,108,4.46,0,0,0
2025-05-05,P024,store,123,4.46,0,0,0
2025-05-12,P024,store,204,3.57,20,1,0
2025-05-19,P024,store,72,4.46,0,0,0
2025-05-26,P024,store,170,4.01,10,1,0
2025-06-02,P024,store,125,4.46,0,0,0
2025-06-09,P024,store,119,4.46,0,0,0
2025-06-16,P024,store,140,3.79,15,1,0
2025-06-23,P024,store,109,4.46,0,0,0
2025-06-30,P024,store,124,4.46,0,0,0
2025-07-07,P024,store,103,4.46,0,0,0
2025-07-14,P024,store,263,3.34,25,1,0
2025-07-21,P024,store,106,4.46,0,0,0
2025-07-28,P024,store,88,4.46,0,0,0
2025-08-04,P024,store,126,4.46,0,0,0
2025-08-11,P024,store,312,3.34,25,1,0
2025-08-18,P024,store,81,4.46,0,0,0
2025-08-25,P024,store,118,4.46,0,0,0
2025-09-01,P024,store,107,4.46,0,0,0
2025-09-08,P024,store,145,4.46,0,0,0
2025-09-15,P024,store,89,4.46,0,0,0
2025-09-22,P024,store,87,4.46,0,0,0
2025-09-29,P024,store,130,4.46,0,0,0
2025-10-06,P024,store,130,4.46,0,0,0
2025-10-13,P024,store,107,4.46,0,0,0
2025-10-20,P024,store,74,4.46,0,0,0
2025-10-27,P024,store,122,4.46,0,0,0
2025-11-03,P024,store,95,4.46,0,0,0
2025-11-10,P024,store,82,4.46,0,0,0
2025-11-17,P024,store,96,4.46,0,0,0
2025-11-24,P024,store,82,4.46,0,0,0
2025-12-01,P024,store,166,3.79,15,1,0
2025-12-08,P024,store,91,4.46,0,0,0
2025-12-15,P024,store,84,4.46,0,0,0
2025-12-22,P024,store,170,4.46,0,0,0
2023-01-02,P024,online,63,4.46,0,0,0
2023-01-09,P024,online,64,4.46,0,0,0
2023-01-16,P024,online,90,3.79,15,1,0
2023-01-23,P024,online,64,4.46,0,0,0
2023-01-30,P024,online,67,4.46,0,0,0
2023-02-06,P024,online,67,4.46,0,0,0
2023-02-13,P024,online,105,3.79,15,1,0
2023-02-20,P024,online,58,4.46,0,0,0
2023-02-27,P024,online,77,4.46,0,0,0
2023-03-06,P024,online,60,4.46,0,0,0
2023-03-13,P024,online,54,4.46,0,0,0
2023-03-20,P024,online,91,4.46,0,0,0
2023-03-27,P024,online,75,4.46,0,0,0
2023-04-03,P024,online,72,4.46,0,0,0
2023-04-10,P024,online,56,4.46,0,0,0
2023-04-17,P024,online,70,4.46,0,0,0
2023-04-24,P024,online,81,4.46,0,0,0
2023-05-01,P024,online,61,4.46,0,0,0
2023-05-08,P024,online,48,4.46,0,0,0
2023-05-15,P024,online,66,4.46,0,0,0
2023-05-22,P024,online,64,4.46,0,0,0
2023-05-29,P024,online,73,4.46,0,0,0
2023-06-05,P024,online,66,4.46,0,0,0
2023-06-12,P024,online,60,4.46,0,0,0
2023-06-19,P024,online,82,4.46,0,0,0
2023-06-26,P024,online,71,4.46,0,0,0
2023-07-03,P024,online,134,3.34,25,1,0
2023-07-10,P024,online,84,4.46,0,0,0
2023-07-17,P024,online,67,4.46,0,0,0
2023-07-24,P024,online,104,4.01,10,1,0
2023-07-31,P024,online,65,4.46,0,0,0
2023-08-07,P024,online,58,4.46,0,0,0
2023-08-14,P024,online,55,4.46,0,0,0
2023-08-21,P024,online,53,4.46,0,0,0
2023-08-28,P024,online,141,3.57,20,1,0
2023-09-04,P024,online,91,4.46,0,0,0
2023-09-11,P024,online,63,4.46,0,0,0
2023-09-18,P024,online,44,4.46,0,0,0
2023-09-25,P024,online,49,4.46,0,0,0
2023-10-02,P024,online,72,4.46,0,0,0
2023-10-09,P024,online,83,4.46,0,0,0
2023-10-16,P024,online,57,4.46,0,0,0
2023-10-23,P024,online,59,4.46,0,0,0
2023-10-30,P024,online,82,4.46,0,0,0
2023-11-06,P024,online,85,3.79,15,1,0
2023-11-13,P024,online,60,4.46,0,0,0
2023-11-20,P024,online,74,4.46,0,0,0
2023-11-27,P024,online,78,4.46,0,0,0
2023-12-04,P024,online,59,4.46,0,0,0
2023-12-11,P024,online,70,4.46,0,0,0
2023-12-18,P024,online,68,4.46,0,0,0
2023-12-25,P024,online,99,4.46,0,0,0
2024-01-01,P024,online,79,4.46,0,0,0
2024-01-08,P024,online,89,4.46,0,0,0
2024-01-15,P024,online,67,4.46,0,0,0
2024-01-22,P024,online,121,3.34,25,1,0
2024-01-29,P024,online,61,4.46,0,0,0
2024-02-05,P024,online,74,4.46,0,0,0
2024-02-12,P024,online,85,4.46,0,0,0
2024-02-19,P024,online,150,3.12,30,1,0
2024-02-26,P024,online,65,4.46,0,0,0
2024-03-04,P024,online,127,3.79,15,1,0
2024-03-11,P024,online,100,4.46,0,0,0
2024-03-18,P024,online,180,3.34,25,1,0
2024-03-25,P024,online,57,4.46,0,0,0
2024-04-01,P024,online,198,3.12,30,1,0
2024-04-08,P024,online,74,4.46,0,0,0
2024-04-15,P024,online,71,4.46,0,0,0
2024-04-22,P024,online,75,4.46,0,0,0
2024-04-29,P024,online,83,4.46,0,0,0
2024-05-06,P024,online,80,4.46,0,0,0
2024-05-13,P024,online,91,4.46,0,0,0
2024-05-20,P024,online,128,4.46,0,0,0
2024-05-27,P024,online,46,4.46,0,0,0
2024-06-03,P024,online,104,4.46,0,0,0
2024-06-10,P024,online,59,4.46,0,0,0
2024-06-17,P024,online,60,4.46,0,0,0
2024-06-24,P024,online,99,4.46,0,0,0
2024-07-01,P024,online,71,4.46,0,0,0
2024-07-08,P024,online,81,4.46,0,0,0
2024-07-15,P024,online,69,4.46,0,0,0
2024-07-22,P024,online,210,3.12,30,1,0
2024-07-29,P024,online,84,4.46,0,0,0
2024-08-05,P024,online,127,4.01,10,1,0
2024-08-12,P024,online,88,4.46,0,0,0
2024-08-19,P024,online,73,4.46,0,0,0
2024-08-26,P024,online,76,4.46,0,0,0
2024-09-02,P024,online,63,4.46,0,0,0
2024-09-09,P024,online,75,4.46,0,0,0
2024-09-16,P024,online,86,4.46,0,0,0
2024-09-23,P024,online,65,4.46,0,0,0
2024-09-30,P024,online,83,4.46,0,0,0
2024-10-07,P024,online,86,4.46,0,0,0
2024-10-14,P024,online,66,4.46,0,0,0
2024-10-21,P024,online,136,3.34,25,1,0
2024-10-28,P024,online,60,4.46,0,0,0
2024-11-04,P024,online,82,4.46,0,0,0
2024-11-11,P024,online,62,4.46,0,0,0
2024-11-18,P024,online,77,4.46,0,0,0
2024-11-25,P024,online,78,4.46,0,0,0
2024-12-02,P024,online,65,4.46,0,0,0
2024-12-09,P024,online,79,4.46,0,0,0
2024-12-16,P024,online,71,4.46,0,0,0
2024-12-23,P024,online,48,4.46,0,0,0
2024-12-30,P024,online,67,4.46,0,0,0
2025-01-06,P024,online,80,4.46,0,0,0
2025-01-13,P024,online,77,4.46,0,0,0
2025-01-20,P024,online,69,4.46,0,0,0
2025-01-27,P024,online,102,4.46,0,0,0
2025-02-03,P024,online,80,4.46,0,0,0
2025-02-10,P024,online,75,4.46,0,0,0
2025-02-17,P024,online,144,3.57,20,1,0
2025-02-24,P024,online,55,4.46,0,0,0
2025-03-03,P024,online,199,3.12,30,1,0
2025-03-10,P024,online,62,4.46,0,0,0
2025-03-17,P024,online,103,4.46,0,0,0
2025-03-24,P024,online,67,4.46,0,0,0
2025-03-31,P024,online,184,3.34,25,1,0
2025-04-07,P024,online,94,4.46,0,0,0
2025-04-14,P024,online,75,4.46,0,0,0
2025-04-21,P024,online,88,4.46,0,0,0
2025-04-28,P024,online,97,4.01,10,1,0
2025-05-05,P024,online,91,4.46,0,0,0
2025-05-12,P024,online,137,4.46,0,0,0
2025-05-19,P024,online,62,4.46,0,0,0
2025-05-26,P024,online,91,4.46,0,0,0
2025-06-02,P024,online,112,4.46,0,0,0
2025-06-09,P024,online,87,4.46,0,0,0
2025-06-16,P024,online,89,4.46,0,0,0
2025-06-23,P024,online,187,3.57,20,1,0
2025-06-30,P024,online,43,4.46,0,0,0
2025-07-07,P024,online,90,4.46,0,0,0
2025-07-14,P024,online,168,3.57,20,1,0
2025-07-21,P024,online,94,4.46,0,0,0
2025-07-28,P024,online,105,4.46,0,0,0
2025-08-04,P024,online,104,4.46,0,0,0
2025-08-11,P024,online,71,4.46,0,0,0
2025-08-18,P024,online,80,4.46,0,0,0
2025-08-25,P024,online,65,4.46,0,0,0
2025-09-01,P024,online,83,4.46,0,0,0
2025-09-08,P024,online,94,4.46,0,0,0
2025-09-15,P024,online,96,4.46,0,0,0
2025-09-22,P024,online,150,3.34,25,1,0
2025-09-29,P024,online,79,4.46,0,0,0
2025-10-06,P024,online,68,4.46,0,0,0
2025-10-13,P024,online,92,4.46,0,0,0
2025-10-20,P024,online,75,4.46,0,0,0
2025-10-27,P024,online,99,4.46,0,0,0
2025-11-03,P024,online,99,4.46,0,0,0
2025-11-10,P024,online,69,4.46,0,0,0
2025-11-17,P024,online,88,4.46,0,0,0
2025-11-24,P024,online,62,4.46,0,0,0
2025-12-01,P024,online,87,4.46,0,0,0
2025-12-08,P024,online,70,4.46,0,0,0
2025-12-15,P024,online,100,4.46,0,0,0
2025-12-22,P024,online,111,4.46,0,0,0
2023-01-02,P025,store,66,4.27,0,0,0
2023-01-09,P025,store,61,4.27,0,0,0
2023-01-16,P025,store,45,4.27,0,0,0
2023-01-23,P025,store,83,4.27,0,0,0
2023-01-30,P025,store,94,4.27,0,0,0
2023-02-06,P025,store,64,4.27,0,0,0
2023-02-13,P025,store,67,4.27,0,0,0
2023-02-20,P025,store,97,3.63,15,1,0
2023-02-27,P025,store,52,4.27,0,0,0
2023-03-06,P025,store,129,3.63,15,1,0
2023-03-13,P025,store,84,4.27,0,0,0
2023-03-20,P025,store,60,4.27,0,0,0
2023-03-27,P025,store,82,4.27,0,0,0
2023-04-03,P025,store,150,3.42,20,1,0
2023-04-10,P025,store,46,4.27,0,0,0
2023-04-17,P025,store,74,4.27,0,0,0
2023-04-24,P025,store,214,3.2,25,1,0
2023-05-01,P025,store,59,4.27,0,0,0
2023-05-08,P025,store,77,4.27,0,0,0
2023-05-15,P025,store,87,4.27,0,0,0
2023-05-22,P025,store,100,4.27,0,0,0
2023-05-29,P025,store,95,4.27,0,0,0
2023-06-05,P025,store,60,4.27,0,0,0
2023-06-12,P025,store,132,4.27,0,0,0
2023-06-19,P025,store,134,3.2,25,1,0
2023-06-26,P025,store,105,4.27,0,0,0
2023-07-03,P025,store,132,4.27,0,0,0
2023-07-10,P025,store,97,4.27,0,0,0
2023-07-17,P025,store,60,4.27,0,0,0
2023-07-24,P025,store,101,4.27,0,0,0
2023-07-31,P025,store,76,4.27,0,0,0
2023-08-07,P025,store,77,4.27,0,0,0
2023-08-14,P025,store,77,4.27,0,0,0
2023-08-21,P025,store,77,4.27,0,0,0
2023-08-28,P025,store,66,4.27,0,0,0
2023-09-04,P025,store,116,4.27,0,0,0
2023-09-11,P025,store,141,3.42,20,1,0
2023-09-18,P025,store,80,4.27,0,0,0
2023-09-25,P025,store,50,4.27,0,0,0
2023-10-02,P025,store,103,4.27,0,0,0
2023-10-09,P025,store,74,4.27,0,0,0
2023-10-16,P025,store,95,4.27,0,0,0
2023-10-23,P025,store,87,4.27,0,0,0
2023-10-30,P025,store,68,4.27,0,0,0
2023-11-06,P025,store,71,4.27,0,0,0
2023-11-13,P025,store,92,4.27,0,0,0
2023-11-20,P025,store,68,4.27,0,0,0
2023-11-27,P025,store,58,4.27,0,0,0
2023-12-04,P025,store,81,4.27,0,0,0
2023-12-11,P025,store,69,4.27,0,0,0
2023-12-18,P025,store,87,4.27,0,0,0
2023-12-25,P025,store,63,4.27,0,0,0
2024-01-01,P025,store,82,3.84,10,1,0
2024-01-08,P025,store,59,4.27,0,0,0
2024-01-15,P025,store,89,4.27,0,0,0
2024-01-22,P025,store,79,4.27,0,0,0
2024-01-29,P025,store,89,4.27,0,0,0
2024-02-05,P025,store,79,4.27,0,0,0
2024-02-12,P025,store,123,4.27,0,0,0
2024-02-19,P025,store,87,4.27,0,0,0
2024-02-26,P025,store,92,4.27,0,0,0
2024-03-04,P025,store,92,4.27,0,0,0
2024-03-11,P025,store,168,3.2,25,1,0
2024-03-18,P025,store,74,4.27,0,0,0
2024-03-25,P025,store,63,4.27,0,0,0
2024-04-01,P025,store,96,4.27,0,0,0
2024-04-08,P025,store,90,4.27,0,0,0
2024-04-15,P025,store,79,4.27,0,0,0
2024-04-22,P025,store,64,4.27,0,0,0
2024-04-29,P025,store,80,4.27,0,0,0
2024-05-06,P025,store,49,4.27,0,0,0
2024-05-13,P025,store,67,4.27,0,0,0
2024-05-20,P025,store,114,4.27,0,0,0
2024-05-27,P025,store,134,3.63,15,1,0
2024-06-03,P025,store,74,4.27,0,0,0
2024-06-10,P025,store,92,4.27,0,0,0
2024-06-17,P025,store,113,4.27,0,0,0
2024-06-24,P025,store,146,2.99,30,1,0
2024-07-01,P025,store,83,4.27,0,0,0
2024-07-08,P025,store,87,4.27,0,0,0
2024-07-15,P025,store,93,4.27,0,0,0
2024-07-22,P025,store,78,4.27,0,0,0
2024-07-29,P025,store,99,4.27,0,0,0
2024-08-05,P025,store,116,4.27,0,0,0
2024-08-12,P025,store,143,4.27,0,0,0
2024-08-19,P025,store,106,4.27,0,0,0
2024-08-26,P025,store,70,4.27,0,0,0
2024-09-02,P025,store,87,4.27,0,0,0
2024-09-09,P025,store,56,4.27,0,0,0
2024-09-16,P025,store,174,2.99,30,1,0
2024-09-23,P025,store,64,4.27,0,0,0
2024-09-30,P025,store,81,4.27,0,0,0
2024-10-07,P025,store,48,4.27,0,0,0
2024-10-14,P025,store,74,4.27,0,0,0
2024-10-21,P025,store,75,4.27,0,0,0
2024-10-28,P025,store,82,4.27,0,0,0
2024-11-04,P025,store,70,4.27,0,0,0
2024-11-11,P025,store,78,4.27,0,0,0
2024-11-18,P025,store,73,4.27,0,0,0
2024-11-25,P025,store,67,4.27,0,0,0
2024-12-02,P025,store,99,4.27,0,0,0
2024-12-09,P025,store,65,4.27,0,0,0
2024-12-16,P025,store,79,4.27,0,0,0
2024-12-23,P025,store,51,4.27,0,0,0
2024-12-30,P025,store,154,3.42,20,1,0
2025-01-06,P025,store,57,4.27,0,0,0
2025-01-13,P025,store,136,2.99,30,1,0
2025-01-20,P025,store,64,4.27,0,0,0
2025-01-27,P025,store,111,4.27,0,0,0
2025-02-03,P025,store,96,4.27,0,0,0
2025-02-10,P025,store,44,4.27,0,0,0
2025-02-17,P025,store,144,3.2,25,1,0
2025-02-24,P025,store,44,4.27,0,0,0
2025-03-03,P025,store,54,4.27,0,0,0
2025-03-10,P025,store,93,4.27,0,0,0
2025-03-17,P025,store,48,4.27,0,0,0
2025-03-24,P025,store,85,4.27,0,0,0
2025-03-31,P025,store,113,4.27,0,0,0
2025-04-07,P025,store,98,4.27,0,0,0
2025-04-14,P025,store,80,3.84,10,1,0
2025-04-21,P025,store,66,4.27,0,0,0
2025-04-28,P025,store,84,4.27,0,0,0
2025-05-05,P025,store,49,4.27,0,0,0
2025-05-12,P025,store,76,4.27,0,0,0
2025-05-19,P025,store,93,4.27,0,0,0
2025-05-26,P025,store,79,4.27,0,0,0
2025-06-02,P025,store,61,4.27,0,0,0
2025-06-09,P025,store,95,4.27,0,0,0
2025-06-16,P025,store,116,4.27,0,0,0
2025-06-23,P025,store,68,4.27,0,0,0
2025-06-30,P025,store,107,4.27,0,0,0
2025-07-07,P025,store,138,3.63,15,1,0
2025-07-14,P025,store,74,4.27,0,0,0
2025-07-21,P025,store,204,3.2,25,1,0
2025-07-28,P025,store,48,4.27,0,0,0
2025-08-04,P025,store,106,4.27,0,0,0
2025-08-11,P025,store,74,4.27,0,0,0
2025-08-18,P025,store,88,3.84,10,1,0
2025-08-25,P025,store,62,4.27,0,0,0
2025-09-01,P025,store,56,4.27,0,0,0
2025-09-08,P025,store,54,4.27,0,0,0
2025-09-15,P025,store,76,4.27,0,0,0
2025-09-22,P025,store,59,4.27,0,0,0
2025-09-29,P025,store,94,4.27,0,0,0
2025-10-06,P025,store,109,4.27,0,0,0
2025-10-13,P025,store,88,4.27,0,0,0
2025-10-20,P025,store,152,2.99,30,1,0
2025-10-27,P025,store,109,4.27,0,0,0
2025-11-03,P025,store,76,4.27,0,0,0
2025-11-10,P025,store,77,4.27,0,0,0
2025-11-17,P025,store,76,4.27,0,0,0
2025-11-24,P025,store,167,3.2,25,1,0
2025-12-01,P025,store,51,4.27,0,0,0
2025-12-08,P025,store,72,4.27,0,0,0
2025-12-15,P025,store,47,4.27,0,0,0
2025-12-22,P025,store,78,4.27,0,0,0
2023-01-02,P025,online,104,4.27,0,0,0
2023-01-09,P025,online,82,4.27,0,0,0
2023-01-16,P025,online,131,3.2,25,1,0
2023-01-23,P025,online,62,4.27,0,0,0
2023-01-30,P025,online,80,4.27,0,0,0
2023-02-06,P025,online,76,4.27,0,0,0
2023-02-13,P025,online,92,4.27,0,0,0
2023-02-20,P025,online,84,4.27,0,0,0
2023-02-27,P025,online,82,3.84,10,1,0
2023-03-06,P025,online,72,4.27,0,0,0
2023-03-13,P025,online,79,4.27,0,0,0
2023-03-20,P025,online,80,4.27,0,0,0
2023-03-27,P025,online,230,2.99,30,1,0
2023-04-03,P025,online,95,4.27,0,0,0
2023-04-10,P025,online,95,4.27,0,0,0
2023-04-17,P025,online,65,4.27,0,0,0
2023-04-24,P025,online,180,2.99,30,1,0
2023-05-01,P025,online,58,4.27,0,0,0
2023-05-08,P025,online,101,4.27,0,0,0
2023-05-15,P025,online,60,4.27,0,0,0
2023-05-22,P025,online,100,4.27,0,0,0
2023-05-29,P025,online,82,4.27,0,0,0
2023-06-05,P025,online,73,4.27,0,0,0
2023-06-12,P025,online,78,4.27,0,0,0
2023-06-19,P025,online,99,4.27,0,0,0
2023-06-26,P025,online,174,2.99,30,1,0
2023-07-03,P025,online,86,4.27,0,0,0
2023-07-10,P025,online,73,4.27,0,0,0
2023-07-17,P025,online,162,3.63,15,1,0
2023-07-24,P025,online,92,4.27,0,0,0
2023-07-31,P025,online,98,4.27,0,0,0
2023-08-07,P025,online,137,3.2,25,1,0
2023-08-14,P025,online,72,4.27,0,0,0
2023-08-21,P025,online,90,4.27,0,0,0
2023-08-28,P025,online,73,4.27,0,0,0
2023-09-04,P025,online,76,4.27,0,0,0
2023-09-11,P025,online,98,4.27,0,0,0
2023-09-18,P025,online,78,4.27,0,0,0
2023-09-25,P025,online,84,4.27,0,0,0
2023-10-02,P025,online,81,4.27,0,0,0
2023-10-09,P025,online,93,4.27,0,0,0
2023-10-16,P025,online,80,4.27,0,0,0
2023-10-23,P025,online,83,4.27,0,0,0
2023-10-30,P025,online,69,4.27,0,0,0
2023-11-06,P025,online,97,4.27,0,0,0
2023-11-13,P025,online,74,4.27,0,0,0
2023-11-20,P025,online,96,4.27,0,0,0
2023-11-27,P025,online,71,4.27,0,0,0
2023-12-04,P025,online,68,4.27,0,0,0
2023-12-11,P025,online,51,4.27,0,0,0
2023-12-18,P025,online,160,3.63,15,1,0
2023-12-25,P025,online,77,4.27,0,0,0
2024-01-01,P025,online,85,4.27,0,0,0
2024-01-08,P025,online,96,4.27,0,0,0
2024-01-15,P025,online,105,3.63,15,1,0
2024-01-22,P025,online,104,4.27,0,0,0
2024-01-29,P025,online,78,3.84,10,1,0
2024-02-05,P025,online,79,4.27,0,0,0
2024-02-12,P025,online,95,4.27,0,0,0
2024-02-19,P025,online,192,3.2,25,1,0
2024-02-26,P025,online,70,4.27,0,0,0
2024-03-04,P025,online,70,4.27,0,0,0
2024-03-11,P025,online,109,4.27,0,0,0
2024-03-18,P025,online,86,4.27,0,0,0
2024-03-25,P025,online,86,4.27,0,0,0
2024-04-01,P025,online,68,4.27,0,0,0
2024-04-08,P025,online,87,4.27,0,0,0
2024-04-15,P025,online,80,4.27,0,0,0
2024-04-22,P025,online,200,2.99,30,1,0
2024-04-29,P025,online,80,4.27,0,0,0
2024-05-06,P025,online,98,4.27,0,0,0
2024-05-13,P025,online,127,3.84,10,1,0
2024-05-20,P025,online,71,4.27,0,0,0
2024-05-27,P025,online,85,4.27,0,0,0
2024-06-03,P025,online,174,3.2,25,1,0
2024-06-10,P025,online,72,4.27,0,0,0
2024-06-17,P025,online,90,4.27,0,0,0
2024-06-24,P025,online,101,4.27,0,0,0
2024-07-01,P025,online,75,4.27,0,0,0
2024-07-08,P025,online,108,4.27,0,0,0
2024-07-15,P025,online,88,4.27,0,0,0
2024-07-22,P025,online,94,4.27,0,0,0
2024-07-29,P025,online,165,3.2,25,1,0
2024-08-05,P025,online,53,4.27,0,0,0
2024-08-12,P025,online,103,4.27,0,0,0
2024-08-19,P025,online,97,4.27,0,0,0
2024-08-26,P025,online,83,4.27,0,0,0
2024-09-02,P025,online,99,4.27,0,0,0
2024-09-09,P025,online,106,3.84,10,1,0
2024-09-16,P025,online,70,4.27,0,0,0
2024-09-23,P025,online,89,4.27,0,0,0
2024-09-30,P025,online,80,4.27,0,0,0
2024-10-07,P025,online,117,4.27,0,0,0
2024-10-14,P025,online,220,3.2,25,1,0
2024-10-21,P025,online,77,4.27,0,0,0
2024-10-28,P025,online,91,4.27,0,0,0
2024-11-04,P025,online,79,4.27,0,0,0
2024-11-11,P025,online,89,4.27,0,0,0
2024-11-18,P025,online,71,4.27,0,0,0
2024-11-25,P025,online,94,4.27,0,0,0
2024-12-02,P025,online,126,3.63,15,1,0
2024-12-09,P025,online,89,4.27,0,0,0
2024-12-16,P025,online,102,4.27,0,0,0
2024-12-23,P025,online,105,4.27,0,0,0
2024-12-30,P025,online,87,4.27,0,0,0
2025-01-06,P025,online,98,4.27,0,0,0
2025-01-13,P025,online,110,3.63,15,1,0
2025-01-20,P025,online,105,4.27,0,0,0
2025-01-27,P025,online,63,4.27,0,0,0
2025-02-03,P025,online,127,4.27,0,0,0
2025-02-10,P025,online,86,4.27,0,0,0
2025-02-17,P025,online,93,4.27,0,0,0
2025-02-24,P025,online,76,4.27,0,0,0
2025-03-03,P025,online,116,4.27,0,0,0
2025-03-10,P025,online,90,4.27,0,0,0
2025-03-17,P025,online,109,4.27,0,0,0
2025-03-24,P025,online,114,4.27,0,0,0
2025-03-31,P025,online,95,4.27,0,0,0
2025-04-07,P025,online,117,4.27,0,0,0
2025-04-14,P025,online,85,4.27,0,0,0
2025-04-21,P025,online,73,4.27,0,0,0
2025-04-28,P025,online,107,4.27,0,0,0
2025-05-05,P025,online,116,4.27,0,0,0
2025-05-12,P025,online,129,4.27,0,0,0
2025-05-19,P025,online,73,4.27,0,0,0
2025-05-26,P025,online,89,4.27,0,0,0
2025-06-02,P025,online,68,4.27,0,0,0
2025-06-09,P025,online,131,4.27,0,0,0
2025-06-16,P025,online,114,4.27,0,0,0
2025-06-23,P025,online,87,4.27,0,0,0
2025-06-30,P025,online,106,4.27,0,0,0
2025-07-07,P025,online,120,3.2,25,1,0
2025-07-14,P025,online,98,4.27,0,0,0
2025-07-21,P025,online,105,4.27,0,0,0
2025-07-28,P025,online,90,4.27,0,0,0
2025-08-04,P025,online,104,4.27,0,0,0
2025-08-11,P025,online,113,4.27,0,0,0
2025-08-18,P025,online,68,4.27,0,0,0
2025-08-25,P025,online,115,4.27,0,0,0
2025-09-01,P025,online,84,4.27,0,0,0
2025-09-08,P025,online,129,4.27,0,0,0
2025-09-15,P025,online,76,4.27,0,0,0
2025-09-22,P025,online,136,4.27,0,0,0
2025-09-29,P025,online,85,4.27,0,0,0
2025-10-06,P025,online,120,3.63,15,1,0
2025-10-13,P025,online,84,4.27,0,0,0
2025-10-20,P025,online,129,4.27,0,0,0
2025-10-27,P025,online,63,4.27,0,0,0
2025-11-03,P025,online,267,3.2,25,1,0
2025-11-10,P025,online,78,4.27,0,0,0
2025-11-17,P025,online,74,4.27,0,0,0
2025-11-24,P025,online,67,4.27,0,0,0
2025-12-01,P025,online,49,4.27,0,0,0
2025-12-08,P025,online,87,4.27,0,0,0
2025-12-15,P025,online,93,4.27,0,0,0
2025-12-22,P025,online,94,4.27,0,0,0
2023-01-02,P026,store,92,7.48,0,0,0
2023-01-09,P026,store,95,7.48,0,0,0
2023-01-16,P026,store,152,7.48,0,0,0
2023-01-23,P026,store,144,7.48,0,0,0
2023-01-30,P026,store,236,5.98,20,1,0
2023-02-06,P026,store,110,7.48,0,0,0
2023-02-13,P026,store,148,7.48,0,0,0
2023-02-20,P026,store,176,7.48,0,0,0
2023-02-27,P026,store,119,7.48,0,0,0
2023-03-06,P026,store,135,7.48,0,0,0
2023-03-13,P026,store,200,5.98,20,1,0
2023-03-20,P026,store,103,7.48,0,0,0
2023-03-27,P026,store,348,5.24,30,1,0
2023-04-03,P026,store,117,7.48,0,0,0
2023-04-10,P026,store,124,7.48,0,0,0
2023-04-17,P026,store,95,7.48,0,0,0
2023-04-24,P026,store,115,7.48,0,0,0
2023-05-01,P026,store,166,6.36,15,1,0
2023-05-08,P026,store,100,7.48,0,0,0
2023-05-15,P026,store,147,7.48,0,0,0
2023-05-22,P026,store,206,6.73,10,1,0
2023-05-29,P026,store,96,7.48,0,0,0
2023-06-05,P026,store,120,7.48,0,0,0
2023-06-12,P026,store,252,5.24,30,1,0
2023-06-19,P026,store,149,7.48,0,0,0
2023-06-26,P026,store,282,5.61,25,1,0
2023-07-03,P026,store,114,7.48,0,0,0
2023-07-10,P026,store,124,7.48,0,0,0
2023-07-17,P026,store,119,7.48,0,0,0
2023-07-24,P026,store,307,5.24,30,1,0
2023-07-31,P026,store,94,7.48,0,0,0
2023-08-07,P026,store,155,7.48,0,0,0
2023-08-14,P026,store,210,7.48,0,0,0
2023-08-21,P026,store,130,7.48,0,0,0
2023-08-28,P026,store,133,7.48,0,0,0
2023-09-04,P026,store,160,7.48,0,0,0
2023-09-11,P026,store,134,7.48,0,0,0
2023-09-18,P026,store,107,7.48,0,0,0
2023-09-25,P026,store,136,7.48,0,0,0
2023-10-02,P026,store,137,7.48,0,0,0
2023-10-09,P026,store,165,7.48,0,0,0
2023-10-16,P026,store,125,7.48,0,0,0
2023-10-23,P026,store,100,7.48,0,0,0
2023-10-30,P026,store,126,7.48,0,0,0
2023-11-06,P026,store,150,7.48,0,0,0
2023-11-13,P026,store,104,7.48,0,0,0
2023-11-20,P026,store,114,7.48,0,0,0
2023-11-27,P026,store,156,6.73,10,1,0
2023-12-04,P026,store,109,7.48,0,0,0
2023-12-11,P026,store,109,7.48,0,0,0
2023-12-18,P026,store,124,7.48,0,0,0
2023-12-25,P026,store,114,7.48,0,0,0
2024-01-01,P026,store,127,7.48,0,0,0
2024-01-08,P026,store,104,7.48,0,0,0
2024-01-15,P026,store,240,5.61,25,1,0
2024-01-22,P026,store,85,7.48,0,0,0
2024-01-29,P026,store,235,5.61,25,1,0
2024-02-05,P026,store,117,7.48,0,0,0
2024-02-12,P026,store,133,7.48,0,0,0
2024-02-19,P026,store,154,7.48,0,0,0
2024-02-26,P026,store,138,7.48,0,0,0
2024-03-04,P026,store,119,7.48,0,0,0
2024-03-11,P026,store,227,5.98,20,1,0
2024-03-18,P026,store,108,7.48,0,0,0
2024-03-25,P026,store,121,7.48,0,0,0
2024-04-01,P026,store,142,7.48,0,0,0
2024-04-08,P026,store,159,7.48,0,0,0
2024-04-15,P026,store,156,7.48,0,0,0
2024-04-22,P026,store,136,7.48,0,0,0
2024-04-29,P026,store,101,7.48,0,0,0
2024-05-06,P026,store,107,7.48,0,0,0
2024-05-13,P026,store,151,7.48,0,0,0
2024-05-20,P026,store,148,7.48,0,0,0
2024-05-27,P026,store,96,7.48,0,0,0
2024-06-03,P026,store,165,7.48,0,0,0
2024-06-10,P026,store,225,5.98,20,1,0
2024-06-17,P026,store,142,7.48,0,0,0
2024-06-24,P026,store,122,7.48,0,0,0
2024-07-01,P026,store,260,5.24,30,1,0
2024-07-08,P026,store,114,7.48,0,0,0
2024-07-15,P026,store,122,7.48,0,0,0
2024-07-22,P026,store,142,7.48,0,0,0
2024-07-29,P026,store,115,7.48,0,0,0
2024-08-05,P026,store,130,7.48,0,0,0
2024-08-12,P026,store,102,7.48,0,0,0
2024-08-19,P026,store,119,7.48,0,0,0
2024-08-26,P026,store,112,7.48,0,0,0
2024-09-02,P026,store,146,7.48,0,0,0
2024-09-09,P026,store,145,7.48,0,0,0
2024-09-16,P026,store,213,5.61,25,1,0
2024-09-23,P026,store,114,7.48,0,0,0
2024-09-30,P026,store,116,7.48,0,0,0
2024-10-07,P026,store,113,7.48,0,0,0
2024-10-14,P026,store,106,7.48,0,0,0
2024-10-21,P026,store,365,5.24,30,1,0
2024-10-28,P026,store,98,7.48,0,0,0
2024-11-04,P026,store,112,7.48,0,0,0
2024-11-11,P026,store,139,7.48,0,0,0
2024-11-18,P026,store,123,7.48,0,0,0
2024-11-25,P026,store,127,7.48,0,0,0
2024-12-02,P026,store,107,7.48,0,0,0
2024-12-09,P026,store,99,7.48,0,0,0
2024-12-16,P026,store,124,7.48,0,0,0
2024-12-23,P026,store,106,7.48,0,0,0
2024-12-30,P026,store,146,7.48,0,0,0
2025-01-06,P026,store,88,7.48,0,0,0
2025-01-13,P026,store,120,7.48,0,0,0
2025-01-20,P026,store,119,7.48,0,0,0
2025-01-27,P026,store,216,5.61,25,1,0
2025-02-03,P026,store,116,7.48,0,0,0
2025-02-10,P026,store,116,7.48,0,0,0
2025-02-17,P026,store,130,7.48,0,0,0
2025-02-24,P026,store,103,7.48,0,0,0
2025-03-03,P026,store,115,7.48,0,0,0
2025-03-10,P026,store,84,7.48,0,0,0
2025-03-17,P026,store,127,7.48,0,0,0
2025-03-24,P026,store,122,7.48,0,0,0
2025-03-31,P026,store,112,7.48,0,0,0
2025-04-07,P026,store,113,7.48,0,0,0
2025-04-14,P026,store,142,7.48,0,0,0
2025-04-21,P026,store,133,7.48,0,0,0
2025-04-28,P026,store,318,5.24,30,1,0
2025-05-05,P026,store,139,7.48,0,0,0
2025-05-12,P026,store,222,7.48,0,0,0
2025-05-19,P026,store,110,7.48,0,0,0
2025-05-26,P026,store,137,6.73,10,1,0
2025-06-02,P026,store,79,7.48,0,0,0
2025-06-09,P026,store,112,7.48,0,0,0
2025-06-16,P026,store,166,6.73,10,1,0
2025-06-23,P026,store,125,7.48,0,0,0
2025-06-30,P026,store,161,6.73,10,1,0
2025-07-07,P026,store,107,7.48,0,0,0
2025-07-14,P026,store,134,7.48,0,0,0
2025-07-21,P026,store,103,7.48,0,0,0
2025-07-28,P026,store,179,7.48,0,0,0
2025-08-04,P026,store,132,7.48,0,0,0
2025-08-11,P026,store,121,7.48,0,0,0
2025-08-18,P026,store,98,7.48,0,0,0
2025-08-25,P026,store,120,7.48,0,0,0
2025-09-01,P026,store,110,7.48,0,0,0
2025-09-08,P026,store,116,7.48,0,0,0
2025-09-15,P026,store,194,7.48,0,0,0
2025-09-22,P026,store,128,7.48,0,0,0
2025-09-29,P026,store,131,7.48,0,0,0
2025-10-06,P026,store,119,7.48,0,0,0
2025-10-13,P026,store,116,7.48,0,0,0
2025-10-20,P026,store,108,7.48,0,0,0
2025-10-27,P026,store,104,7.48,0,0,0
2025-11-03,P026,store,113,7.48,0,0,0
2025-11-10,P026,store,132,6.73,10,1,0
2025-11-17,P026,store,101,7.48,0,0,0
2025-11-24,P026,store,128,7.48,0,0,0
2025-12-01,P026,store,144,7.48,0,0,0
2025-12-08,P026,store,136,7.48,0,0,0
2025-12-15,P026,store,241,5.61,25,1,0
2025-12-22,P026,store,121,7.48,0,0,0
2023-01-02,P026,online,44,7.48,0,0,0
2023-01-09,P026,online,36,7.48,0,0,0
2023-01-16,P026,online,49,7.48,0,0,0
2023-01-23,P026,online,51,7.48,0,0,0
2023-01-30,P026,online,34,7.48,0,0,0
2023-02-06,P026,online,35,7.48,0,0,0
2023-02-13,P026,online,50,7.48,0,0,0
2023-02-20,P026,online,38,7.48,0,0,0
2023-02-27,P026,online,51,7.48,0,0,0
2023-03-06,P026,online,49,6.73,10,1,0
2023-03-13,P026,online,46,7.48,0,0,0
2023-03-20,P026,online,67,7.48,0,0,0
2023-03-27,P026,online,44,7.48,0,0,0
2023-04-03,P026,online,40,7.48,0,0,0
2023-04-10,P026,online,34,7.48,0,0,0
2023-04-17,P026,online,91,5.61,25,1,0
2023-04-24,P026,online,40,7.48,0,0,0
2023-05-01,P026,online,51,7.48,0,0,0
2023-05-08,P026,online,49,7.48,0,0,0
2023-05-15,P026,online,52,7.48,0,0,0
2023-05-22,P026,online,26,7.48,0,0,0
2023-05-29,P026,online,70,7.48,0,0,0
2023-06-05,P026,online,63,7.48,0,0,0
2023-06-12,P026,online,55,7.48,0,0,0
2023-06-19,P026,online,44,7.48,0,0,0
2023-06-26,P026,online,31,7.48,0,0,0
2023-07-03,P026,online,50,7.48,0,0,0
2023-07-10,P026,online,48,7.48,0,0,0
2023-07-17,P026,online,50,7.48,0,0,0
2023-07-24,P026,online,34,7.48,0,0,0
2023-07-31,P026,online,41,7.48,0,0,0
2023-08-07,P026,online,53,7.48,0,0,0
2023-08-14,P026,online,45,7.48,0,0,0
2023-08-21,P026,online,50,7.48,0,0,0
2023-08-28,P026,online,54,7.48,0,0,0
2023-09-04,P026,online,72,6.36,15,1,0
2023-09-11,P026,online,29,7.48,0,0,0
2023-09-18,P026,online,52,7.48,0,0,0
2023-09-25,P026,online,34,7.48,0,0,0
2023-10-02,P026,online,45,7.48,0,0,0
2023-10-09,P026,online,43,7.48,0,0,0
2023-10-16,P026,online,63,5.61,25,1,0
2023-10-23,P026,online,39,7.48,0,0,0
2023-10-30,P026,online,50,7.48,0,0,0
2023-11-06,P026,online,34,7.48,0,0,0
2023-11-13,P026,online,45,7.48,0,0,0
2023-11-20,P026,online,32,7.48,0,0,0
2023-11-27,P026,online,59,7.48,0,0,0
2023-12-04,P026,online,30,7.48,0,0,0
2023-12-11,P026,online,33,7.48,0,0,0
2023-12-18,P026,online,52,7.48,0,0,0
2023-12-25,P026,online,32,7.48,0,0,0
2024-01-01,P026,online,58,7.48,0,0,0
2024-01-08,P026,online,58,5.98,20,1,0
2024-01-15,P026,online,50,7.48,0,0,0
2024-01-22,P026,online,65,6.36,15,1,0
2024-01-29,P026,online,33,7.48,0,0,0
2024-02-05,P026,online,35,7.48,0,0,0
2024-02-12,P026,online,55,7.48,0,0,0
2024-02-19,P026,online,40,7.48,0,0,0
2024-02-26,P026,online,50,7.48,0,0,0
2024-03-04,P026,online,46,7.48,0,0,0
2024-03-11,P026,online,34,7.48,0,0,0
2024-03-18,P026,online,70,7.48,0,0,0
2024-03-25,P026,online,36,7.48,0,0,0
2024-04-01,P026,online,51,7.48,0,0,0
2024-04-08,P026,online,54,6.73,10,1,0
2024-04-15,P026,online,46,7.48,0,0,0
2024-04-22,P026,online,85,5.98,20,1,0
2024-04-29,P026,online,55,7.48,0,0,0
2024-05-06,P026,online,52,7.48,0,0,0
2024-05-13,P026,online,42,7.48,0,0,0
2024-05-20,P026,online,47,7.48,0,0,0
2024-05-27,P026,online,60,7.48,0,0,0
2024-06-03,P026,online,34,7.48,0,0,0
2024-06-10,P026,online,61,6.36,15,1,0
2024-06-17,P026,online,27,7.48,0,0,0
2024-06-24,P026,online,47,7.48,0,0,0
2024-07-01,P026,online,50,7.48,0,0,0
2024-07-08,P026,online,45,7.48,0,0,0
2024-07-15,P026,online,46,7.48,0,0,0
2024-07-22,P026,online,75,7.48,0,0,0
2024-07-29,P026,online,71,7.48,0,0,0
2024-08-05,P026,online,40,7.48,0,0,0
2024-08-12,P026,online,36,7.48,0,0,0
2024-08-19,P026,online,53,7.48,0,0,0
2024-08-26,P026,online,52,7.48,0,0,0
2024-09-02,P026,online,129,5.24,30,1,0
2024-09-09,P026,online,39,7.48,0,0,0
2024-09-16,P026,online,49,7.48,0,0,0
2024-09-23,P026,online,210,5.24,30,1,0
2024-09-30,P026,online,51,7.48,0,0,0
2024-10-07,P026,online,35,7.48,0,0,0
2024-10-14,P026,online,36,7.48,0,0,0
2024-10-21,P026,online,49,7.48,0,0,0
2024-10-28,P026,online,65,7.48,0,0,0
2024-11-04,P026,online,60,7.48,0,0,0
2024-11-11,P026,online,41,7.48,0,0,0
2024-11-18,P026,online,85,7.48,0,0,0
2024-11-25,P026,online,97,5.98,20,1,0
2024-12-02,P026,online,38,7.48,0,0,0
2024-12-09,P026,online,41,7.48,0,0,0
2024-12-16,P026,online,66,7.48,0,0,0
2024-12-23,P026,online,60,7.48,0,0,0
2024-12-30,P026,online,31,7.48,0,0,0
2025-01-06,P026,online,44,7.48,0,0,0
2025-01-13,P026,online,58,7.48,0,0,0
2025-01-20,P026,online,69,7.48,0,0,0
2025-01-27,P026,online,86,6.73,10,1,0
2025-02-03,P026,online,58,7.48,0,0,0
2025-02-10,P026,online,53,7.48,0,0,0
2025-02-17,P026,online,47,7.48,0,0,0
2025-02-24,P026,online,61,5.98,20,1,0
2025-03-03,P026,online,36,7.48,0,0,0
2025-03-10,P026,online,93,5.98,20,1,0
2025-03-17,P026,online,31,7.48,0,0,0
2025-03-24,P026,online,56,7.48,0,0,0
2025-03-31,P026,online,50,6.73,10,1,0
2025-04-07,P026,online,37,7.48,0,0,0
2025-04-14,P026,online,46,7.48,0,0,0
2025-04-21,P026,online,51,7.48,0,0,0
2025-04-28,P026,online,50,7.48,0,0,0
2025-05-05,P026,online,57,7.48,0,0,0
2025-05-12,P026,online,77,7.48,0,0,0
2025-05-19,P026,online,55,7.48,0,0,0
2025-05-26,P026,online,52,7.48,0,0,0
2025-06-02,P026,online,57,7.48,0,0,0
2025-06-09,P026,online,64,7.48,0,0,0
2025-06-16,P026,online,55,7.48,0,0,0
2025-06-23,P026,online,120,5.24,30,1,0
2025-06-30,P026,online,57,7.48,0,0,0
2025-07-07,P026,online,59,7.48,0,0,0
2025-07-14,P026,online,48,7.48,0,0,0
2025-07-21,P026,online,58,7.48,0,0,0
2025-07-28,P026,online,61,6.73,10,1,0
2025-08-04,P026,online,46,7.48,0,0,0
2025-08-11,P026,online,65,7.48,0,0,0
2025-08-18,P026,online,55,7.48,0,0,0
2025-08-25,P026,online,75,5.61,25,1,0
2025-09-01,P026,online,40,7.48,0,0,0
2025-09-08,P026,online,59,7.48,0,0,0
2025-09-15,P026,online,47,7.48,0,0,0
2025-09-22,P026,online,49,7.48,0,0,0
2025-09-29,P026,online,95,5.61,25,1,0
2025-10-06,P026,online,70,7.48,0,0,0
2025-10-13,P026,online,57,7.48,0,0,0
2025-10-20,P026,online,63,7.48,0,0,0
2025-10-27,P026,online,61,7.48,0,0,0
2025-11-03,P026,online,66,7.48,0,0,0
2025-11-10,P026,online,61,7.48,0,0,0
2025-11-17,P026,online,56,7.48,0,0,0
2025-11-24,P026,online,64,7.48,0,0,0
2025-12-01,P026,online,44,7.48,0,0,0
2025-12-08,P026,online,59,7.48,0,0,0
2025-12-15,P026,online,64,7.48,0,0,0
2025-12-22,P026,online,60,7.48,0,0,0
2023-01-02,P027,store,4,3.99,0,0,0
2023-01-09,P027,store,67,3.99,0,0,0
2023-01-16,P027,store,8,3.19,20,1,0
2023-01-23,P027,store,0,3.99,0,0,0
2023-01-30,P027,store,60,3.99,0,0,0
2023-02-06,P027,store,9,3.99,0,0,0
2023-02-13,P027,store,6,3.19,20,1,0
2023-02-20,P027,store,0,3.99,0,0,0
2023-02-27,P027,store,61,3.99,0,0,0
2023-03-06,P027,store,0,3.99,0,0,0
2023-03-13,P027,store,116,3.39,15,1,0
2023-03-20,P027,store,22,3.99,0,0,0
2023-03-27,P027,store,4,2.79,30,1,0
2023-04-03,P027,store,18,3.99,0,0,0
2023-04-10,P027,store,34,3.99,0,0,0
2023-04-17,P027,store,13,3.99,0,0,0
2023-04-24,P027,store,12,3.99,0,0,0
2023-05-01,P027,store,47,3.99,0,0,0
2023-05-08,P027,store,31,3.99,0,0,0
2023-05-15,P027,store,8,3.99,0,0,0
2023-05-22,P027,store,34,3.99,0,0,0
2023-05-29,P027,store,4,3.99,0,0,0
2023-06-05,P027,store,3,3.59,10,1,0
2023-06-12,P027,store,8,3.99,0,0,0
2023-06-19,P027,store,18,3.99,0,0,0
2023-06-26,P027,store,1,3.99,0,0,0
2023-07-03,P027,store,11,3.99,0,0,0
2023-07-10,P027,store,20,3.99,0,0,0
2023-07-17,P027,store,59,3.39,15,1,0
2023-07-24,P027,store,56,3.99,0,0,0
2023-07-31,P027,store,34,3.99,0,0,0
2023-08-07,P027,store,6,3.39,15,1,0
2023-08-14,P027,store,5,3.99,0,0,0
2023-08-21,P027,store,26,3.99,0,0,0
2023-08-28,P027,store,3,3.99,0,0,0
2023-09-04,P027,store,1,3.99,0,0,0
2023-09-11,P027,store,35,3.99,0,0,0
2023-09-18,P027,store,3,3.99,0,0,0
2023-09-25,P027,store,17,3.99,0,0,0
2023-10-02,P027,store,35,3.19,20,1,0
2023-10-09,P027,store,2,3.99,0,0,0
2023-10-16,P027,store,11,3.99,0,0,0
2023-10-23,P027,store,8,3.99,0,0,0
2023-10-30,P027,store,30,3.99,0,0,0
2023-11-06,P027,store,30,3.99,0,0,0
2023-11-13,P027,store,44,3.99,0,0,0
2023-11-20,P027,store,53,3.39,15,1,0
2023-11-27,P027,store,83,3.99,0,0,0
2023-12-04,P027,store,16,3.99,0,0,0
2023-12-11,P027,store,21,3.99,0,0,0
2023-12-18,P027,store,20,3.99,0,0,0
2023-12-25,P027,store,17,2.99,25,1,0
2024-01-01,P027,store,39,3.99,0,0,0
2024-01-08,P027,store,39,3.99,0,0,0
2024-01-15,P027,store,98,2.79,30,1,0
2024-01-22,P027,store,4,3.99,0,0,0
2024-01-29,P027,store,61,3.99,0,0,0
2024-02-05,P027,store,2,3.99,0,0,0
2024-02-12,P027,store,14,3.99,0,0,0
2024-02-19,P027,store,5,3.99,0,0,0
2024-02-26,P027,store,5,3.99,0,0,0
2024-03-04,P027,store,20,3.99,0,0,0
2024-03-11,P027,store,26,3.99,0,0,0
2024-03-18,P027,store,10,3.99,0,0,0
2024-03-25,P027,store,42,3.99,0,0,0
2024-04-01,P027,store,2,3.99,0,0,0
2024-04-08,P027,store,10,3.99,0,0,0
2024-04-15,P027,store,35,3.59,10,1,0
2024-04-22,P027,store,17,3.99,0,0,0
2024-04-29,P027,store,6,3.99,0,0,0
2024-05-06,P027,store,0,3.99,0,0,1
2024-05-13,P027,store,0,3.99,0,0,1
2024-05-20,P027,store,0,3.99,0,0,0
2024-05-27,P027,store,69,3.99,0,0,0
2024-06-03,P027,store,50,3.99,0,0,0
2024-06-10,P027,store,5,3.99,0,0,0
2024-06-17,P027,store,17,3.99,0,0,0
2024-06-24,P027,store,30,3.99,0,0,0
2024-07-01,P027,store,4,3.99,0,0,0
2024-07-08,P027,store,18,3.99,0,0,0
2024-07-15,P027,store,80,3.99,0,0,0
2024-07-22,P027,store,12,3.99,0,0,0
2024-07-29,P027,store,2,3.99,0,0,0
2024-08-05,P027,store,0,3.99,0,0,0
2024-08-12,P027,store,1,3.99,0,0,0
2024-08-19,P027,store,16,3.99,0,0,0
2024-08-26,P027,store,28,3.99,0,0,0
2024-09-02,P027,store,2,3.99,0,0,0
2024-09-09,P027,store,9,2.79,30,1,0
2024-09-16,P027,store,26,3.99,0,0,0
2024-09-23,P027,store,25,3.99,0,0,0
2024-09-30,P027,store,4,3.99,0,0,0
2024-10-07,P027,store,41,3.99,0,0,0
2024-10-14,P027,store,2,3.99,0,0,0
2024-10-21,P027,store,14,3.99,0,0,0
2024-10-28,P027,store,3,3.99,0,0,0
2024-11-04,P027,store,33,3.99,0,0,0
2024-11-11,P027,store,8,3.99,0,0,0
2024-11-18,P027,store,3,3.99,0,0,0
2024-11-25,P027,store,8,3.99,0,0,0
2024-12-02,P027,store,3,3.99,0,0,0
2024-12-09,P027,store,3,2.99,25,1,0
2024-12-16,P027,store,30,3.99,0,0,0
2024-12-23,P027,store,7,3.99,0,0,0
2024-12-30,P027,store,98,2.79,30,1,0
2025-01-06,P027,store,57,3.99,0,0,0
2025-01-13,P027,store,10,3.99,0,0,0
2025-01-20,P027,store,79,3.19,20,1,0
2025-01-27,P027,store,12,3.99,0,0,0
2025-02-03,P027,store,13,3.99,0,0,0
2025-02-10,P027,store,16,3.99,0,0,0
2025-02-17,P027,store,103,3.99,0,0,0
2025-02-24,P027,store,28,3.99,0,0,0
2025-03-03,P027,store,78,3.99,0,0,0
2025-03-10,P027,store,32,3.99,0,0,0
2025-03-17,P027,store,13,3.99,0,0,0
2025-03-24,P027,store,4,3.99,0,0,0
2025-03-31,P027,store,3,3.99,0,0,0
2025-04-07,P027,store,41,3.99,0,0,0
2025-04-14,P027,store,26,3.99,0,0,0
2025-04-21,P027,store,9,3.99,0,0,0
2025-04-28,P027,store,8,3.99,0,0,0
2025-05-05,P027,store,78,3.99,0,0,0
2025-05-12,P027,store,12,3.99,0,0,0
2025-05-19,P027,store,1,3.99,0,0,0
2025-05-26,P027,store,21,3.99,0,0,0
2025-06-02,P027,store,123,3.99,0,0,0
2025-06-09,P027,store,7,3.59,10,1,0
2025-06-16,P027,store,10,3.99,0,0,0
2025-06-23,P027,store,52,3.99,0,0,0
2025-06-30,P027,store,2,3.39,15,1,0
2025-07-07,P027,store,6,3.99,0,0,0
2025-07-14,P027,store,24,3.99,0,0,0
2025-07-21,P027,store,8,3.99,0,0,0
2025-07-28,P027,store,33,3.99,0,0,0
2025-08-04,P027,store,0,3.99,0,0,0
2025-08-11,P027,store,1,3.99,0,0,0
2025-08-18,P027,store,34,3.99,0,0,0
2025-08-25,P027,store,7,3.99,0,0,0
2025-09-01,P027,store,12,3.39,15,1,0
2025-09-08,P027,store,23,3.99,0,0,0
2025-09-15,P027,store,53,3.39,15,1,0
2025-09-22,P027,store,121,3.99,0,0,0
2025-09-29,P027,store,2,3.99,0,0,0
2025-10-06,P027,store,27,3.99,0,0,0
2025-10-13,P027,store,44,3.99,0,0,0
2025-10-20,P027,store,16,3.59,10,1,0
2025-10-27,P027,store,40,3.99,0,0,0
2025-11-03,P027,store,3,3.99,0,0,0
2025-11-10,P027,store,4,3.59,10,1,0
2025-11-17,P027,store,25,3.99,0,0,0
2025-11-24,P027,store,56,3.99,0,0,0
2025-12-01,P027,store,117,3.99,0,0,0
2025-12-08,P027,store,72,3.99,0,0,0
2025-12-15,P027,store,79,3.99,0,0,0
2025-12-22,P027,store,36,3.99,0,0,0
2023-01-02,P027,online,20,3.99,0,0,0
2023-01-09,P027,online,58,3.99,0,0,0
2023-01-16,P027,online,44,3.99,0,0,0
2023-01-23,P027,online,46,3.99,0,0,0
2023-01-30,P027,online,21,3.99,0,0,0
2023-02-06,P027,online,8,3.99,0,0,0
2023-02-13,P027,online,10,3.99,0,0,0
2023-02-20,P027,online,23,3.99,0,0,0
2023-02-27,P027,online,0,3.99,0,0,0
2023-03-06,P027,online,8,3.39,15,1,0
2023-03-13,P027,online,46,3.99,0,0,0
2023-03-20,P027,online,11,3.99,0,0,0
2023-03-27,P027,online,6,3.99,0,0,0
2023-04-03,P027,online,12,3.99,0,0,0
2023-04-10,P027,online,1,3.99,0,0,0
2023-04-17,P027,online,22,3.99,0,0,0
2023-04-24,P027,online,11,3.99,0,0,0
2023-05-01,P027,online,8,3.99,0,0,0
2023-05-08,P027,online,6,3.99,0,0,0
2023-05-15,P027,online,19,3.99,0,0,0
2023-05-22,P027,online,3,3.19,20,1,0
2023-05-29,P027,online,1,3.99,0,0,0
2023-06-05,P027,online,12,3.99,0,0,0
2023-06-12,P027,online,14,3.99,0,0,0
2023-06-19,P027,online,70,2.99,25,1,0
2023-06-26,P027,online,23,3.99,0,0,0
2023-07-03,P027,online,20,3.99,0,0,0
2023-07-10,P027,online,33,3.39,15,1,0
2023-07-17,P027,online,11,3.99,0,0,0
2023-07-24,P027,online,28,3.99,0,0,0
2023-07-31,P027,online,7,3.99,0,0,0
2023-08-07,P027,online,20,3.99,0,0,0
2023-08-14,P027,online,9,3.99,0,0,0
2023-08-21,P027,online,2,3.99,0,0,0
2023-08-28,P027,online,10,3.99,0,0,0
2023-09-04,P027,online,7,3.99,0,0,0
2023-09-11,P027,online,10,3.99,0,0,0
2023-09-18,P027,online,54,3.99,0,0,0
2023-09-25,P027,online,52,3.99,0,0,0
2023-10-02,P027,online,4,3.99,0,0,0
2023-10-09,P027,online,1,3.99,0,0,0
2023-10-16,P027,online,9,3.59,10,1,0
2023-10-23,P027,online,2,3.99,0,0,0
2023-10-30,P027,online,4,2.99,25,1,0
2023-11-06,P027,online,19,3.99,0,0,0
2023-11-13,P027,online,16,3.99,0,0,0
2023-11-20,P027,online,25,3.99,0,0,0
2023-11-27,P027,online,7,3.99,0,0,0
2023-12-04,P027,online,26,3.99,0,0,0
2023-12-11,P027,online,15,3.99,0,0,0
2023-12-18,P027,online,14,3.99,0,0,0
2023-12-25,P027,online,28,3.99,0,0,0
2024-01-01,P027,online,35,3.99,0,0,0
2024-01-08,P027,online,19,3.99,0,0,0
2024-01-15,P027,online,10,3.99,0,0,0
2024-01-22,P027,online,55,3.99,0,0,0
2024-01-29,P027,online,7,3.99,0,0,0
2024-02-05,P027,online,5,3.59,10,1,0
2024-02-12,P027,online,4,3.99,0,0,0
2024-02-19,P027,online,45,3.99,0,0,0
2024-02-26,P027,online,60,3.99,0,0,0
2024-03-04,P027,online,9,3.99,0,0,0
2024-03-11,P027,online,22,2.79,30,1,0
2024-03-18,P027,online,5,3.99,0,0,0
2024-03-25,P027,online,17,3.99,0,0,0
2024-04-01,P027,online,2,3.99,0,0,0
2024-04-08,P027,online,15,3.99,0,0,0
2024-04-15,P027,online,46,3.99,0,0,0
2024-04-22,P027,online,35,3.99,0,0,0
2024-04-29,P027,online,5,3.99,0,0,0
2024-05-06,P027,online,13,3.39,15,1,0
2024-05-13,P027,online,18,3.99,0,0,0
2024-05-20,P027,online,29,3.99,0,0,0
2024-05-27,P027,online,0,3.99,0,0,0
2024-06-03,P027,online,24,3.99,0,0,0
2024-06-10,P027,online,37,3.99,0,0,0
2024-06-17,P027,online,6,3.99,0,0,0
2024-06-24,P027,online,45,3.99,0,0,0
2024-07-01,P027,online,41,3.99,0,0,0
2024-07-08,P027,online,6,3.99,0,0,0
2024-07-15,P027,online,5,3.99,0,0,0
2024-07-22,P027,online,11,3.99,0,0,0
2024-07-29,P027,online,34,3.99,0,0,0
2024-08-05,P027,online,51,3.39,15,1,0
2024-08-12,P027,online,1,3.99,0,0,0
2024-08-19,P027,online,25,3.99,0,0,0
2024-08-26,P027,online,11,3.99,0,0,0
2024-09-02,P027,online,28,3.99,0,0,0
2024-09-09,P027,online,2,3.99,0,0,0
2024-09-16,P027,online,42,3.99,0,0,0
2024-09-23,P027,online,28,3.99,0,0,0
2024-09-30,P027,online,63,3.59,10,1,0
2024-10-07,P027,online,41,3.99,0,0,0
2024-10-14,P027,online,2,3.99,0,0,0
2024-10-21,P027,online,4,3.99,0,0,0
2024-10-28,P027,online,19,3.99,0,0,0
2024-11-04,P027,online,34,3.99,0,0,0
2024-11-11,P027,online,75,2.79,30,1,0
2024-11-18,P027,online,22,3.99,0,0,0
2024-11-25,P027,online,48,3.99,0,0,0
2024-12-02,P027,online,60,3.99,0,0,0
2024-12-09,P027,online,5,3.99,0,0,0
2024-12-16,P027,online,36,3.59,10,1,0
2024-12-23,P027,online,6,3.99,0,0,0
2024-12-30,P027,online,16,3.99,0,0,0
2025-01-06,P027,online,7,3.99,0,0,0
2025-01-13,P027,online,25,3.99,0,0,0
2025-01-20,P027,online,5,3.99,0,0,0
2025-01-27,P027,online,38,3.99,0,0,0
2025-02-03,P027,online,6,3.99,0,0,0
2025-02-10,P027,online,3,3.99,0,0,0
2025-02-17,P027,online,11,3.99,0,0,0
2025-02-24,P027,online,42,3.99,0,0,0
2025-03-03,P027,online,41,2.99,25,1,0
2025-03-10,P027,online,11,3.99,0,0,0
2025-03-17,P027,online,4,3.59,10,1,0
2025-03-24,P027,online,20,3.99,0,0,0
2025-03-31,P027,online,50,3.99,0,0,0
2025-04-07,P027,online,10,3.99,0,0,0
2025-04-14,P027,online,101,2.79,30,1,0
2025-04-21,P027,online,48,3.99,0,0,0
2025-04-28,P027,online,0,3.99,0,0,0
2025-05-05,P027,online,38,3.59,10,1,0
2025-05-12,P027,online,38,3.99,0,0,0
2025-05-19,P027,online,12,3.99,0,0,0
2025-05-26,P027,online,20,3.99,0,0,0
2025-06-02,P027,online,4,3.59,10,1,0
2025-06-09,P027,online,14,3.99,0,0,0
2025-06-16,P027,online,31,3.99,0,0,0
2025-06-23,P027,online,20,3.99,0,0,0
2025-06-30,P027,online,59,3.99,0,0,0
2025-07-07,P027,online,3,3.99,0,0,0
2025-07-14,P027,online,25,3.99,0,0,0
2025-07-21,P027,online,108,3.19,20,1,0
2025-07-28,P027,online,6,3.99,0,0,0
2025-08-04,P027,online,3,3.99,0,0,0
2025-08-11,P027,online,23,3.99,0,0,0
2025-08-18,P027,online,84,3.99,0,0,0
2025-08-25,P027,online,28,3.99,0,0,0
2025-09-01,P027,online,18,3.99,0,0,0
2025-09-08,P027,online,4,3.99,0,0,0
2025-09-15,P027,online,77,3.59,10,1,0
2025-09-22,P027,online,76,3.99,0,0,0
2025-09-29,P027,online,56,3.99,0,0,0
2025-10-06,P027,online,24,3.39,15,1,0
2025-10-13,P027,online,21,3.99,0,0,0
2025-10-20,P027,online,50,3.99,0,0,0
2025-10-27,P027,online,11,3.99,0,0,0
2025-11-03,P027,online,19,3.99,0,0,0
2025-11-10,P027,online,2,3.99,0,0,0
2025-11-17,P027,online,43,3.99,0,0,0
2025-11-24,P027,online,76,3.19,20,1,0
2025-12-01,P027,online,5,3.99,0,0,0
2025-12-08,P027,online,9,3.99,0,0,0
2025-12-15,P027,online,24,3.99,0,0,0
2025-12-22,P027,online,16,3.99,0,0,0
2023-01-02,P028,store,0,2.22,0,0,0
2023-01-09,P028,store,16,2.22,0,0,0
2023-01-16,P028,store,6,1.89,15,1,0
2023-01-23,P028,store,25,2.22,0,0,0
2023-01-30,P028,store,22,2.0,10,1,0
2023-02-06,P028,store,7,2.22,0,0,0
2023-02-13,P028,store,30,2.22,0,0,0
2023-02-20,P028,store,17,2.22,0,0,0
2023-02-27,P028,store,11,2.22,0,0,0
2023-03-06,P028,store,88,2.22,0,0,0
2023-03-13,P028,store,19,2.22,0,0,0
2023-03-20,P028,store,15,1.66,25,1,0
2023-03-27,P028,store,24,2.22,0,0,0
2023-04-03,P028,store,13,2.22,0,0,0
2023-04-10,P028,store,21,2.22,0,0,0
2023-04-17,P028,store,12,1.89,15,1,0
2023-04-24,P028,store,2,2.22,0,0,0
2023-05-01,P028,store,12,2.22,0,0,0
2023-05-08,P028,store,7,2.22,0,0,0
2023-05-15,P028,store,16,2.22,0,0,0
2023-05-22,P028,store,50,1.78,20,1,0
2023-05-29,P028,store,12,2.22,0,0,0
2023-06-05,P028,store,30,2.22,0,0,0
2023-06-12,P028,store,11,2.22,0,0,0
2023-06-19,P028,store,34,2.22,0,0,0
2023-06-26,P028,store,11,2.22,0,0,0
2023-07-03,P028,store,41,2.22,0,0,0
2023-07-10,P028,store,14,2.22,0,0,0
2023-07-17,P028,store,13,2.22,0,0,0
2023-07-24,P028,store,19,2.22,0,0,0
2023-07-31,P028,store,44,2.22,0,0,0
2023-08-07,P028,store,7,2.22,0,0,0
2023-08-14,P028,store,28,2.22,0,0,0
2023-08-21,P028,store,12,2.22,0,0,0
2023-08-28,P028,store,32,2.22,0,0,0
2023-09-04,P028,store,16,2.22,0,0,0
2023-09-11,P028,store,6,2.22,0,0,0
2023-09-18,P028,store,17,2.22,0,0,0
2023-09-25,P028,store,24,2.22,0,0,0
2023-10-02,P028,store,16,1.78,20,1,0
2023-10-09,P028,store,21,2.22,0,0,0
2023-10-16,P028,store,22,2.22,0,0,0
2023-10-23,P028,store,24,2.22,0,0,0
2023-10-30,P028,store,4,2.22,0,0,0
2023-11-06,P028,store,10,2.22,0,0,0
2023-11-13,P028,store,54,2.22,0,0,0
2023-11-20,P028,store,20,1.89,15,1,0
2023-11-27,P028,store,43,2.22,0,0,0
2023-12-04,P028,store,28,2.22,0,0,0
2023-12-11,P028,store,6,1.89,15,1,0
2023-12-18,P028,store,22,2.22,0,0,0
2023-12-25,P028,store,7,2.22,0,0,0
2024-01-01,P028,store,5,1.78,20,1,0
2024-01-08,P028,store,4,2.22,0,0,0
2024-01-15,P028,store,34,2.22,0,0,0
2024-01-22,P028,store,0,2.22,0,0,0
2024-01-29,P028,store,6,2.22,0,0,0
2024-02-05,P028,store,32,2.22,0,0,0
2024-02-12,P028,store,34,2.22,0,0,0
2024-02-19,P028,store,85,2.22,0,0,0
2024-02-26,P028,store,23,2.22,0,0,0
2024-03-04,P028,store,13,2.22,0,0,0
2024-03-11,P028,store,39,2.22,0,0,0
2024-03-18,P028,store,14,2.22,0,0,0
2024-03-25,P028,store,49,2.22,0,0,0
2024-04-01,P028,store,12,2.22,0,0,0
2024-04-08,P028,store,39,2.22,0,0,0
2024-04-15,P028,store,20,2.22,0,0,0
2024-04-22,P028,store,20,2.22,0,0,0
2024-04-29,P028,store,20,2.22,0,0,0
2024-05-06,P028,store,23,2.22,0,0,0
2024-05-13,P028,store,16,2.22,0,0,0
2024-05-20,P028,store,22,2.22,0,0,0
2024-05-27,P028,store,28,2.22,0,0,0
2024-06-03,P028,store,95,2.22,0,0,0
2024-06-10,P028,store,10,2.22,0,0,0
2024-06-17,P028,store,9,1.66,25,1,0
2024-06-24,P028,store,13,2.22,0,0,0
2024-07-01,P028,store,6,2.22,0,0,0
2024-07-08,P028,store,0,2.22,0,0,0
2024-07-15,P028,store,41,2.22,0,0,0
2024-07-22,P028,store,28,2.22,0,0,0
2024-07-29,P028,store,4,1.89,15,1,0
2024-08-05,P028,store,21,2.22,0,0,0
2024-08-12,P028,store,26,2.22,0,0,0
2024-08-19,P028,store,3,2.22,0,0,0
2024-08-26,P028,store,5,2.22,0,0,0
2024-09-02,P028,store,7,2.22,0,0,0
2024-09-09,P028,store,10,2.22,0,0,0
2024-09-16,P028,store,19,2.22,0,0,0
2024-09-23,P028,store,2,2.22,0,0,0
2024-09-30,P028,store,38,2.22,0,0,0
2024-10-07,P028,store,2,2.22,0,0,0
2024-10-14,P028,store,16,2.22,0,0,0
2024-10-21,P028,store,62,2.22,0,0,0
2024-10-28,P028,store,22,2.22,0,0,0
2024-11-04,P028,store,48,2.22,0,0,0
2024-11-11,P028,store,8,2.22,0,0,0
2024-11-18,P028,store,10,2.22,0,0,0
2024-11-25,P028,store,9,2.0,10,1,0
2024-12-02,P028,store,8,2.22,0,0,0
2024-12-09,P028,store,29,2.22,0,0,0
2024-12-16,P028,store,19,2.22,0,0,0
2024-12-23,P028,store,176,2.22,0,0,0
2024-12-30,P028,store,111,2.22,0,0,0
2025-01-06,P028,store,54,2.22,0,0,0
2025-01-13,P028,store,3,2.22,0,0,0
2025-01-20,P028,store,49,2.22,0,0,0
2025-01-27,P028,store,16,2.22,0,0,0
2025-02-03,P028,store,5,2.22,0,0,0
2025-02-10,P028,store,31,2.22,0,0,0
2025-02-17,P028,store,14,2.22,0,0,0
2025-02-24,P028,store,47,1.78,20,1,0
2025-03-03,P028,store,26,2.22,0,0,0
2025-03-10,P028,store,22,2.22,0,0,0
2025-03-17,P028,store,34,1.78,20,1,0
2025-03-24,P028,store,5,2.22,0,0,0
2025-03-31,P028,store,37,2.22,0,0,0
2025-04-07,P028,store,61,2.0,10,1,0
2025-04-14,P028,store,29,2.22,0,0,0
2025-04-21,P028,store,5,2.22,0,0,0
2025-04-28,P028,store,4,2.22,0,0,0
2025-05-05,P028,store,20,2.22,0,0,0
2025-05-12,P028,store,16,2.22,0,0,0
2025-05-19,P028,store,14,2.22,0,0,0
2025-05-26,P028,store,58,1.55,30,1,0
2025-06-02,P028,store,14,2.22,0,0,0
2025-06-09,P028,store,29,2.22,0,0,0
2025-06-16,P028,store,3,2.22,0,0,0
2025-06-23,P028,store,18,2.22,0,0,0
2025-06-30,P028,store,8,2.22,0,0,0
2025-07-07,P028,store,14,2.22,0,0,0
2025-07-14,P028,store,17,1.66,25,1,0
2025-07-21,P028,store,54,2.22,0,0,0
2025-07-28,P028,store,76,2.22,0,0,0
2025-08-04,P028,store,10,2.22,0,0,0
2025-08-11,P028,store,3,2.22,0,0,0
2025-08-18,P028,store,5,2.22,0,0,0
2025-08-25,P028,store,23,1.89,15,1,0
2025-09-01,P028,store,8,2.22,0,0,0
2025-09-08,P028,store,19,2.22,0,0,0
2025-09-15,P028,store,49,1.55,30,1,0
2025-09-22,P028,store,11,2.22,0,0,0
2025-09-29,P028,store,33,2.22,0,0,0
2025-10-06,P028,store,0,2.22,0,0,0
2025-10-13,P028,store,11,2.22,0,0,0
2025-10-20,P028,store,55,2.22,0,0,0
2025-10-27,P028,store,16,2.22,0,0,0
2025-11-03,P028,store,6,1.89,15,1,0
2025-11-10,P028,store,37,2.22,0,0,0
2025-11-17,P028,store,33,2.22,0,0,0
2025-11-24,P028,store,10,2.22,0,0,0
2025-12-01,P028,store,18,2.22,0,0,0
2025-12-08,P028,store,14,2.22,0,0,0
2025-12-15,P028,store,18,2.22,0,0,0
2025-12-22,P028,store,37,2.22,0,0,0
2023-01-02,P028,online,0,2.22,0,0,0
2023-01-09,P028,online,1,2.22,0,0,0
2023-01-16,P028,online,12,2.22,0,0,0
2023-01-23,P028,online,3,2.22,0,0,0
2023-01-30,P028,online,7,2.22,0,0,0
2023-02-06,P028,online,16,2.22,0,0,0
2023-02-13,P028,online,30,2.22,0,0,0
2023-02-20,P028,online,26,2.22,0,0,0
2023-02-27,P028,online,47,1.89,15,1,0
2023-03-06,P028,online,23,2.22,0,0,0
2023-03-13,P028,online,15,2.22,0,0,0
2023-03-20,P028,online,7,2.22,0,0,0
2023-03-27,P028,online,29,2.22,0,0,0
2023-04-03,P028,online,25,2.22,0,0,0
2023-04-10,P028,online,3,2.22,0,0,0
2023-04-17,P028,online,5,2.22,0,0,0
2023-04-24,P028,online,10,1.55,30,1,0
2023-05-01,P028,online,4,2.22,0,0,0
2023-05-08,P028,online,1,2.22,0,0,0
2023-05-15,P028,online,39,2.22,0,0,0
2023-05-22,P028,online,18,2.22,0,0,0
2023-05-29,P028,online,93,2.22,0,0,0
2023-06-05,P028,online,17,2.0,10,1,0
2023-06-12,P028,online,16,2.22,0,0,0
2023-06-19,P028,online,28,2.22,0,0,0
2023-06-26,P028,online,5,2.22,0,0,0
2023-07-03,P028,online,20,2.22,0,0,0
2023-07-10,P028,online,9,2.22,0,0,0
2023-07-17,P028,online,6,2.22,0,0,0
2023-07-24,P028,online,9,2.22,0,0,0
2023-07-31,P028,online,11,2.22,0,0,0
2023-08-07,P028,online,25,2.22,0,0,0
2023-08-14,P028,online,1,2.22,0,0,0
2023-08-21,P028,online,1,2.22,0,0,0
2023-08-28,P028,online,3,2.22,0,0,0
2023-09-04,P028,online,18,2.22,0,0,0
2023-09-11,P028,online,14,2.22,0,0,0
2023-09-18,P028,online,20,2.22,0,0,0
2023-09-25,P028,online,1,2.22,0,0,0
2023-10-02,P028,online,1,2.22,0,0,0
2023-10-09,P028,online,27,1.78,20,1,0
2023-10-16,P028,online,7,2.22,0,0,0
2023-10-23,P028,online,2,2.22,0,0,0
2023-10-30,P028,online,16,2.22,0,0,0
2023-11-06,P028,online,10,2.0,10,1,0
2023-11-13,P028,online,86,2.22,0,0,0
2023-11-20,P028,online,16,2.22,0,0,0
2023-11-27,P028,online,12,2.22,0,0,0
2023-12-04,P028,online,0,2.22,0,0,0
2023-12-11,P028,online,43,2.0,10,1,0
2023-12-18,P028,online,42,2.22,0,0,0
2023-12-25,P028,online,0,2.22,0,0,0
2024-01-01,P028,online,85,1.55,30,1,0
2024-01-08,P028,online,23,2.22,0,0,0
2024-01-15,P028,online,4,2.22,0,0,0
2024-01-22,P028,online,1,2.22,0,0,0
2024-01-29,P028,online,18,2.22,0,0,0
2024-02-05,P028,online,9,2.22,0,0,0
2024-02-12,P028,online,94,1.78,20,1,0
2024-02-19,P028,online,13,2.22,0,0,0
2024-02-26,P028,online,1,2.22,0,0,0
2024-03-04,P028,online,3,2.22,0,0,0
2024-03-11,P028,online,3,2.22,0,0,0
2024-03-18,P028,online,9,2.22,0,0,0
2024-03-25,P028,online,30,1.66,25,1,0
2024-04-01,P028,online,29,2.22,0,0,0
2024-04-08,P028,online,12,2.22,0,0,0
2024-04-15,P028,online,23,2.22,0,0,0
2024-04-22,P028,online,97,2.22,0,0,0
2024-04-29,P028,online,16,2.22,0,0,0
2024-05-06,P028,online,30,2.22,0,0,0
2024-05-13,P028,online,23,2.22,0,0,0
2024-05-20,P028,online,22,2.22,0,0,0
2024-05-27,P028,online,8,2.22,0,0,0
2024-06-03,P028,online,71,1.66,25,1,0
2024-06-10,P028,online,16,2.22,0,0,0
2024-06-17,P028,online,5,2.22,0,0,0
2024-06-24,P028,online,13,2.22,0,0,0
2024-07-01,P028,online,12,2.0,10,1,0
2024-07-08,P028,online,11,2.22,0,0,0
2024-07-15,P028,online,58,2.0,10,1,0
2024-07-22,P028,online,3,2.22,0,0,0
2024-07-29,P028,online,9,2.22,0,0,0
2024-08-05,P028,online,33,2.22,0,0,0
2024-08-12,P028,online,45,2.22,0,0,0
2024-08-19,P028,online,18,2.22,0,0,0
2024-08-26,P028,online,49,2.22,0,0,0
2024-09-02,P028,online,5,2.22,0,0,0
2024-09-09,P028,online,24,2.22,0,0,0
2024-09-16,P028,online,1,2.22,0,0,0
2024-09-23,P028,online,49,2.22,0,0,0
2024-09-30,P028,online,33,2.22,0,0,0
2024-10-07,P028,online,2,2.22,0,0,0
2024-10-14,P028,online,6,2.22,0,0,0
2024-10-21,P028,online,2,2.22,0,0,0
2024-10-28,P028,online,15,2.22,0,0,0
2024-11-04,P028,online,24,2.22,0,0,0
2024-11-11,P028,online,10,2.22,0,0,0
2024-11-18,P028,online,1,2.22,0,0,0
2024-11-25,P028,online,10,2.22,0,0,0
2024-12-02,P028,online,39,2.22,0,0,0
2024-12-09,P028,online,10,2.22,0,0,0
2024-12-16,P028,online,29,2.22,0,0,0
2024-12-23,P028,online,0,2.22,0,0,0
2024-12-30,P028,online,63,2.22,0,0,0
2025-01-06,P028,online,2,2.22,0,0,0
2025-01-13,P028,online,8,2.22,0,0,0
2025-01-20,P028,online,20,2.0,10,1,0
2025-01-27,P028,online,7,2.22,0,0,0
2025-02-03,P028,online,86,1.55,30,1,0
2025-02-10,P028,online,14,2.22,0,0,0
2025-02-17,P028,online,51,2.22,0,0,0
2025-02-24,P028,online,29,2.22,0,0,0
2025-03-03,P028,online,7,2.22,0,0,0
2025-03-10,P028,online,25,2.22,0,0,0
2025-03-17,P028,online,107,2.22,0,0,0
2025-03-24,P028,online,9,2.22,0,0,0
2025-03-31,P028,online,8,1.89,15,1,0
2025-04-07,P028,online,0,2.22,0,0,0
2025-04-14,P028,online,98,1.55,30,1,0
2025-04-21,P028,online,6,2.22,0,0,0
2025-04-28,P028,online,20,1.55,30,1,0
2025-05-05,P028,online,89,2.22,0,0,0
2025-05-12,P028,online,15,1.55,30,1,0
2025-05-19,P028,online,43,2.22,0,0,0
2025-05-26,P028,online,16,2.22,0,0,0
2025-06-02,P028,online,26,2.22,0,0,0
2025-06-09,P028,online,26,2.22,0,0,0
2025-06-16,P028,online,3,2.22,0,0,0
2025-06-23,P028,online,10,2.22,0,0,0
2025-06-30,P028,online,19,2.22,0,0,0
2025-07-07,P028,online,3,2.22,0,0,0
2025-07-14,P028,online,101,2.22,0,0,0
2025-07-21,P028,online,28,2.22,0,0,0
2025-07-28,P028,online,48,2.22,0,0,0
2025-08-04,P028,online,21,2.22,0,0,0
2025-08-11,P028,online,9,2.22,0,0,0
2025-08-18,P028,online,16,2.22,0,0,0
2025-08-25,P028,online,35,2.22,0,0,0
2025-09-01,P028,online,101,2.22,0,0,0
2025-09-08,P028,online,23,1.78,20,1,0
2025-09-15,P028,online,6,2.22,0,0,0
2025-09-22,P028,online,4,2.22,0,0,0
2025-09-29,P028,online,15,2.22,0,0,0
2025-10-06,P028,online,12,2.22,0,0,0
2025-10-13,P028,online,2,2.22,0,0,0
2025-10-20,P028,online,0,2.22,0,0,0
2025-10-27,P028,online,27,1.78,20,1,0
2025-11-03,P028,online,2,2.22,0,0,0
2025-11-10,P028,online,9,2.22,0,0,0
2025-11-17,P028,online,3,2.22,0,0,0
2025-11-24,P028,online,24,2.22,0,0,0
2025-12-01,P028,online,1,2.22,0,0,0
2025-12-08,P028,online,25,2.22,0,0,0
2025-12-15,P028,online,28,2.22,0,0,0
2025-12-22,P028,online,2,2.22,0,0,0
2023-01-02,P029,store,61,112.87,0,0,0
2023-01-09,P029,store,77,112.87,0,0,0
2023-01-16,P029,store,96,112.87,0,0,0
2023-01-23,P029,store,123,112.87,0,0,0
2023-01-30,P029,store,85,112.87,0,0,0
2023-02-06,P029,store,66,112.87,0,0,0
2023-02-13,P029,store,109,112.87,0,0,0
2023-02-20,P029,store,109,112.87,0,0,0
2023-02-27,P029,store,325,84.65,25,1,0
2023-03-06,P029,store,97,112.87,0,0,0
2023-03-13,P029,store,131,112.87,0,0,0
2023-03-20,P029,store,101,112.87,0,0,0
2023-03-27,P029,store,119,112.87,0,0,0
2023-04-03,P029,store,114,112.87,0,0,0
2023-04-10,P029,store,118,112.87,0,0,0
2023-04-17,P029,store,133,112.87,0,0,0
2023-04-24,P029,store,112,112.87,0,0,0
2023-05-01,P029,store,77,112.87,0,0,0
2023-05-08,P029,store,95,112.87,0,0,0
2023-05-15,P029,store,106,112.87,0,0,0
2023-05-22,P029,store,90,112.87,0,0,0
2023-05-29,P029,store,88,101.58,10,1,0
2023-06-05,P029,store,51,112.87,0,0,0
2023-06-12,P029,store,119,112.87,0,0,0
2023-06-19,P029,store,63,112.87,0,0,0
2023-06-26,P029,store,83,112.87,0,0,0
2023-07-03,P029,store,124,95.94,15,1,0
2023-07-10,P029,store,59,112.87,0,0,0
2023-07-17,P029,store,89,112.87,0,0,0
2023-07-24,P029,store,79,112.87,0,0,0
2023-07-31,P029,store,77,112.87,0,0,0
2023-08-07,P029,store,91,112.87,0,0,0
2023-08-14,P029,store,131,112.87,0,0,0
2023-08-21,P029,store,139,112.87,0,0,0
2023-08-28,P029,store,94,112.87,0,0,0
2023-09-04,P029,store,120,112.87,0,0,0
2023-09-11,P029,store,124,112.87,0,0,0
2023-09-18,P029,store,136,112.87,0,0,0
2023-09-25,P029,store,303,90.3,20,1,0
2023-10-02,P029,store,129,112.87,0,0,0
2023-10-09,P029,store,107,112.87,0,0,0
2023-10-16,P029,store,97,112.87,0,0,0
2023-10-23,P029,store,139,112.87,0,0,0
2023-10-30,P029,store,98,112.87,0,0,0
2023-11-06,P029,store,190,84.65,25,1,0
2023-11-13,P029,store,83,112.87,0,0,0
2023-11-20,P029,store,81,112.87,0,0,0
2023-11-27,P029,store,129,112.87,0,0,0
2023-12-04,P029,store,114,112.87,0,0,0
2023-12-11,P029,store,96,112.87,0,0,0
2023-12-18,P029,store,98,112.87,0,0,0
2023-12-25,P029,store,151,101.58,10,1,0
2024-01-01,P029,store,82,112.87,0,0,0
2024-01-08,P029,store,95,112.87,0,0,0
2024-01-15,P029,store,233,79.01,30,1,0
2024-01-22,P029,store,59,112.87,0,0,0
2024-01-29,P029,store,69,112.87,0,0,0
2024-02-05,P029,store,92,112.87,0,0,0
2024-02-12,P029,store,122,112.87,0,0,0
2024-02-19,P029,store,85,112.87,0,0,0
2024-02-26,P029,store,114,112.87,0,0,0
2024-03-04,P029,store,134,112.87,0,0,0
2024-03-11,P029,store,149,101.58,10,1,0
2024-03-18,P029,store,135,112.87,0,0,0
2024-03-25,P029,store,205,95.94,15,1,0
2024-04-01,P029,store,96,112.87,0,0,0
2024-04-08,P029,store,99,112.87,0,0,0
2024-04-15,P029,store,369,84.65,25,1,0
2024-04-22,P029,store,131,112.87,0,0,0
2024-04-29,P029,store,105,112.87,0,0,0
2024-05-06,P029,store,98,112.87,0,0,0
2024-05-13,P029,store,81,112.87,0,0,0
2024-05-20,P029,store,110,112.87,0,0,0
2024-05-27,P029,store,105,112.87,0,0,0
2024-06-03,P029,store,80,112.87,0,0,0
2024-06-10,P029,store,193,95.94,15,1,0
2024-06-17,P029,store,81,112.87,0,0,0
2024-06-24,P029,store,235,90.3,20,1,0
2024-07-01,P029,store,61,112.87,0,0,0
2024-07-08,P029,store,75,112.87,0,0,0
2024-07-15,P029,store,79,112.87,0,0,0
2024-07-22,P029,store,97,112.87,0,0,0
2024-07-29,P029,store,81,112.87,0,0,0
2024-08-05,P029,store,110,112.87,0,0,0
2024-08-12,P029,store,95,112.87,0,0,0
2024-08-19,P029,store,61,112.87,0,0,0
2024-08-26,P029,store,116,112.87,0,0,0
2024-09-02,P029,store,120,112.87,0,0,0
2024-09-09,P029,store,108,112.87,0,0,0
2024-09-16,P029,store,132,112.87,0,0,0
2024-09-23,P029,store,89,112.87,0,0,0
2024-09-30,P029,store,92,112.87,0,0,0
2024-10-07,P029,store,76,112.87,0,0,0
2024-10-14,P029,store,296,84.65,25,1,0
2024-10-21,P029,store,42,112.87,0,0,0
2024-10-28,P029,store,95,112.87,0,0,0
2024-11-04,P029,store,78,112.87,0,0,0
2024-11-11,P029,store,114,112.87,0,0,0
2024-11-18,P029,store,101,112.87,0,0,0
2024-11-25,P029,store,115,112.87,0,0,0
2024-12-02,P029,store,118,112.87,0,0,0
2024-12-09,P029,store,146,112.87,0,0,0
2024-12-16,P029,store,172,112.87,0,0,0
2024-12-23,P029,store,113,112.87,0,0,0
2024-12-30,P029,store,77,112.87,0,0,0
2025-01-06,P029,store,108,112.87,0,0,0
2025-01-13,P029,store,72,112.87,0,0,0
2025-01-20,P029,store,66,112.87,0,0,0
2025-01-27,P029,store,84,112.87,0,0,0
2025-02-03,P029,store,99,112.87,0,0,0
2025-02-10,P029,store,200,79.01,30,1,0
2025-02-17,P029,store,79,112.87,0,0,0
2025-02-24,P029,store,120,112.87,0,0,0
2025-03-03,P029,store,146,112.87,0,0,0
2025-03-10,P029,store,149,112.87,0,0,0
2025-03-17,P029,store,372,79.01,30,1,0
2025-03-24,P029,store,153,112.87,0,0,0
2025-03-31,P029,store,153,112.87,0,0,0
2025-04-07,P029,store,98,112.87,0,0,0
2025-04-14,P029,store,125,112.87,0,0,0
2025-04-21,P029,store,127,101.58,10,1,0
2025-04-28,P029,store,68,112.87,0,0,0
2025-05-05,P029,store,218,84.65,25,1,0
2025-05-12,P029,store,67,112.87,0,0,0
2025-05-19,P029,store,83,112.87,0,0,0
2025-05-26,P029,store,87,112.87,0,0,0
2025-06-02,P029,store,126,112.87,0,0,0
2025-06-09,P029,store,103,112.87,0,0,0
2025-06-16,P029,store,73,112.87,0,0,0
2025-06-23,P029,store,129,112.87,0,0,0
2025-06-30,P029,store,94,112.87,0,0,0
2025-07-07,P029,store,124,112.87,0,0,0
2025-07-14,P029,store,213,90.3,20,1,0
2025-07-21,P029,store,81,112.87,0,0,0
2025-07-28,P029,store,101,112.87,0,0,0
2025-08-04,P029,store,126,112.87,0,0,0
2025-08-11,P029,store,111,112.87,0,0,0
2025-08-18,P029,store,85,112.87,0,0,0
2025-08-25,P029,store,129,112.87,0,0,0
2025-09-01,P029,store,103,112.87,0,0,0
2025-09-08,P029,store,148,112.87,0,0,0
2025-09-15,P029,store,154,112.87,0,0,0
2025-09-22,P029,store,128,112.87,0,0,0
2025-09-29,P029,store,153,101.58,10,1,0
2025-10-06,P029,store,91,112.87,0,0,0
2025-10-13,P029,store,114,112.87,0,0,0
2025-10-20,P029,store,126,112.87,0,0,0
2025-10-27,P029,store,127,112.87,0,0,0
2025-11-03,P029,store,90,112.87,0,0,0
2025-11-10,P029,store,100,112.87,0,0,0
2025-11-17,P029,store,91,112.87,0,0,0
2025-11-24,P029,store,117,112.87,0,0,0
2025-12-01,P029,store,126,112.87,0,0,0
2025-12-08,P029,store,86,112.87,0,0,0
2025-12-15,P029,store,128,112.87,0,0,0
2025-12-22,P029,store,138,112.87,0,0,0
2023-01-02,P029,online,74,112.87,0,0,0
2023-01-09,P029,online,60,112.87,0,0,0
2023-01-16,P029,online,65,112.87,0,0,0
2023-01-23,P029,online,58,112.87,0,0,0
2023-01-30,P029,online,58,112.87,0,0,0
2023-02-06,P029,online,55,112.87,0,0,0
2023-02-13,P029,online,87,112.87,0,0,0
2023-02-20,P029,online,74,112.87,0,0,0
2023-02-27,P029,online,126,95.94,15,1,0
2023-03-06,P029,online,64,112.87,0,0,0
2023-03-13,P029,online,66,112.87,0,0,0
2023-03-20,P029,online,56,112.87,0,0,0
2023-03-27,P029,online,52,112.87,0,0,0
2023-04-03,P029,online,63,112.87,0,0,0
2023-04-10,P029,online,67,112.87,0,0,0
2023-04-17,P029,online,95,112.87,0,0,0
2023-04-24,P029,online,274,79.01,30,1,0
2023-05-01,P029,online,71,112.87,0,0,0
2023-05-08,P029,online,62,112.87,0,0,0
2023-05-15,P029,online,50,112.87,0,0,0
2023-05-22,P029,online,46,112.87,0,0,0
2023-05-29,P029,online,54,112.87,0,0,0
2023-06-05,P029,online,81,112.87,0,0,0
2023-06-12,P029,online,52,112.87,0,0,0
2023-06-19,P029,online,79,112.87,0,0,0
2023-06-26,P029,online,59,112.87,0,0,0
2023-07-03,P029,online,48,112.87,0,0,0
2023-07-10,P029,online,60,112.87,0,0,0
2023-07-17,P029,online,41,112.87,0,0,0
2023-07-24,P029,online,74,112.87,0,0,0
2023-07-31,P029,online,230,79.01,30,1,0
2023-08-07,P029,online,83,112.87,0,0,0
2023-08-14,P029,online,114,112.87,0,0,0
2023-08-21,P029,online,92,112.87,0,0,0
2023-08-28,P029,online,118,112.87,0,0,0
2023-09-04,P029,online,81,112.87,0,0,0
2023-09-11,P029,online,94,112.87,0,0,0
2023-09-18,P029,online,90,112.87,0,0,0
2023-09-25,P029,online,82,112.87,0,0,0
2023-10-02,P029,online,74,112.87,0,0,0
2023-10-09,P029,online,102,112.87,0,0,0
2023-10-16,P029,online,78,112.87,0,0,0
2023-10-23,P029,online,67,112.87,0,0,0
2023-10-30,P029,online,90,112.87,0,0,0
2023-11-06,P029,online,74,112.87,0,0,0
2023-11-13,P029,online,110,112.87,0,0,0
2023-11-20,P029,online,102,112.87,0,0,0
2023-11-27,P029,online,78,112.87,0,0,0
2023-12-04,P029,online,85,112.87,0,0,0
2023-12-11,P029,online,127,95.94,15,1,0
2023-12-18,P029,online,63,112.87,0,0,0
2023-12-25,P029,online,81,112.87,0,0,0
2024-01-01,P029,online,62,112.87,0,0,0
2024-01-08,P029,online,87,112.87,0,0,0
2024-01-15,P029,online,75,112.87,0,0,0
2024-01-22,P029,online,48,112.87,0,0,0
2024-01-29,P029,online,197,79.01,30,1,0
2024-02-05,P029,online,75,112.87,0,0,0
2024-02-12,P029,online,100,112.87,0,0,0
2024-02-19,P029,online,119,112.87,0,0,0
2024-02-26,P029,online,85,112.87,0,0,0
2024-03-04,P029,online,64,112.87,0,0,0
2024-03-11,P029,online,110,112.87,0,0,0
2024-03-18,P029,online,109,112.87,0,0,0
2024-03-25,P029,online,96,112.87,0,0,0
2024-04-01,P029,online,114,112.87,0,0,0
2024-04-08,P029,online,116,112.87,0,0,0
2024-04-15,P029,online,71,112.87,0,0,0
2024-04-22,P029,online,89,112.87,0,0,0
2024-04-29,P029,online,51,112.87,0,0,0
2024-05-06,P029,online,221,90.3,20,1,0
2024-05-13,P029,online,52,112.87,0,0,0
2024-05-20,P029,online,89,112.87,0,0,0
2024-05-27,P029,online,104,101.58,10,1,0
2024-06-03,P029,online,56,112.87,0,0,0
2024-06-10,P029,online,70,112.87,0,0,0
2024-06-17,P029,online,51,112.87,0,0,0
2024-06-24,P029,online,81,112.87,0,0,0
2024-07-01,P029,online,64,112.87,0,0,0
2024-07-08,P029,online,103,112.87,0,0,0
2024-07-15,P029,online,78,112.87,0,0,0
2024-07-22,P029,online,79,112.87,0,0,0
2024-07-29,P029,online,86,112.87,0,0,0
2024-08-05,P029,online,216,84.65,25,1,0
2024-08-12,P029,online,61,112.87,0,0,0
2024-08-19,P029,online,234,90.3,20,1,0
2024-08-26,P029,online,64,112.87,0,0,0
2024-09-02,P029,online,198,90.3,20,1,0
2024-09-09,P029,online,101,112.87,0,0,0
2024-09-16,P029,online,129,112.87,0,0,0
2024-09-23,P029,online,55,112.87,0,0,0
2024-09-30,P029,online,111,112.87,0,0,0
2024-10-07,P029,online,90,112.87,0,0,0
2024-10-14,P029,online,90,112.87,0,0,0
2024-10-21,P029,online,117,95.94,15,1,0
2024-10-28,P029,online,86,112.87,0,0,0
2024-11-04,P029,online,213,84.65,25,1,0
2024-11-11,P029,online,71,112.87,0,0,0
2024-11-18,P029,online,232,112.87,0,0,0
2024-11-25,P029,online,140,112.87,0,0,0
2024-12-02,P029,online,88,112.87,0,0,0
2024-12-09,P029,online,104,112.87,0,0,0
2024-12-16,P029,online,91,112.87,0,0,0
2024-12-23,P029,online,91,112.87,0,0,0
2024-12-30,P029,online,63,112.87,0,0,0
2025-01-06,P029,online,79,112.87,0,0,0
2025-01-13,P029,online,70,112.87,0,0,0
2025-01-20,P029,online,78,112.87,0,0,0
2025-01-27,P029,online,55,112.87,0,0,0
2025-02-03,P029,online,109,112.87,0,0,0
2025-02-10,P029,online,70,112.87,0,0,0
2025-02-17,P029,online,84,112.87,0,0,0
2025-02-24,P029,online,64,112.87,0,0,0
2025-03-03,P029,online,79,112.87,0,0,0
2025-03-10,P029,online,189,84.65,25,1,0
2025-03-17,P029,online,72,112.87,0,0,0
2025-03-24,P029,online,78,112.87,0,0,0
2025-03-31,P029,online,88,112.87,0,0,0
2025-04-07,P029,online,260,79.01,30,1,0
2025-04-14,P029,online,67,112.87,0,0,0
2025-04-21,P029,online,97,112.87,0,0,0
2025-04-28,P029,online,257,79.01,30,1,0
2025-05-05,P029,online,80,112.87,0,0,0
2025-05-12,P029,online,91,112.87,0,0,0
2025-05-19,P029,online,69,112.87,0,0,0
2025-05-26,P029,online,64,112.87,0,0,0
2025-06-02,P029,online,98,112.87,0,0,0
2025-06-09,P029,online,173,84.65,25,1,0
2025-06-16,P029,online,62,112.87,0,0,0
2025-06-23,P029,online,75,112.87,0,0,0
2025-06-30,P029,online,108,112.87,0,0,0
2025-07-07,P029,online,60,112.87,0,0,0
2025-07-14,P029,online,54,112.87,0,0,0
2025-07-21,P029,online,77,112.87,0,0,0
2025-07-28,P029,online,104,112.87,0,0,0
2025-08-04,P029,online,62,112.87,0,0,0
2025-08-11,P029,online,72,112.87,0,0,0
2025-08-18,P029,online,114,112.87,0,0,0
2025-08-25,P029,online,147,112.87,0,0,0
2025-09-01,P029,online,109,101.58,10,1,0
2025-09-08,P029,online,127,112.87,0,0,0
2025-09-15,P029,online,101,112.87,0,0,0
2025-09-22,P029,online,133,112.87,0,0,0
2025-09-29,P029,online,111,112.87,0,0,0
2025-10-06,P029,online,97,112.87,0,0,0
2025-10-13,P029,online,124,112.87,0,0,0
2025-10-20,P029,online,100,112.87,0,0,0
2025-10-27,P029,online,99,112.87,0,0,0
2025-11-03,P029,online,114,112.87,0,0,0
2025-11-10,P029,online,118,112.87,0,0,0
2025-11-17,P029,online,156,112.87,0,0,0
2025-11-24,P029,online,387,84.65,25,1,0
2025-12-01,P029,online,105,112.87,0,0,0
2025-12-08,P029,online,106,112.87,0,0,0
2025-12-15,P029,online,79,112.87,0,0,0
2025-12-22,P029,online,149,112.87,0,0,0
2023-01-02,P030,store,49,140.79,0,0,0
2023-01-09,P030,store,56,140.79,0,0,0
2023-01-16,P030,store,37,140.79,0,0,0
2023-01-23,P030,store,53,140.79,0,0,0
2023-01-30,P030,store,68,140.79,0,0,0
2023-02-06,P030,store,25,140.79,0,0,0
2023-02-13,P030,store,57,140.79,0,0,0
2023-02-20,P030,store,52,140.79,0,0,0
2023-02-27,P030,store,55,140.79,0,0,0
2023-03-06,P030,store,35,140.79,0,0,0
2023-03-13,P030,store,81,140.79,0,0,0
2023-03-20,P030,store,167,105.59,25,1,0
2023-03-27,P030,store,59,140.79,0,0,0
2023-04-03,P030,store,49,140.79,0,0,0
2023-04-10,P030,store,70,140.79,0,0,0
2023-04-17,P030,store,62,140.79,0,0,0
2023-04-24,P030,store,152,98.55,30,1,0
2023-05-01,P030,store,28,140.79,0,0,0
2023-05-08,P030,store,40,140.79,0,0,0
2023-05-15,P030,store,46,140.79,0,0,0
2023-05-22,P030,store,46,140.79,0,0,0
2023-05-29,P030,store,52,140.79,0,0,0
2023-06-05,P030,store,32,140.79,0,0,0
2023-06-12,P030,store,107,105.59,25,1,0
2023-06-19,P030,store,42,140.79,0,0,0
2023-06-26,P030,store,29,140.79,0,0,0
2023-07-03,P030,store,45,140.79,0,0,0
2023-07-10,P030,store,49,140.79,0,0,0
2023-07-17,P030,store,48,140.79,0,0,0
2023-07-24,P030,store,57,140.79,0,0,0
2023-07-31,P030,store,45,140.79,0,0,0
2023-08-07,P030,store,45,140.79,0,0,0
2023-08-14,P030,store,43,140.79,0,0,0
2023-08-21,P030,store,64,140.79,0,0,0
2023-08-28,P030,store,54,140.79,0,0,0
2023-09-04,P030,store,62,140.79,0,0,0
2023-09-11,P030,store,154,112.63,20,1,0
2023-09-18,P030,store,60,140.79,0,0,0
2023-09-25,P030,store,55,140.79,0,0,0
2023-10-02,P030,store,45,140.79,0,0,0
2023-10-09,P030,store,42,140.79,0,0,0
2023-10-16,P030,store,47,140.79,0,0,0
2023-10-23,P030,store,50,140.79,0,0,0
2023-10-30,P030,store,52,140.79,0,0,0
2023-11-06,P030,store,50,140.79,0,0,0
2023-11-13,P030,store,41,140.79,0,0,0
2023-11-20,P030,store,37,140.79,0,0,0
2023-11-27,P030,store,49,140.79,0,0,0
2023-12-04,P030,store,66,140.79,0,0,0
2023-12-11,P030,store,86,140.79,0,0,0
2023-12-18,P030,store,64,140.79,0,0,0
2023-12-25,P030,store,55,140.79,0,0,0
2024-01-01,P030,store,80,112.63,20,1,0
2024-01-08,P030,store,27,140.79,0,0,0
2024-01-15,P030,store,46,140.79,0,0,0
2024-01-22,P030,store,38,140.79,0,0,0
2024-01-29,P030,store,50,140.79,0,0,0
2024-02-05,P030,store,52,140.79,0,0,0
2024-02-12,P030,store,67,140.79,0,0,0
2024-02-19,P030,store,58,140.79,0,0,0
2024-02-26,P030,store,77,140.79,0,0,0
2024-03-04,P030,store,59,140.79,0,0,0
2024-03-11,P030,store,62,140.79,0,0,0
2024-03-18,P030,store,85,140.79,0,0,0
2024-03-25,P030,store,53,140.79,0,0,0
2024-04-01,P030,store,51,140.79,0,0,0
2024-04-08,P030,store,145,98.55,30,1,0
2024-04-15,P030,store,51,140.79,0,0,0
2024-04-22,P030,store,43,140.79,0,0,0
2024-04-29,P030,store,55,140.79,0,0,0
2024-05-06,P030,store,40,140.79,0,0,0
2024-05-13,P030,store,30,140.79,0,0,0
2024-05-20,P030,store,52,140.79,0,0,0
2024-05-27,P030,store,53,140.79,0,0,0
2024-06-03,P030,store,62,140.79,0,0,0
2024-06-10,P030,store,58,140.79,0,0,0
2024-06-17,P030,store,37,140.79,0,0,0
2024-06-24,P030,store,62,140.79,0,0,0
2024-07-01,P030,store,35,140.79,0,0,0
2024-07-08,P030,store,54,140.79,0,0,0
2024-07-15,P030,store,61,140.79,0,0,0
2024-07-22,P030,store,45,140.79,0,0,0
2024-07-29,P030,store,42,140.79,0,0,0
2024-08-05,P030,store,79,140.79,0,0,0
2024-08-12,P030,store,55,140.79,0,0,0
2024-08-19,P030,store,49,140.79,0,0,0
2024-08-26,P030,store,225,98.55,30,1,0
2024-09-02,P030,store,54,140.79,0,0,0
2024-09-09,P030,store,199,98.55,30,1,0
2024-09-16,P030,store,43,140.79,0,0,0
2024-09-23,P030,store,55,140.79,0,0,0
2024-09-30,P030,store,55,140.79,0,0,0
2024-10-07,P030,store,63,140.79,0,0,0
2024-10-14,P030,store,63,140.79,0,0,0
2024-10-21,P030,store,62,140.79,0,0,0
2024-10-28,P030,store,46,140.79,0,0,0
2024-11-04,P030,store,64,140.79,0,0,0
2024-11-11,P030,store,53,140.79,0,0,0
2024-11-18,P030,store,44,140.79,0,0,0
2024-11-25,P030,store,71,140.79,0,0,0
2024-12-02,P030,store,68,140.79,0,0,0
2024-12-09,P030,store,58,140.79,0,0,0
2024-12-16,P030,store,54,140.79,0,0,0
2024-12-23,P030,store,49,140.79,0,0,0
2024-12-30,P030,store,59,140.79,0,0,0
2025-01-06,P030,store,46,140.79,0,0,0
2025-01-13,P030,store,57,140.79,0,0,0
2025-01-20,P030,store,53,140.79,0,0,0
2025-01-27,P030,store,57,140.79,0,0,0
2025-02-03,P030,store,50,140.79,0,0,0
2025-02-10,P030,store,41,140.79,0,0,0
2025-02-17,P030,store,51,140.79,0,0,0
2025-02-24,P030,store,44,140.79,0,0,0
2025-03-03,P030,store,111,119.67,15,1,0
2025-03-10,P030,store,46,140.79,0,0,0
2025-03-17,P030,store,38,140.79,0,0,0
2025-03-24,P030,store,76,140.79,0,0,0
2025-03-31,P030,store,73,140.79,0,0,0
2025-04-07,P030,store,190,98.55,30,1,0
2025-04-14,P030,store,53,140.79,0,0,0
2025-04-21,P030,store,50,140.79,0,0,0
2025-04-28,P030,store,65,140.79,0,0,0
2025-05-05,P030,store,50,140.79,0,0,0
2025-05-12,P030,store,57,140.79,0,0,0
2025-05-19,P030,store,39,140.79,0,0,0
2025-05-26,P030,store,49,140.79,0,0,0
2025-06-02,P030,store,33,140.79,0,0,0
2025-06-09,P030,store,42,140.79,0,0,0
2025-06-16,P030,store,28,140.79,0,0,0
2025-06-23,P030,store,56,140.79,0,0,0
2025-06-30,P030,store,43,140.79,0,0,0
2025-07-07,P030,store,34,140.79,0,0,0
2025-07-14,P030,store,46,140.79,0,0,0
2025-07-21,P030,store,50,140.79,0,0,0
2025-07-28,P030,store,32,140.79,0,0,0
2025-08-04,P030,store,79,119.67,15,1,0
2025-08-11,P030,store,45,140.79,0,0,0
2025-08-18,P030,store,48,140.79,0,0,0
2025-08-25,P030,store,54,140.79,0,0,0
2025-09-01,P030,store,79,140.79,0,0,0
2025-09-08,P030,store,68,140.79,0,0,0
2025-09-15,P030,store,68,140.79,0,0,0
2025-09-22,P030,store,67,140.79,0,0,0
2025-09-29,P030,store,45,140.79,0,0,0
2025-10-06,P030,store,58,140.79,0,0,0
2025-10-13,P030,store,99,119.67,15,1,0
2025-10-20,P030,store,48,140.79,0,0,0
2025-10-27,P030,store,50,140.79,0,0,0
2025-11-03,P030,store,56,140.79,0,0,0
2025-11-10,P030,store,47,140.79,0,0,0
2025-11-17,P030,store,60,126.71,10,1,0
2025-11-24,P030,store,46,140.79,0,0,0
2025-12-01,P030,store,64,140.79,0,0,0
2025-12-08,P030,store,67,140.79,0,0,0
2025-12-15,P030,store,60,140.79,0,0,0
2025-12-22,P030,store,54,140.79,0,0,0
2023-01-02,P030,online,40,140.79,0,0,0
2023-01-09,P030,online,28,140.79,0,0,0
2023-01-16,P030,online,44,140.79,0,0,0
2023-01-23,P030,online,46,140.79,0,0,0
2023-01-30,P030,online,44,140.79,0,0,0
2023-02-06,P030,online,68,119.67,15,1,0
2023-02-13,P030,online,31,140.79,0,0,0
2023-02-20,P030,online,50,140.79,0,0,0
2023-02-27,P030,online,59,140.79,0,0,0
2023-03-06,P030,online,63,140.79,0,0,0
2023-03-13,P030,online,32,140.79,0,0,0
2023-03-20,P030,online,65,140.79,0,0,0
2023-03-27,P030,online,48,140.79,0,0,0
2023-04-03,P030,online,67,119.67,15,1,0
2023-04-10,P030,online,37,140.79,0,0,0
2023-04-17,P030,online,24,140.79,0,0,0
2023-04-24,P030,online,34,140.79,0,0,0
2023-05-01,P030,online,18,140.79,0,0,0
2023-05-08,P030,online,49,140.79,0,0,0
2023-05-15,P030,online,42,140.79,0,0,0
2023-05-22,P030,online,34,140.79,0,0,0
2023-05-29,P030,online,40,140.79,0,0,0
2023-06-05,P030,online,34,140.79,0,0,0
2023-06-12,P030,online,41,140.79,0,0,0
2023-06-19,P030,online,33,140.79,0,0,0
2023-06-26,P030,online,154,98.55,30,1,0
2023-07-03,P030,online,27,140.79,0,0,0
2023-07-10,P030,online,51,140.79,0,0,0
2023-07-17,P030,online,39,140.79,0,0,0
2023-07-24,P030,online,40,140.79,0,0,0
2023-07-31,P030,online,46,140.79,0,0,0
2023-08-07,P030,online,45,140.79,0,0,0
2023-08-14,P030,online,71,140.79,0,0,0
2023-08-21,P030,online,35,140.79,0,0,0
2023-08-28,P030,online,45,140.79,0,0,0
2023-09-04,P030,online,40,140.79,0,0,0
2023-09-11,P030,online,66,140.79,0,0,0
2023-09-18,P030,online,53,140.79,0,0,0
2023-09-25,P030,online,66,140.79,0,0,0
2023-10-02,P030,online,42,140.79,0,0,0
2023-10-09,P030,online,62,140.79,0,0,0
2023-10-16,P030,online,50,140.79,0,0,0
2023-10-23,P030,online,67,119.67,15,1,0
2023-10-30,P030,online,31,140.79,0,0,0
2023-11-06,P030,online,48,140.79,0,0,0
2023-11-13,P030,online,44,140.79,0,0,0
2023-11-20,P030,online,62,140.79,0,0,0
2023-11-27,P030,online,74,140.79,0,0,0
2023-12-04,P030,online,67,140.79,0,0,0
2023-12-11,P030,online,79,140.79,0,0,0
2023-12-18,P030,online,65,140.79,0,0,0
2023-12-25,P030,online,42,140.79,0,0,0
2024-01-01,P030,online,39,140.79,0,0,0
2024-01-08,P030,online,43,140.79,0,0,0
2024-01-15,P030,online,41,140.79,0,0,0
2024-01-22,P030,online,48,140.79,0,0,0
2024-01-29,P030,online,36,140.79,0,0,0
2024-02-05,P030,online,36,140.79,0,0,0
2024-02-12,P030,online,35,140.79,0,0,0
2024-02-19,P030,online,56,140.79,0,0,0
2024-02-26,P030,online,42,140.79,0,0,0
2024-03-04,P030,online,44,140.79,0,0,0
2024-03-11,P030,online,53,140.79,0,0,0
2024-03-18,P030,online,78,140.79,0,0,0
2024-03-25,P030,online,45,140.79,0,0,0
2024-04-01,P030,online,61,140.79,0,0,0
2024-04-08,P030,online,27,140.79,0,0,0
2024-04-15,P030,online,52,140.79,0,0,0
2024-04-22,P030,online,34,140.79,0,0,0
2024-04-29,P030,online,42,140.79,0,0,0
2024-05-06,P030,online,36,140.79,0,0,0
2024-05-13,P030,online,58,140.79,0,0,0
2024-05-20,P030,online,60,140.79,0,0,0
2024-05-27,P030,online,44,140.79,0,0,0
2024-06-03,P030,online,63,140.79,0,0,0
2024-06-10,P030,online,83,112.63,20,1,0
2024-06-17,P030,online,31,140.79,0,0,0
2024-06-24,P030,online,34,140.79,0,0,0
2024-07-01,P030,online,40,140.79,0,0,0
2024-07-08,P030,online,33,140.79,0,0,0
2024-07-15,P030,online,52,140.79,0,0,0
2024-07-22,P030,online,48,140.79,0,0,0
2024-07-29,P030,online,41,140.79,0,0,0
2024-08-05,P030,online,44,140.79,0,0,0
2024-08-12,P030,online,62,140.79,0,0,0
2024-08-19,P030,online,65,140.79,0,0,0
2024-08-26,P030,online,31,140.79,0,0,0
2024-09-02,P030,online,43,140.79,0,0,0
2024-09-09,P030,online,43,140.79,0,0,0
2024-09-16,P030,online,62,140.79,0,0,0
2024-09-23,P030,online,52,140.79,0,0,0
2024-09-30,P030,online,38,140.79,0,0,0
2024-10-07,P030,online,153,105.59,25,1,0
2024-10-14,P030,online,40,140.79,0,0,0
2024-10-21,P030,online,35,140.79,0,0,0
2024-10-28,P030,online,30,140.79,0,0,0
2024-11-04,P030,online,188,98.55,30,1,0
2024-11-11,P030,online,61,140.79,0,0,0
2024-11-18,P030,online,98,140.79,0,0,0
2024-11-25,P030,online,58,140.79,0,0,0
2024-12-02,P030,online,33,140.79,0,0,0
2024-12-09,P030,online,66,140.79,0,0,0
2024-12-16,P030,online,183,98.55,30,1,0
2024-12-23,P030,online,56,140.79,0,0,0
2024-12-30,P030,online,38,140.79,0,0,0
2025-01-06,P030,online,52,126.71,10,1,0
2025-01-13,P030,online,33,140.79,0,0,0
2025-01-20,P030,online,52,140.79,0,0,0
2025-01-27,P030,online,56,140.79,0,0,0
2025-02-03,P030,online,55,140.79,0,0,0
2025-02-10,P030,online,38,140.79,0,0,0
2025-02-17,P030,online,136,105.59,25,1,0
2025-02-24,P030,online,57,140.79,0,0,0
2025-03-03,P030,online,53,140.79,0,0,0
2025-03-10,P030,online,78,140.79,0,0,0
2025-03-17,P030,online,123,105.59,25,1,0
2025-03-24,P030,online,49,140.79,0,0,0
2025-03-31,P030,online,48,140.79,0,0,0
2025-04-07,P030,online,85,140.79,0,0,0
2025-04-14,P030,online,57,140.79,0,0,0
2025-04-21,P030,online,50,140.79,0,0,0
2025-04-28,P030,online,100,112.63,20,1,0
2025-05-05,P030,online,53,140.79,0,0,0
2025-05-12,P030,online,51,140.79,0,0,0
2025-05-19,P030,online,59,140.79,0,0,0
2025-05-26,P030,online,35,140.79,0,0,0
2025-06-02,P030,online,69,140.79,0,0,0
2025-06-09,P030,online,45,140.79,0,0,0
2025-06-16,P030,online,44,140.79,0,0,0
2025-06-23,P030,online,39,140.79,0,0,0
2025-06-30,P030,online,64,140.79,0,0,0
2025-07-07,P030,online,133,112.63,20,1,0
2025-07-14,P030,online,38,140.79,0,0,0
2025-07-21,P030,online,49,126.71,10,1,0
2025-07-28,P030,online,45,140.79,0,0,0
2025-08-04,P030,online,47,140.79,0,0,0
2025-08-11,P030,online,145,98.55,30,1,0
2025-08-18,P030,online,71,140.79,0,0,0
2025-08-25,P030,online,42,140.79,0,0,0
2025-09-01,P030,online,68,140.79,0,0,0
2025-09-08,P030,online,62,140.79,0,0,0
2025-09-15,P030,online,87,126.71,10,1,0
2025-09-22,P030,online,53,140.79,0,0,0
2025-09-29,P030,online,62,140.79,0,0,0
2025-10-06,P030,online,46,140.79,0,0,0
2025-10-13,P030,online,61,140.79,0,0,0
2025-10-20,P030,online,50,140.79,0,0,0
2025-10-27,P030,online,67,140.79,0,0,0
2025-11-03,P030,online,60,140.79,0,0,0
2025-11-10,P030,online,59,140.79,0,0,0
2025-11-17,P030,online,112,140.79,0,0,0
2025-11-24,P030,online,70,140.79,0,0,0
2025-12-01,P030,online,52,140.79,0,0,0
2025-12-08,P030,online,60,140.79,0,0,0
2025-12-15,P030,online,61,140.79,0,0,0
2025-12-22,P030,online,64,140.79,0,0,0
2023-01-02,P031,store,27,20.12,0,0,0
2023-01-09,P031,store,1,20.12,0,0,0
2023-01-16,P031,store,10,20.12,0,0,0
2023-01-23,P031,store,6,20.12,0,0,0
2023-01-30,P031,store,8,20.12,0,0,0
2023-02-06,P031,store,4,20.12,0,0,0
2023-02-13,P031,store,24,20.12,0,0,0
2023-02-20,P031,store,47,18.11,10,1,0
2023-02-27,P031,store,9,20.12,0,0,0
2023-03-06,P031,store,5,20.12,0,0,0
2023-03-13,P031,store,20,18.11,10,1,0
2023-03-20,P031,store,5,20.12,0,0,0
2023-03-27,P031,store,7,20.12,0,0,0
2023-04-03,P031,store,7,20.12,0,0,0
2023-04-10,P031,store,1,20.12,0,0,0
2023-04-17,P031,store,14,20.12,0,0,0
2023-04-24,P031,store,9,20.12,0,0,0
2023-05-01,P031,store,6,20.12,0,0,0
2023-05-08,P031,store,13,20.12,0,0,0
2023-05-15,P031,store,9,20.12,0,0,0
2023-05-22,P031,store,23,15.09,25,1,0
2023-05-29,P031,store,8,20.12,0,0,0
2023-06-05,P031,store,4,18.11,10,1,0
2023-06-12,P031,store,3,20.12,0,0,0
2023-06-19,P031,store,4,20.12,0,0,0
2023-06-26,P031,store,3,20.12,0,0,0
2023-07-03,P031,store,13,20.12,0,0,0
2023-07-10,P031,store,24,20.12,0,0,0
2023-07-17,P031,store,0,20.12,0,0,0
2023-07-24,P031,store,7,20.12,0,0,0
2023-07-31,P031,store,8,20.12,0,0,0
2023-08-07,P031,store,10,20.12,0,0,0
2023-08-14,P031,store,5,20.12,0,0,0
2023-08-21,P031,store,3,20.12,0,0,0
2023-08-28,P031,store,12,16.1,20,1,0
2023-09-04,P031,store,4,20.12,0,0,0
2023-09-11,P031,store,8,20.12,0,0,0
2023-09-18,P031,store,15,20.12,0,0,0
2023-09-25,P031,store,8,20.12,0,0,0
2023-10-02,P031,store,4,20.12,0,0,0
2023-10-09,P031,store,15,20.12,0,0,0
2023-10-16,P031,store,9,20.12,0,0,0
2023-10-23,P031,store,22,18.11,10,1,0
2023-10-30,P031,store,0,20.12,0,0,0
2023-11-06,P031,store,2,20.12,0,0,0
2023-11-13,P031,store,10,20.12,0,0,0
2023-11-20,P031,store,10,20.12,0,0,0
2023-11-27,P031,store,4,17.1,15,1,0
2023-12-04,P031,store,2,20.12,0,0,0
2023-12-11,P031,store,24,20.12,0,0,0
2023-12-18,P031,store,3,20.12,0,0,0
2023-12-25,P031,store,9,20.12,0,0,0
2024-01-01,P031,store,10,20.12,0,0,0
2024-01-08,P031,store,3,16.1,20,1,0
2024-01-15,P031,store,1,20.12,0,0,0
2024-01-22,P031,store,6,20.12,0,0,0
2024-01-29,P031,store,10,20.12,0,0,0
2024-02-05,P031,store,0,20.12,0,0,0
2024-02-12,P031,store,16,18.11,10,1,0
2024-02-19,P031,store,15,20.12,0,0,0
2024-02-26,P031,store,5,20.12,0,0,0
2024-03-04,P031,store,18,20.12,0,0,0
2024-03-11,P031,store,28,20.12,0,0,0
2024-03-18,P031,store,11,20.12,0,0,0
2024-03-25,P031,store,2,20.12,0,0,0
2024-04-01,P031,store,13,20.12,0,0,0
2024-04-08,P031,store,15,20.12,0,0,0
2024-04-15,P031,store,9,20.12,0,0,0
2024-04-22,P031,store,18,20.12,0,0,0
2024-04-29,P031,store,7,20.12,0,0,0
2024-05-06,P031,store,0,20.12,0,0,0
2024-05-13,P031,store,20,17.1,15,1,0
2024-05-20,P031,store,11,20.12,0,0,0
2024-05-27,P031,store,21,20.12,0,0,0
2024-06-03,P031,store,31,15.09,25,1,0
2024-06-10,P031,store,3,20.12,0,0,0
2024-06-17,P031,store,1,20.12,0,0,0
2024-06-24,P031,store,0,20.12,0,0,0
2024-07-01,P031,store,0,20.12,0,0,0
2024-07-08,P031,store,12,20.12,0,0,0
2024-07-15,P031,store,25,17.1,15,1,0
2024-07-22,P031,store,0,20.12,0,0,0
2024-07-29,P031,store,1,20.12,0,0,0
2024-08-05,P031,store,11,14.08,30,1,0
2024-08-12,P031,store,5,20.12,0,0,0
2024-08-19,P031,store,13,20.12,0,0,0
2024-08-26,P031,store,0,20.12,0,0,0
2024-09-02,P031,store,6,20.12,0,0,0
2024-09-09,P031,store,3,20.12,0,0,0
2024-09-16,P031,store,14,15.09,25,1,0
2024-09-23,P031,store,17,20.12,0,0,0
2024-09-30,P031,store,3,18.11,10,1,0
2024-10-07,P031,store,3,20.12,0,0,0
2024-10-14,P031,store,25,20.12,0,0,0
2024-10-21,P031,store,12,20.12,0,0,0
2024-10-28,P031,store,2,20.12,0,0,0
2024-11-04,P031,store,15,14.08,30,1,0
2024-11-11,P031,store,9,20.12,0,0,0
2024-11-18,P031,store,3,20.12,0,0,0
2024-11-25,P031,store,5,20.12,0,0,0
2024-12-02,P031,store,10,20.12,0,0,0
2024-12-09,P031,store,6,20.12,0,0,0
2024-12-16,P031,store,22,20.12,0,0,0
2024-12-23,P031,store,23,20.12,0,0,0
2024-12-30,P031,store,4,20.12,0,0,0
2025-01-06,P031,store,37,16.1,20,1,0
2025-01-13,P031,store,6,20.12,0,0,0
2025-01-20,P031,store,3,20.12,0,0,0
2025-01-27,P031,store,18,20.12,0,0,0
2025-02-03,P031,store,16,17.1,15,1,0
2025-02-10,P031,store,16,20.12,0,0,0
2025-02-17,P031,store,6,20.12,0,0,0
2025-02-24,P031,store,0,20.12,0,0,0
2025-03-03,P031,store,1,20.12,0,0,0
2025-03-10,P031,store,3,20.12,0,0,0
2025-03-17,P031,store,2,20.12,0,0,0
2025-03-24,P031,store,12,20.12,0,0,0
2025-03-31,P031,store,4,20.12,0,0,0
2025-04-07,P031,store,5,20.12,0,0,0
2025-04-14,P031,store,7,20.12,0,0,0
2025-04-21,P031,store,32,18.11,10,1,0
2025-04-28,P031,store,1,20.12,0,0,0
2025-05-05,P031,store,6,20.12,0,0,0
2025-05-12,P031,store,41,16.1,20,1,0
2025-05-19,P031,store,0,20.12,0,0,0
2025-05-26,P031,store,19,20.12,0,0,0
2025-06-02,P031,store,0,20.12,0,0,0
2025-06-09,P031,store,3,14.08,30,1,0
2025-06-16,P031,store,3,20.12,0,0,0
2025-06-23,P031,store,5,20.12,0,0,0
2025-06-30,P031,store,0,20.12,0,0,0
2025-07-07,P031,store,3,20.12,0,0,0
2025-07-14,P031,store,4,20.12,0,0,0
2025-07-21,P031,store,4,20.12,0,0,0
2025-07-28,P031,store,5,20.12,0,0,0
2025-08-04,P031,store,59,15.09,25,1,0
2025-08-11,P031,store,0,20.12,0,0,0
2025-08-18,P031,store,4,20.12,0,0,0
2025-08-25,P031,store,6,20.12,0,0,0
2025-09-01,P031,store,20,20.12,0,0,0
2025-09-08,P031,store,12,20.12,0,0,0
2025-09-15,P031,store,7,20.12,0,0,0
2025-09-22,P031,store,1,20.12,0,0,0
2025-09-29,P031,store,17,20.12,0,0,0
2025-10-06,P031,store,17,20.12,0,0,0
2025-10-13,P031,store,24,17.1,15,1,0
2025-10-20,P031,store,22,20.12,0,0,0
2025-10-27,P031,store,2,20.12,0,0,0
2025-11-03,P031,store,7,20.12,0,0,0
2025-11-10,P031,store,8,20.12,0,0,0
2025-11-17,P031,store,16,20.12,0,0,0
2025-11-24,P031,store,9,20.12,0,0,0
2025-12-01,P031,store,20,15.09,25,1,0
2025-12-08,P031,store,5,20.12,0,0,0
2025-12-15,P031,store,29,15.09,25,1,0
2025-12-22,P031,store,28,20.12,0,0,0
2023-01-02,P031,online,1,20.12,0,0,0
2023-01-09,P031,online,3,20.12,0,0,0
2023-01-16,P031,online,1,20.12,0,0,0
2023-01-23,P031,online,10,20.12,0,0,0
2023-01-30,P031,online,7,20.12,0,0,0
2023-02-06,P031,online,0,20.12,0,0,0
2023-02-13,P031,online,0,20.12,0,0,0
2023-02-20,P031,online,15,20.12,0,0,0
2023-02-27,P031,online,30,20.12,0,0,0
2023-03-06,P031,online,11,17.1,15,1,0
2023-03-13,P031,online,4,20.12,0,0,0
2023-03-20,P031,online,7,20.12,0,0,0
2023-03-27,P031,online,2,20.12,0,0,0
2023-04-03,P031,online,0,20.12,0,0,0
2023-04-10,P031,online,2,20.12,0,0,0
2023-04-17,P031,online,7,20.12,0,0,0
2023-04-24,P031,online,0,20.12,0,0,0
2023-05-01,P031,online,8,20.12,0,0,0
2023-05-08,P031,online,5,20.12,0,0,0
2023-05-15,P031,online,1,20.12,0,0,0
2023-05-22,P031,online,2,20.12,0,0,0
2023-05-29,P031,online,5,20.12,0,0,0
2023-06-05,P031,online,6,14.08,30,1,0
2023-06-12,P031,online,0,20.12,0,0,0
2023-06-19,P031,online,20,17.1,15,1,0
2023-06-26,P031,online,0,20.12,0,0,0
2023-07-03,P031,online,13,20.12,0,0,0
2023-07-10,P031,online,2,20.12,0,0,0
2023-07-17,P031,online,10,20.12,0,0,0
2023-07-24,P031,online,10,20.12,0,0,0
2023-07-31,P031,online,2,20.12,0,0,0
2023-08-07,P031,online,0,20.12,0,0,0
2023-08-14,P031,online,2,20.12,0,0,0
2023-08-21,P031,online,0,18.11,10,1,0
2023-08-28,P031,online,17,20.12,0,0,0
2023-09-04,P031,online,24,20.12,0,0,0
2023-09-11,P031,online,4,20.12,0,0,0
2023-09-18,P031,online,12,20.12,0,0,0
2023-09-25,P031,online,18,20.12,0,0,0
2023-10-02,P031,online,5,20.12,0,0,0
2023-10-09,P031,online,0,20.12,0,0,0
2023-10-16,P031,online,0,20.12,0,0,0
2023-10-23,P031,online,3,20.12,0,0,0
2023-10-30,P031,online,1,20.12,0,0,0
2023-11-06,P031,online,1,20.12,0,0,0
2023-11-13,P031,online,28,14.08,30,1,0
2023-11-20,P031,online,7,20.12,0,0,0
2023-11-27,P031,online,24,20.12,0,0,0
2023-12-04,P031,online,8,20.12,0,0,0
2023-12-11,P031,online,12,20.12,0,0,0
2023-12-18,P031,online,0,20.12,0,0,0
2023-12-25,P031,online,3,20.12,0,0,0
2024-01-01,P031,online,15,20.12,0,0,0
2024-01-08,P031,online,5,20.12,0,0,0
2024-01-15,P031,online,1,14.08,30,1,0
2024-01-22,P031,online,1,20.12,0,0,0
2024-01-29,P031,online,5,20.12,0,0,0
2024-02-05,P031,online,0,20.12,0,0,0
2024-02-12,P031,online,1,20.12,0,0,0
2024-02-19,P031,online,26,20.12,0,0,0
2024-02-26,P031,online,0,20.12,0,0,0
2024-03-04,P031,online,3,20.12,0,0,0
2024-03-11,P031,online,32,20.12,0,0,0
2024-03-18,P031,online,5,20.12,0,0,0
2024-03-25,P031,online,3,20.12,0,0,0
2024-04-01,P031,online,2,20.12,0,0,0
2024-04-08,P031,online,10,20.12,0,0,0
2024-04-15,P031,online,0,18.11,10,1,0
2024-04-22,P031,online,9,20.12,0,0,0
2024-04-29,P031,online,3,20.12,0,0,0
2024-05-06,P031,online,3,20.12,0,0,0
2024-05-13,P031,online,2,20.12,0,0,0
2024-05-20,P031,online,3,20.12,0,0,0
2024-05-27,P031,online,2,20.12,0,0,0
2024-06-03,P031,online,18,20.12,0,0,0
2024-06-10,P031,online,3,20.12,0,0,0
2024-06-17,P031,online,11,20.12,0,0,0
2024-06-24,P031,online,16,20.12,0,0,0
2024-07-01,P031,online,8,20.12,0,0,0
2024-07-08,P031,online,11,20.12,0,0,0
2024-07-15,P031,online,38,14.08,30,1,0
2024-07-22,P031,online,21,20.12,0,0,0
2024-07-29,P031,online,11,20.12,0,0,0
2024-08-05,P031,online,2,20.12,0,0,0
2024-08-12,P031,online,1,20.12,0,0,0
2024-08-19,P031,online,30,20.12,0,0,0
2024-08-26,P031,online,42,14.08,30,1,0
2024-09-02,P031,online,10,20.12,0,0,0
2024-09-09,P031,online,15,20.12,0,0,0
2024-09-16,P031,online,9,20.12,0,0,0
2024-09-23,P031,online,15,20.12,0,0,0
2024-09-30,P031,online,0,20.12,0,0,0
2024-10-07,P031,online,20,20.12,0,0,0
2024-10-14,P031,online,1,20.12,0,0,0
2024-10-21,P031,online,20,20.12,0,0,0
2024-10-28,P031,online,6,20.12,0,0,0
2024-11-04,P031,online,6,17.1,15,1,0
2024-11-11,P031,online,9,20.12,0,0,0
2024-11-18,P031,online,3,20.12,0,0,0
2024-11-25,P031,online,11,20.12,0,0,0
2024-12-02,P031,online,17,20.12,0,0,0
2024-12-09,P031,online,0,20.12,0,0,0
2024-12-16,P031,online,74,20.12,0,0,0
2024-12-23,P031,online,1,20.12,0,0,0
2024-12-30,P031,online,0,20.12,0,0,0
2025-01-06,P031,online,2,20.12,0,0,0
2025-01-13,P031,online,2,20.12,0,0,0
2025-01-20,P031,online,46,14.08,30,1,0
2025-01-27,P031,online,7,20.12,0,0,0
2025-02-03,P031,online,1,20.12,0,0,0
2025-02-10,P031,online,15,15.09,25,1,0
2025-02-17,P031,online,3,20.12,0,0,0
2025-02-24,P031,online,3,20.12,0,0,0
2025-03-03,P031,online,7,20.12,0,0,0
2025-03-10,P031,online,3,20.12,0,0,0
2025-03-17,P031,online,2,20.12,0,0,0
2025-03-24,P031,online,0,20.12,0,0,0
2025-03-31,P031,online,3,20.12,0,0,0
2025-04-07,P031,online,11,20.12,0,0,0
2025-04-14,P031,online,1,20.12,0,0,0
2025-04-21,P031,online,9,20.12,0,0,0
2025-04-28,P031,online,1,20.12,0,0,0
2025-05-05,P031,online,7,20.12,0,0,0
2025-05-12,P031,online,11,20.12,0,0,0
2025-05-19,P031,online,2,20.12,0,0,0
2025-05-26,P031,online,12,20.12,0,0,0
2025-06-02,P031,online,7,20.12,0,0,0
2025-06-09,P031,online,12,17.1,15,1,0
2025-06-16,P031,online,1,20.12,0,0,0
2025-06-23,P031,online,16,20.12,0,0,0
2025-06-30,P031,online,7,20.12,0,0,0
2025-07-07,P031,online,15,20.12,0,0,0
2025-07-14,P031,online,0,20.12,0,0,0
2025-07-21,P031,online,6,20.12,0,0,0
2025-07-28,P031,online,1,20.12,0,0,0
2025-08-04,P031,online,3,20.12,0,0,0
2025-08-11,P031,online,9,20.12,0,0,0
2025-08-18,P031,online,5,20.12,0,0,0
2025-08-25,P031,online,35,20.12,0,0,0
2025-09-01,P031,online,16,20.12,0,0,0
2025-09-08,P031,online,3,20.12,0,0,0
2025-09-15,P031,online,49,20.12,0,0,0
2025-09-22,P031,online,1,20.12,0,0,0
2025-09-29,P031,online,0,20.12,0,0,0
2025-10-06,P031,online,16,15.09,25,1,0
2025-10-13,P031,online,15,20.12,0,0,0
2025-10-20,P031,online,0,20.12,0,0,0
2025-10-27,P031,online,2,20.12,0,0,0
2025-11-03,P031,online,8,20.12,0,0,0
2025-11-10,P031,online,0,20.12,0,0,0
2025-11-17,P031,online,0,20.12,0,0,0
2025-11-24,P031,online,2,20.12,0,0,0
2025-12-01,P031,online,4,20.12,0,0,0
2025-12-08,P031,online,20,20.12,0,0,0
2025-12-15,P031,online,63,20.12,0,0,0
2025-12-22,P031,online,10,20.12,0,0,0
2023-01-02,P032,store,3,48.98,0,0,0
2023-01-09,P032,store,10,48.98,0,0,0
2023-01-16,P032,store,88,34.29,30,1,0
2023-01-23,P032,store,3,48.98,0,0,0
2023-01-30,P032,store,2,48.98,0,0,0
2023-02-06,P032,store,8,41.63,15,1,0
2023-02-13,P032,store,12,48.98,0,0,0
2023-02-20,P032,store,11,48.98,0,0,0
2023-02-27,P032,store,16,48.98,0,0,0
2023-03-06,P032,store,19,48.98,0,0,0
2023-03-13,P032,store,48,48.98,0,0,0
2023-03-20,P032,store,6,48.98,0,0,0
2023-03-27,P032,store,21,48.98,0,0,0
2023-04-03,P032,store,31,48.98,0,0,0
2023-04-10,P032,store,16,48.98,0,0,0
2023-04-17,P032,store,1,48.98,0,0,0
2023-04-24,P032,store,4,48.98,0,0,0
2023-05-01,P032,store,19,48.98,0,0,0
2023-05-08,P032,store,7,48.98,0,0,0
2023-05-15,P032,store,21,48.98,0,0,0
2023-05-22,P032,store,34,41.63,15,1,0
2023-05-29,P032,store,1,48.98,0,0,0
2023-06-05,P032,store,2,48.98,0,0,0
2023-06-12,P032,store,3,48.98,0,0,0
2023-06-19,P032,store,5,48.98,0,0,0
2023-06-26,P032,store,13,48.98,0,0,0
2023-07-03,P032,store,6,48.98,0,0,0
2023-07-10,P032,store,15,48.98,0,0,0
2023-07-17,P032,store,25,48.98,0,0,0
2023-07-24,P032,store,33,41.63,15,1,0
2023-07-31,P032,store,15,48.98,0,0,0
2023-08-07,P032,store,100,36.74,25,1,0
2023-08-14,P032,store,5,48.98,0,0,0
2023-08-21,P032,store,4,48.98,0,0,0
2023-08-28,P032,store,41,48.98,0,0,0
2023-09-04,P032,store,6,48.98,0,0,0
2023-09-11,P032,store,37,48.98,0,0,0
2023-09-18,P032,store,41,48.98,0,0,0
2023-09-25,P032,store,20,48.98,0,0,0
2023-10-02,P032,store,27,48.98,0,0,0
2023-10-09,P032,store,6,48.98,0,0,0
2023-10-16,P032,store,37,48.98,0,0,0
2023-10-23,P032,store,0,48.98,0,0,0
2023-10-30,P032,store,40,48.98,0,0,0
2023-11-06,P032,store,37,48.98,0,0,0
2023-11-13,P032,store,44,48.98,0,0,0
2023-11-20,P032,store,1,48.98,0,0,0
2023-11-27,P032,store,46,41.63,15,1,0
2023-12-04,P032,store,4,48.98,0,0,0
2023-12-11,P032,store,13,48.98,0,0,0
2023-12-18,P032,store,5,48.98,0,0,0
2023-12-25,P032,store,8,48.98,0,0,0
2024-01-01,P032,store,32,48.98,0,0,0
2024-01-08,P032,store,19,48.98,0,0,0
2024-01-15,P032,store,3,34.29,30,1,0
2024-01-22,P032,store,1,48.98,0,0,0
2024-01-29,P032,store,14,48.98,0,0,0
2024-02-05,P032,store,17,48.98,0,0,0
2024-02-12,P032,store,22,48.98,0,0,0
2024-02-19,P032,store,28,48.98,0,0,0
2024-02-26,P032,store,6,48.98,0,0,0
2024-03-04,P032,store,23,48.98,0,0,0
2024-03-11,P032,store,20,48.98,0,0,0
2024-03-18,P032,store,26,48.98,0,0,0
2024-03-25,P032,store,33,48.98,0,0,0
2024-04-01,P032,store,29,48.98,0,0,0
2024-04-08,P032,store,16,48.98,0,0,0
2024-04-15,P032,store,34,48.98,0,0,0
2024-04-22,P032,store,2,48.98,0,0,0
2024-04-29,P032,store,14,48.98,0,0,0
2024-05-06,P032,store,40,48.98,0,0,0
2024-05-13,P032,store,4,48.98,0,0,0
2024-05-20,P032,store,6,41.63,15,1,0
2024-05-27,P032,store,6,48.98,0,0,0
2024-06-03,P032,store,29,48.98,0,0,0
2024-06-10,P032,store,12,44.08,10,1,0
2024-06-17,P032,store,3,48.98,0,0,0
2024-06-24,P032,store,25,48.98,0,0,0
2024-07-01,P032,store,7,48.98,0,0,0
2024-07-08,P032,store,8,48.98,0,0,0
2024-07-15,P032,store,19,48.98,0,0,0
2024-07-22,P032,store,22,48.98,0,0,0
2024-07-29,P032,store,9,48.98,0,0,0
2024-08-05,P032,store,41,44.08,10,1,0
2024-08-12,P032,store,2,48.98,0,0,0
2024-08-19,P032,store,12,48.98,0,0,0
2024-08-26,P032,store,4,48.98,0,0,0
2024-09-02,P032,store,67,44.08,10,1,0
2024-09-09,P032,store,14,48.98,0,0,0
2024-09-16,P032,store,13,48.98,0,0,0
2024-09-23,P032,store,25,48.98,0,0,0
2024-09-30,P032,store,50,48.98,0,0,0
2024-10-07,P032,store,20,48.98,0,0,0
2024-10-14,P032,store,1,48.98,0,0,0
2024-10-21,P032,store,19,48.98,0,0,0
2024-10-28,P032,store,19,48.98,0,0,0
2024-11-04,P032,store,23,48.98,0,0,0
2024-11-11,P032,store,20,48.98,0,0,0
2024-11-18,P032,store,7,48.98,0,0,0
2024-11-25,P032,store,18,48.98,0,0,0
2024-12-02,P032,store,25,48.98,0,0,0
2024-12-09,P032,store,11,48.98,0,0,0
2024-12-16,P032,store,13,48.98,0,0,0
2024-12-23,P032,store,34,48.98,0,0,0
2024-12-30,P032,store,22,48.98,0,0,0
2025-01-06,P032,store,42,36.74,25,1,0
2025-01-13,P032,store,16,48.98,0,0,0
2025-01-20,P032,store,44,48.98,0,0,0
2025-01-27,P032,store,17,48.98,0,0,0
2025-02-03,P032,store,9,41.63,15,1,0
2025-02-10,P032,store,31,48.98,0,0,0
2025-02-17,P032,store,41,48.98,0,0,0
2025-02-24,P032,store,36,48.98,0,0,0
2025-03-03,P032,store,5,48.98,0,0,0
2025-03-10,P032,store,28,48.98,0,0,0
2025-03-17,P032,store,13,39.18,20,1,0
2025-03-24,P032,store,3,48.98,0,0,0
2025-03-31,P032,store,17,48.98,0,0,0
2025-04-07,P032,store,6,48.98,0,0,0
2025-04-14,P032,store,17,48.98,0,0,0
2025-04-21,P032,store,9,48.98,0,0,0
2025-04-28,P032,store,4,48.98,0,0,0
2025-05-05,P032,store,14,48.98,0,0,0
2025-05-12,P032,store,24,39.18,20,1,0
2025-05-19,P032,store,2,48.98,0,0,0
2025-05-26,P032,store,8,48.98,0,0,0
2025-06-02,P032,store,3,48.98,0,0,0
2025-06-09,P032,store,5,48.98,0,0,0
2025-06-16,P032,store,20,41.63,15,1,0
2025-06-23,P032,store,1,48.98,0,0,0
2025-06-30,P032,store,9,44.08,10,1,0
2025-07-07,P032,store,23,48.98,0,0,0
2025-07-14,P032,store,10,48.98,0,0,0
2025-07-21,P032,store,0,48.98,0,0,0
2025-07-28,P032,store,22,48.98,0,0,0
2025-08-04,P032,store,8,48.98,0,0,0
2025-08-11,P032,store,7,48.98,0,0,0
2025-08-18,P032,store,5,48.98,0,0,0
2025-08-25,P032,store,1,48.98,0,0,0
2025-09-01,P032,store,6,48.98,0,0,0
2025-09-08,P032,store,5,48.98,0,0,0
2025-09-15,P032,store,16,48.98,0,0,0
2025-09-22,P032,store,11,48.98,0,0,0
2025-09-29,P032,store,20,44.08,10,1,0
2025-10-06,P032,store,2,48.98,0,0,0
2025-10-13,P032,store,17,48.98,0,0,0
2025-10-20,P032,store,32,48.98,0,0,0
2025-10-27,P032,store,29,48.98,0,0,0
2025-11-03,P032,store,3,48.98,0,0,0
2025-11-10,P032,store,40,48.98,0,0,0
2025-11-17,P032,store,19,48.98,0,0,0
2025-11-24,P032,store,16,48.98,0,0,0
2025-12-01,P032,store,36,48.98,0,0,0
2025-12-08,P032,store,20,48.98,0,0,0
2025-12-15,P032,store,31,39.18,20,1,0
2025-12-22,P032,store,9,48.98,0,0,0
2023-01-02,P032,online,1,48.98,0,0,0
2023-01-09,P032,online,3,48.98,0,0,0
2023-01-16,P032,online,20,48.98,0,0,0
2023-01-23,P032,online,18,48.98,0,0,0
2023-01-30,P032,online,2,48.98,0,0,0
2023-02-06,P032,online,77,34.29,30,1,0
2023-02-13,P032,online,5,48.98,0,0,0
2023-02-20,P032,online,2,48.98,0,0,0
2023-02-27,P032,online,9,48.98,0,0,0
2023-03-06,P032,online,15,48.98,0,0,0
2023-03-13,P032,online,10,48.98,0,0,0
2023-03-20,P032,online,2,48.98,0,0,0
2023-03-27,P032,online,99,39.18,20,1,0
2023-04-03,P032,online,6,48.98,0,0,0
2023-04-10,P032,online,44,48.98,0,0,0
2023-04-17,P032,online,15,48.98,0,0,0
2023-04-24,P032,online,5,48.98,0,0,0
2023-05-01,P032,online,1,48.98,0,0,0
2023-05-08,P032,online,2,48.98,0,0,0
2023-05-15,P032,online,0,48.98,0,0,0
2023-05-22,P032,online,5,48.98,0,0,0
2023-05-29,P032,online,11,48.98,0,0,0
2023-06-05,P032,online,6,48.98,0,0,0
2023-06-12,P032,online,19,36.74,25,1,0
2023-06-19,P032,online,0,48.98,0,0,0
2023-06-26,P032,online,4,48.98,0,0,0
2023-07-03,P032,online,8,48.98,0,0,0
2023-07-10,P032,online,16,48.98,0,0,0
2023-07-17,P032,online,0,48.98,0,0,0
2023-07-24,P032,online,0,48.98,0,0,0
2023-07-31,P032,online,3,48.98,0,0,0
2023-08-07,P032,online,1,48.98,0,0,0
2023-08-14,P032,online,7,39.18,20,1,0
2023-08-21,P032,online,28,48.98,0,0,0
2023-08-28,P032,online,12,48.98,0,0,0
2023-09-04,P032,online,5,48.98,0,0,0
2023-09-11,P032,online,15,34.29,30,1,0
2023-09-18,P032,online,21,48.98,0,0,0
2023-09-25,P032,online,34,48.98,0,0,0
2023-10-02,P032,online,5,48.98,0,0,0
2023-10-09,P032,online,2,48.98,0,0,0
2023-10-16,P032,online,9,48.98,0,0,0
2023-10-23,P032,online,1,48.98,0,0,0
2023-10-30,P032,online,6,48.98,0,0,0
2023-11-06,P032,online,17,48.98,0,0,0
2023-11-13,P032,online,3,48.98,0,0,0
2023-11-20,P032,online,1,48.98,0,0,0
2023-11-27,P032,online,25,48.98,0,0,0
2023-12-04,P032,online,37,48.98,0,0,0
2023-12-11,P032,online,2,48.98,0,0,0
2023-12-18,P032,online,27,48.98,0,0,0
2023-12-25,P032,online,29,36.74,25,1,0
2024-01-01,P032,online,4,48.98,0,0,0
2024-01-08,P032,online,2,48.98,0,0,0
2024-01-15,P032,online,18,48.98,0,0,0
2024-01-22,P032,online,1,48.98,0,0,0
2024-01-29,P032,online,35,48.98,0,0,0
2024-02-05,P032,online,3,48.98,0,0,0
2024-02-12,P032,online,2,48.98,0,0,0
2024-02-19,P032,online,1,48.98,0,0,0
2024-02-26,P032,online,2,48.98,0,0,0
2024-03-04,P032,online,10,34.29,30,1,0
2024-03-11,P032,online,12,48.98,0,0,0
2024-03-18,P032,online,15,48.98,0,0,0
2024-03-25,P032,online,55,39.18,20,1,0
2024-04-01,P032,online,1,48.98,0,0,0
2024-04-08,P032,online,3,48.98,0,0,0
2024-04-15,P032,online,11,48.98,0,0,0
2024-04-22,P032,online,7,48.98,0,0,0
2024-04-29,P032,online,37,39.18,20,1,0
2024-05-06,P032,online,9,48.98,0,0,0
2024-05-13,P032,online,11,48.98,0,0,0
2024-05-20,P032,online,5,48.98,0,0,0
2024-05-27,P032,online,14,48.98,0,0,0
2024-06-03,P032,online,19,48.98,0,0,0
2024-06-10,P032,online,34,48.98,0,0,0
2024-06-17,P032,online,22,48.98,0,0,0
2024-06-24,P032,online,14,39.18,20,1,0
2024-07-01,P032,online,4,48.98,0,0,0
2024-07-08,P032,online,0,48.98,0,0,0
2024-07-15,P032,online,19,48.98,0,0,0
2024-07-22,P032,online,5,48.98,0,0,0
2024-07-29,P032,online,12,48.98,0,0,0
2024-08-05,P032,online,21,48.98,0,0,0
2024-08-12,P032,online,9,48.98,0,0,0
2024-08-19,P032,online,20,48.98,0,0,0
2024-08-26,P032,online,5,48.98,0,0,0
2024-09-02,P032,online,3,48.98,0,0,0
2024-09-09,P032,online,1,48.98,0,0,0
2024-09-16,P032,online,34,48.98,0,0,0
2024-09-23,P032,online,0,48.98,0,0,0
2024-09-30,P032,online,0,48.98,0,0,0
2024-10-07,P032,online,4,36.74,25,1,0
2024-10-14,P032,online,7,48.98,0,0,0
2024-10-21,P032,online,0,48.98,0,0,0
2024-10-28,P032,online,4,48.98,0,0,0
2024-11-04,P032,online,12,48.98,0,0,0
2024-11-11,P032,online,9,48.98,0,0,0
2024-11-18,P032,online,11,48.98,0,0,0
2024-11-25,P032,online,2,48.98,0,0,0
2024-12-02,P032,online,22,48.98,0,0,0
2024-12-09,P032,online,6,48.98,0,0,0
2024-12-16,P032,online,8,48.98,0,0,0
2024-12-23,P032,online,0,48.98,0,0,0
2024-12-30,P032,online,5,48.98,0,0,0
2025-01-06,P032,online,16,48.98,0,0,0
2025-01-13,P032,online,1,48.98,0,0,0
2025-01-20,P032,online,5,48.98,0,0,0
2025-01-27,P032,online,16,48.98,0,0,0
2025-02-03,P032,online,2,48.98,0,0,0
2025-02-10,P032,online,11,48.98,0,0,0
2025-02-17,P032,online,6,48.98,0,0,0
2025-02-24,P032,online,118,34.29,30,1,0
2025-03-03,P032,online,6,48.98,0,0,0
2025-03-10,P032,online,14,48.98,0,0,0
2025-03-17,P032,online,15,48.98,0,0,0
2025-03-24,P032,online,12,48.98,0,0,0
2025-03-31,P032,online,44,48.98,0,0,0
2025-04-07,P032,online,4,48.98,0,0,0
2025-04-14,P032,online,38,48.98,0,0,0
2025-04-21,P032,online,51,48.98,0,0,0
2025-04-28,P032,online,7,48.98,0,0,0
2025-05-05,P032,online,4,48.98,0,0,0
2025-05-12,P032,online,16,48.98,0,0,0
2025-05-19,P032,online,48,36.74,25,1,0
2025-05-26,P032,online,3,48.98,0,0,0
2025-06-02,P032,online,4,48.98,0,0,0
2025-06-09,P032,online,39,48.98,0,0,0
2025-06-16,P032,online,55,48.98,0,0,0
2025-06-23,P032,online,16,48.98,0,0,0
2025-06-30,P032,online,58,39.18,20,1,0
2025-07-07,P032,online,21,48.98,0,0,0
2025-07-14,P032,online,3,48.98,0,0,0
2025-07-21,P032,online,6,48.98,0,0,0
2025-07-28,P032,online,0,48.98,0,0,0
2025-08-04,P032,online,13,48.98,0,0,0
2025-08-11,P032,online,17,48.98,0,0,0
2025-08-18,P032,online,1,48.98,0,0,0
2025-08-25,P032,online,8,48.98,0,0,0
2025-09-01,P032,online,4,48.98,0,0,0
2025-09-08,P032,online,62,36.74,25,1,0
2025-09-15,P032,online,0,48.98,0,0,0
2025-09-22,P032,online,6,48.98,0,0,0
2025-09-29,P032,online,2,48.98,0,0,0
2025-10-06,P032,online,0,48.98,0,0,0
2025-10-13,P032,online,31,48.98,0,0,0
2025-10-20,P032,online,3,39.18,20,1,0
2025-10-27,P032,online,1,48.98,0,0,0
2025-11-03,P032,online,12,48.98,0,0,0
2025-11-10,P032,online,36,48.98,0,0,0
2025-11-17,P032,online,8,48.98,0,0,0
2025-11-24,P032,online,74,48.98,0,0,0
2025-12-01,P032,online,7,48.98,0,0,0
2025-12-08,P032,online,7,48.98,0,0,0
2025-12-15,P032,online,19,48.98,0,0,0
2025-12-22,P032,online,38,48.98,0,0,0
2023-01-02,P033,store,0,77.74,0,0,0
2023-01-09,P033,store,2,77.74,0,0,0
2023-01-16,P033,store,0,77.74,0,0,0
2023-01-23,P033,store,1,77.74,0,0,0
2023-01-30,P033,store,0,77.74,0,0,0
2023-02-06,P033,store,3,77.74,0,0,0
2023-02-13,P033,store,0,77.74,0,0,0
2023-02-20,P033,store,0,77.74,0,0,0
2023-02-27,P033,store,0,77.74,0,0,0
2023-03-06,P033,store,2,77.74,0,0,0
2023-03-13,P033,store,0,77.74,0,0,0
2023-03-20,P033,store,0,77.74,0,0,0
2023-03-27,P033,store,1,77.74,0,0,0
2023-04-03,P033,store,0,77.74,0,0,0
2023-04-10,P033,store,1,69.97,10,1,0
2023-04-17,P033,store,1,77.74,0,0,0
2023-04-24,P033,store,0,77.74,0,0,0
2023-05-01,P033,store,0,77.74,0,0,0
2023-05-08,P033,store,1,77.74,0,0,0
2023-05-15,P033,store,0,77.74,0,0,0
2023-05-22,P033,store,0,69.97,10,1,0
2023-05-29,P033,store,0,77.74,0,0,0
2023-06-05,P033,store,2,77.74,0,0,0
2023-06-12,P033,store,1,77.74,0,0,0
2023-06-19,P033,store,1,77.74,0,0,0
2023-06-26,P033,store,0,77.74,0,0,0
2023-07-03,P033,store,0,77.74,0,0,0
2023-07-10,P033,store,2,66.08,15,1,0
2023-07-17,P033,store,0,77.74,0,0,0
2023-07-24,P033,store,0,77.74,0,0,0
2023-07-31,P033,store,0,77.74,0,0,0
2023-08-07,P033,store,1,62.19,20,1,0
2023-08-14,P033,store,3,77.74,0,0,0
2023-08-21,P033,store,3,77.74,0,0,0
2023-08-28,P033,store,1,62.19,20,1,0
2023-09-04,P033,store,0,77.74,0,0,0
2023-09-11,P033,store,0,77.74,0,0,0
2023-09-18,P033,store,2,77.74,0,0,0
2023-09-25,P033,store,1,69.97,10,1,0
2023-10-02,P033,store,0,77.74,0,0,0
2023-10-09,P033,store,0,77.74,0,0,0
2023-10-16,P033,store,0,77.74,0,0,0
2023-10-23,P033,store,1,54.42,30,1,0
2023-10-30,P033,store,0,77.74,0,0,0
2023-11-06,P033,store,0,77.74,0,0,0
2023-11-13,P033,store,0,77.74,0,0,0
2023-11-20,P033,store,0,77.74,0,0,0
2023-11-27,P033,store,0,77.74,0,0,0
2023-12-04,P033,store,1,77.74,0,0,0
2023-12-11,P033,store,1,62.19,20,1,0
2023-12-18,P033,store,2,77.74,0,0,0
2023-12-25,P033,store,0,77.74,0,0,0
2024-01-01,P033,store,0,77.74,0,0,0
2024-01-08,P033,store,0,77.74,0,0,0
2024-01-15,P033,store,0,77.74,0,0,0
2024-01-22,P033,store,0,62.19,20,1,0
2024-01-29,P033,store,1,77.74,0,0,0
2024-02-05,P033,store,2,77.74,0,0,0
2024-02-12,P033,store,1,77.74,0,0,0
2024-02-19,P033,store,2,69.97,10,1,0
2024-02-26,P033,store,2,77.74,0,0,0
2024-03-04,P033,store,1,77.74,0,0,0
2024-03-11,P033,store,2,77.74,0,0,0
2024-03-18,P033,store,1,77.74,0,0,0
2024-03-25,P033,store,3,77.74,0,0,0
2024-04-01,P033,store,2,77.74,0,0,0
2024-04-08,P033,store,0,77.74,0,0,0
2024-04-15,P033,store,0,77.74,0,0,0
2024-04-22,P033,store,0,77.74,0,0,0
2024-04-29,P033,store,0,77.74,0,0,0
2024-05-06,P033,store,1,77.74,0,0,0
2024-05-13,P033,store,1,77.74,0,0,0
2024-05-20,P033,store,0,77.74,0,0,0
2024-05-27,P033,store,1,77.74,0,0,0
2024-06-03,P033,store,0,77.74,0,0,0
2024-06-10,P033,store,1,77.74,0,0,0
2024-06-17,P033,store,1,77.74,0,0,0
2024-06-24,P033,store,2,77.74,0,0,0
2024-07-01,P033,store,0,77.74,0,0,0
2024-07-08,P033,store,0,77.74,0,0,0
2024-07-15,P033,store,0,77.74,0,0,0
2024-07-22,P033,store,0,77.74,0,0,0
2024-07-29,P033,store,0,77.74,0,0,0
2024-08-05,P033,store,0,77.74,0,0,0
2024-08-12,P033,store,0,77.74,0,0,0
2024-08-19,P033,store,0,77.74,0,0,0
2024-08-26,P033,store,0,77.74,0,0,0
2024-09-02,P033,store,1,77.74,0,0,0
2024-09-09,P033,store,1,77.74,0,0,0
2024-09-16,P033,store,1,77.74,0,0,0
2024-09-23,P033,store,0,77.74,0,0,0
2024-09-30,P033,store,0,77.74,0,0,0
2024-10-07,P033,store,0,77.74,0,0,0
2024-10-14,P033,store,1,77.74,0,0,0
2024-10-21,P033,store,0,77.74,0,0,0
2024-10-28,P033,store,1,77.74,0,0,0
2024-11-04,P033,store,0,77.74,0,0,0
2024-11-11,P033,store,2,69.97,10,1,0
2024-11-18,P033,store,0,77.74,0,0,0
2024-11-25,P033,store,0,77.74,0,0,0
2024-12-02,P033,store,0,66.08,15,1,0
2024-12-09,P033,store,2,77.74,0,0,0
2024-12-16,P033,store,1,77.74,0,0,0
2024-12-23,P033,store,3,77.74,0,0,0
2024-12-30,P033,store,0,77.74,0,0,0
2025-01-06,P033,store,2,54.42,30,1,0
2025-01-13,P033,store,0,77.74,0,0,0
2025-01-20,P033,store,2,54.42,30,1,0
2025-01-27,P033,store,1,77.74,0,0,0
2025-02-03,P033,store,0,77.74,0,0,0
2025-02-10,P033,store,0,77.74,0,0,0
2025-02-17,P033,store,0,77.74,0,0,0
2025-02-24,P033,store,1,77.74,0,0,0
2025-03-03,P033,store,1,77.74,0,0,0
2025-03-10,P033,store,1,77.74,0,0,0
2025-03-17,P033,store,3,77.74,0,0,0
2025-03-24,P033,store,2,77.74,0,0,0
2025-03-31,P033,store,0,77.74,0,0,0
2025-04-07,P033,store,0,77.74,0,0,0
2025-04-14,P033,store,0,77.74,0,0,0
2025-04-21,P033,store,0,77.74,0,0,0
2025-04-28,P033,store,1,77.74,0,0,0
2025-05-05,P033,store,2,77.74,0,0,0
2025-05-12,P033,store,1,77.74,0,0,0
2025-05-19,P033,store,0,77.74,0,0,0
2025-05-26,P033,store,1,77.74,0,0,0
2025-06-02,P033,store,0,62.19,20,1,0
2025-06-09,P033,store,1,77.74,0,0,0
2025-06-16,P033,store,1,77.74,0,0,0
2025-06-23,P033,store,0,62.19,20,1,0
2025-06-30,P033,store,1,77.74,0,0,0
2025-07-07,P033,store,0,77.74,0,0,0
2025-07-14,P033,store,0,77.74,0,0,0
2025-07-21,P033,store,0,77.74,0,0,0
2025-07-28,P033,store,3,77.74,0,0,0
2025-08-04,P033,store,2,77.74,0,0,0
2025-08-11,P033,store,0,77.74,0,0,0
2025-08-18,P033,store,0,77.74,0,0,0
2025-08-25,P033,store,0,77.74,0,0,0
2025-09-01,P033,store,0,77.74,0,0,0
2025-09-08,P033,store,0,77.74,0,0,0
2025-09-15,P033,store,0,77.74,0,0,0
2025-09-22,P033,store,1,77.74,0,0,0
2025-09-29,P033,store,1,77.74,0,0,0
2025-10-06,P033,store,1,58.3,25,1,0
2025-10-13,P033,store,1,77.74,0,0,0
2025-10-20,P033,store,2,62.19,20,1,0
2025-10-27,P033,store,0,77.74,0,0,0
2025-11-03,P033,store,1,77.74,0,0,0
2025-11-10,P033,store,0,77.74,0,0,0
2025-11-17,P033,store,0,77.74,0,0,0
2025-11-24,P033,store,1,77.74,0,0,0
2025-12-01,P033,store,3,54.42,30,1,0
2025-12-08,P033,store,0,77.74,0,0,0
2025-12-15,P033,store,0,77.74,0,0,0
2025-12-22,P033,store,0,77.74,0,0,0
2023-01-02,P033,online,0,77.74,0,0,0
2023-01-09,P033,online,1,77.74,0,0,0
2023-01-16,P033,online,0,66.08,15,1,0
2023-01-23,P033,online,0,77.74,0,0,0
2023-01-30,P033,online,0,77.74,0,0,0
2023-02-06,P033,online,0,77.74,0,0,0
2023-02-13,P033,online,1,54.42,30,1,0
2023-02-20,P033,online,1,77.74,0,0,0
2023-02-27,P033,online,2,77.74,0,0,0
2023-03-06,P033,online,0,77.74,0,0,0
2023-03-13,P033,online,0,77.74,0,0,0
2023-03-20,P033,online,0,77.74,0,0,0
2023-03-27,P033,online,0,77.74,0,0,0
2023-04-03,P033,online,0,77.74,0,0,0
2023-04-10,P033,online,1,77.74,0,0,0
2023-04-17,P033,online,0,77.74,0,0,0
2023-04-24,P033,online,4,77.74,0,0,0
2023-05-01,P033,online,0,77.74,0,0,0
2023-05-08,P033,online,0,77.74,0,0,0
2023-05-15,P033,online,0,77.74,0,0,0
2023-05-22,P033,online,0,77.74,0,0,0
2023-05-29,P033,online,0,77.74,0,0,0
2023-06-05,P033,online,2,77.74,0,0,0
2023-06-12,P033,online,2,77.74,0,0,0
2023-06-19,P033,online,0,77.74,0,0,0
2023-06-26,P033,online,1,77.74,0,0,0
2023-07-03,P033,online,0,77.74,0,0,0
2023-07-10,P033,online,0,77.74,0,0,0
2023-07-17,P033,online,0,77.74,0,0,0
2023-07-24,P033,online,0,66.08,15,1,0
2023-07-31,P033,online,1,77.74,0,0,0
2023-08-07,P033,online,1,77.74,0,0,0
2023-08-14,P033,online,3,77.74,0,0,0
2023-08-21,P033,online,0,77.74,0,0,0
2023-08-28,P033,online,1,77.74,0,0,0
2023-09-04,P033,online,2,77.74,0,0,0
2023-09-11,P033,online,0,77.74,0,0,0
2023-09-18,P033,online,0,77.74,0,0,0
2023-09-25,P033,online,0,77.74,0,0,0
2023-10-02,P033,online,2,77.74,0,0,0
2023-10-09,P033,online,2,77.74,0,0,0
2023-10-16,P033,online,0,77.74,0,0,0
2023-10-23,P033,online,0,58.3,25,1,0
2023-10-30,P033,online,0,77.74,0,0,0
2023-11-06,P033,online,4,77.74,0,0,0
2023-11-13,P033,online,2,58.3,25,1,0
2023-11-20,P033,online,2,77.74,0,0,0
2023-11-27,P033,online,0,77.74,0,0,0
2023-12-04,P033,online,0,77.74,0,0,0
2023-12-11,P033,online,3,77.74,0,0,0
2023-12-18,P033,online,0,77.74,0,0,0
2023-12-25,P033,online,0,77.74,0,0,0
2024-01-01,P033,online,0,77.74,0,0,0
2024-01-08,P033,online,2,77.74,0,0,0
2024-01-15,P033,online,0,77.74,0,0,0
2024-01-22,P033,online,0,77.74,0,0,0
2024-01-29,P033,online,0,77.74,0,0,0
2024-02-05,P033,online,3,77.74,0,0,0
2024-02-12,P033,online,1,77.74,0,0,0
2024-02-19,P033,online,0,77.74,0,0,0
2024-02-26,P033,online,1,77.74,0,0,0
2024-03-04,P033,online,1,69.97,10,1,0
2024-03-11,P033,online,0,77.74,0,0,0
2024-03-18,P033,online,3,77.74,0,0,0
2024-03-25,P033,online,1,62.19,20,1,0
2024-04-01,P033,online,0,77.74,0,0,0
2024-04-08,P033,online,1,66.08,15,1,0
2024-04-15,P033,online,0,77.74,0,0,0
2024-04-22,P033,online,0,77.74,0,0,0
2024-04-29,P033,online,0,77.74,0,0,0
2024-05-06,P033,online,2,58.3,25,1,0
2024-05-13,P033,online,0,77.74,0,0,0
2024-05-20,P033,online,0,77.74,0,0,0
2024-05-27,P033,online,0,77.74,0,0,0
2024-06-03,P033,online,1,77.74,0,0,0
2024-06-10,P033,online,0,77.74,0,0,0
2024-06-17,P033,online,0,77.74,0,0,0
2024-06-24,P033,online,0,77.74,0,0,0
2024-07-01,P033,online,3,77.74,0,0,0
2024-07-08,P033,online,0,77.74,0,0,0
2024-07-15,P033,online,1,77.74,0,0,0
2024-07-22,P033,online,0,77.74,0,0,0
2024-07-29,P033,online,0,77.74,0,0,0
2024-08-05,P033,online,1,77.74,0,0,0
2024-08-12,P033,online,1,77.74,0,0,0
2024-08-19,P033,online,0,77.74,0,0,0
2024-08-26,P033,online,0,77.74,0,0,0
2024-09-02,P033,online,0,77.74,0,0,0
2024-09-09,P033,online,2,54.42,30,1,0
2024-09-16,P033,online,1,77.74,0,0,0
2024-09-23,P033,online,0,77.74,0,0,0
2024-09-30,P033,online,0,77.74,0,0,0
2024-10-07,P033,online,1,77.74,0,0,0
2024-10-14,P033,online,1,77.74,0,0,0
2024-10-21,P033,online,0,77.74,0,0,0
2024-10-28,P033,online,0,77.74,0,0,0
2024-11-04,P033,online,0,77.74,0,0,0
2024-11-11,P033,online,0,77.74,0,0,0
2024-11-18,P033,online,0,77.74,0,0,0
2024-11-25,P033,online,2,77.74,0,0,0
2024-12-02,P033,online,0,77.74,0,0,0
2024-12-09,P033,online,0,77.74,0,0,0
2024-12-16,P033,online,0,77.74,0,0,0
2024-12-23,P033,online,0,77.74,0,0,0
2024-12-30,P033,online,1,77.74,0,0,0
2025-01-06,P033,online,0,69.97,10,1,0
2025-01-13,P033,online,0,77.74,0,0,0
2025-01-20,P033,online,0,77.74,0,0,0
2025-01-27,P033,online,0,77.74,0,0,0
2025-02-03,P033,online,0,77.74,0,0,0
2025-02-10,P033,online,3,77.74,0,0,0
2025-02-17,P033,online,0,77.74,0,0,0
2025-02-24,P033,online,1,77.74,0,0,0
2025-03-03,P033,online,0,77.74,0,0,0
2025-03-10,P033,online,0,77.74,0,0,0
2025-03-17,P033,online,3,77.74,0,0,0
2025-03-24,P033,online,1,54.42,30,1,0
2025-03-31,P033,online,0,77.74,0,0,0
2025-04-07,P033,online,0,77.74,0,0,0
2025-04-14,P033,online,1,77.74,0,0,0
2025-04-21,P033,online,1,77.74,0,0,0
2025-04-28,P033,online,0,77.74,0,0,0
2025-05-05,P033,online,2,77.74,0,0,0
2025-05-12,P033,online,1,77.74,0,0,0
2025-05-19,P033,online,0,77.74,0,0,0
2025-05-26,P033,online,0,77.74,0,0,0
2025-06-02,P033,online,0,77.74,0,0,0
2025-06-09,P033,online,0,77.74,0,0,0
2025-06-16,P033,online,0,77.74,0,0,0
2025-06-23,P033,online,3,77.74,0,0,0
2025-06-30,P033,online,1,69.97,10,1,0
2025-07-07,P033,online,0,77.74,0,0,0
2025-07-14,P033,online,0,62.19,20,1,0
2025-07-21,P033,online,3,77.74,0,0,0
2025-07-28,P033,online,0,77.74,0,0,0
2025-08-04,P033,online,0,77.74,0,0,0
2025-08-11,P033,online,0,77.74,0,0,0
2025-08-18,P033,online,3,77.74,0,0,0
2025-08-25,P033,online,0,77.74,0,0,0
2025-09-01,P033,online,1,77.74,0,0,0
2025-09-08,P033,online,1,69.97,10,1,0
2025-09-15,P033,online,0,77.74,0,0,0
2025-09-22,P033,online,0,77.74,0,0,0
2025-09-29,P033,online,0,77.74,0,0,0
2025-10-06,P033,online,0,77.74,0,0,0
2025-10-13,P033,online,0,77.74,0,0,0
2025-10-20,P033,online,0,77.74,0,0,0
2025-10-27,P033,online,0,77.74,0,0,0
2025-11-03,P033,online,0,77.74,0,0,0
2025-11-10,P033,online,0,77.74,0,0,0
2025-11-17,P033,online,0,77.74,0,0,0
2025-11-24,P033,online,0,77.74,0,0,0
2025-12-01,P033,online,1,77.74,0,0,0
2025-12-08,P033,online,0,77.74,0,0,0
2025-12-15,P033,online,0,77.74,0,0,0
2025-12-22,P033,online,1,77.74,0,0,0
2023-01-02,P034,store,3,41.03,0,0,0
2023-01-09,P034,store,0,41.03,0,0,0
2023-01-16,P034,store,10,41.03,0,0,0
2023-01-23,P034,store,0,41.03,0,0,0
2023-01-30,P034,store,0,41.03,0,0,0
2023-02-06,P034,store,0,41.03,0,0,0
2023-02-13,P034,store,0,41.03,0,0,0
2023-02-20,P034,store,37,41.03,0,0,0
2023-02-27,P034,store,6,41.03,0,0,0
2023-03-06,P034,store,0,41.03,0,0,0
2023-03-13,P034,store,0,41.03,0,0,0
2023-03-20,P034,store,0,41.03,0,0,0
2023-03-27,P034,store,0,41.03,0,0,0
2023-04-03,P034,store,0,30.77,25,1,0
2023-04-10,P034,store,17,41.03,0,0,0
2023-04-17,P034,store,0,41.03,0,0,0
2023-04-24,P034,store,0,41.03,0,0,0
2023-05-01,P034,store,10,41.03,0,0,0
2023-05-08,P034,store,0,41.03,0,0,0
2023-05-15,P034,store,0,41.03,0,0,0
2023-05-22,P034,store,0,41.03,0,0,0
2023-05-29,P034,store,0,41.03,0,0,0
2023-06-05,P034,store,0,41.03,0,0,0
2023-06-12,P034,store,5,41.03,0,0,0
2023-06-19,P034,store,0,41.03,0,0,0
2023-06-26,P034,store,0,41.03,0,0,0
2023-07-03,P034,store,3,41.03,0,0,0
2023-07-10,P034,store,0,41.03,0,0,0
2023-07-17,P034,store,0,41.03,0,0,0
2023-07-24,P034,store,0,41.03,0,0,0
2023-07-31,P034,store,4,28.72,30,1,0
2023-08-07,P034,store,0,41.03,0,0,0
2023-08-14,P034,store,0,41.03,0,0,0
2023-08-21,P034,store,0,41.03,0,0,0
2023-08-28,P034,store,0,41.03,0,0,0
2023-09-04,P034,store,0,41.03,0,0,0
2023-09-11,P034,store,0,41.03,0,0,0
2023-09-18,P034,store,0,41.03,0,0,0
2023-09-25,P034,store,0,41.03,0,0,0
2023-10-02,P034,store,0,41.03,0,0,0
2023-10-09,P034,store,0,41.03,0,0,0
2023-10-16,P034,store,10,41.03,0,0,0
2023-10-23,P034,store,0,36.93,10,1,0
2023-10-30,P034,store,0,41.03,0,0,0
2023-11-06,P034,store,0,41.03,0,0,0
2023-11-13,P034,store,0,41.03,0,0,0
2023-11-20,P034,store,4,41.03,0,0,0
2023-11-27,P034,store,0,41.03,0,0,0
2023-12-04,P034,store,0,36.93,10,1,0
2023-12-11,P034,store,0,41.03,0,0,0
2023-12-18,P034,store,0,41.03,0,0,0
2023-12-25,P034,store,0,41.03,0,0,0
2024-01-01,P034,store,0,41.03,0,0,0
2024-01-08,P034,store,0,41.03,0,0,0
2024-01-15,P034,store,0,41.03,0,0,0
2024-01-22,P034,store,0,41.03,0,0,0
2024-01-29,P034,store,1,41.03,0,0,0
2024-02-05,P034,store,0,41.03,0,0,0
2024-02-12,P034,store,0,41.03,0,0,0
2024-02-19,P034,store,2,41.03,0,0,0
2024-02-26,P034,store,0,41.03,0,0,0
2024-03-04,P034,store,0,32.82,20,1,0
2024-03-11,P034,store,0,41.03,0,0,0
2024-03-18,P034,store,0,34.88,15,1,0
2024-03-25,P034,store,0,41.03,0,0,0
2024-04-01,P034,store,0,41.03,0,0,0
2024-04-08,P034,store,0,41.03,0,0,0
2024-04-15,P034,store,0,41.03,0,0,0
2024-04-22,P034,store,0,41.03,0,0,0
2024-04-29,P034,store,0,41.03,0,0,0
2024-05-06,P034,store,0,41.03,0,0,0
2024-05-13,P034,store,0,41.03,0,0,0
2024-05-20,P034,store,0,41.03,0,0,0
2024-05-27,P034,store,0,41.03,0,0,0
2024-06-03,P034,store,0,41.03,0,0,0
2024-06-10,P034,store,5,41.03,0,0,0
2024-06-17,P034,store,2,41.03,0,0,0
2024-06-24,P034,store,0,41.03,0,0,0
2024-07-01,P034,store,7,41.03,0,0,0
2024-07-08,P034,store,0,41.03,0,0,0
2024-07-15,P034,store,9,41.03,0,0,0
2024-07-22,P034,store,0,41.03,0,0,0
2024-07-29,P034,store,0,28.72,30,1,0
2024-08-05,P034,store,19,41.03,0,0,0
2024-08-12,P034,store,0,41.03,0,0,0
2024-08-19,P034,store,0,41.03,0,0,0
2024-08-26,P034,store,0,41.03,0,0,0
2024-09-02,P034,store,0,41.03,0,0,0
2024-09-09,P034,store,0,41.03,0,0,0
2024-09-16,P034,store,5,41.03,0,0,0
2024-09-23,P034,store,0,41.03,0,0,0
2024-09-30,P034,store,0,41.03,0,0,0
2024-10-07,P034,store,0,41.03,0,0,0
2024-10-14,P034,store,0,41.03,0,0,0
2024-10-21,P034,store,0,41.03,0,0,0
2024-10-28,P034,store,0,41.03,0,0,0
2024-11-04,P034,store,1,30.77,25,1,0
2024-11-11,P034,store,0,41.03,0,0,0
2024-11-18,P034,store,0,41.03,0,0,0
2024-11-25,P034,store,0,41.03,0,0,0
2024-12-02,P034,store,13,41.03,0,0,0
2024-12-09,P034,store,0,34.88,15,1,0
2024-12-16,P034,store,0,41.03,0,0,0
2024-12-23,P034,store,0,41.03,0,0,0
2024-12-30,P034,store,0,41.03,0,0,0
2025-01-06,P034,store,0,41.03,0,0,0
2025-01-13,P034,store,0,41.03,0,0,0
2025-01-20,P034,store,2,41.03,0,0,0
2025-01-27,P034,store,0,41.03,0,0,0
2025-02-03,P034,store,2,41.03,0,0,0
2025-02-10,P034,store,2,30.77,25,1,0
2025-02-17,P034,store,1,41.03,0,0,0
2025-02-24,P034,store,0,41.03,0,0,0
2025-03-03,P034,store,0,41.03,0,0,0
2025-03-10,P034,store,0,41.03,0,0,0
2025-03-17,P034,store,0,41.03,0,0,0
2025-03-24,P034,store,0,41.03,0,0,0
2025-03-31,P034,store,0,36.93,10,1,0
2025-04-07,P034,store,6,41.03,0,0,0
2025-04-14,P034,store,0,41.03,0,0,0
2025-04-21,P034,store,1,41.03,0,0,0
2025-04-28,P034,store,0,41.03,0,0,0
2025-05-05,P034,store,0,41.03,0,0,0
2025-05-12,P034,store,1,41.03,0,0,0
2025-05-19,P034,store,0,41.03,0,0,0
2025-05-26,P034,store,0,41.03,0,0,0
2025-06-02,P034,store,4,41.03,0,0,0
2025-06-09,P034,store,0,41.03,0,0,0
2025-06-16,P034,store,0,41.03,0,0,0
2025-06-23,P034,store,0,41.03,0,0,0
2025-06-30,P034,store,0,34.88,15,1,0
2025-07-07,P034,store,0,41.03,0,0,0
2025-07-14,P034,store,0,41.03,0,0,0
2025-07-21,P034,store,0,41.03,0,0,0
2025-07-28,P034,store,0,41.03,0,0,0
2025-08-04,P034,store,0,41.03,0,0,0
2025-08-11,P034,store,0,41.03,0,0,0
2025-08-18,P034,store,6,41.03,0,0,0
2025-08-25,P034,store,27,41.03,0,0,0
2025-09-01,P034,store,0,41.03,0,0,0
2025-09-08,P034,store,0,41.03,0,0,0
2025-09-15,P034,store,0,41.03,0,0,0
2025-09-22,P034,store,0,41.03,0,0,0
2025-09-29,P034,store,2,36.93,10,1,0
2025-10-06,P034,store,0,41.03,0,0,0
2025-10-13,P034,store,0,41.03,0,0,0
2025-10-20,P034,store,5,41.03,0,0,0
2025-10-27,P034,store,0,41.03,0,0,0
2025-11-03,P034,store,0,30.77,25,1,0
2025-11-10,P034,store,0,41.03,0,0,0
2025-11-17,P034,store,0,41.03,0,0,0
2025-11-24,P034,store,3,41.03,0,0,0
2025-12-01,P034,store,0,41.03,0,0,0
2025-12-08,P034,store,0,34.88,15,1,0
2025-12-15,P034,store,0,41.03,0,0,0
2025-12-22,P034,store,0,41.03,0,0,0
2023-01-02,P034,online,0,41.03,0,0,0
2023-01-09,P034,online,0,41.03,0,0,0
2023-01-16,P034,online,2,41.03,0,0,0
2023-01-23,P034,online,0,41.03,0,0,0
2023-01-30,P034,online,0,41.03,0,0,0
2023-02-06,P034,online,0,41.03,0,0,0
2023-02-13,P034,online,17,41.03,0,0,0
2023-02-20,P034,online,0,41.03,0,0,0
2023-02-27,P034,online,0,41.03,0,0,0
2023-03-06,P034,online,1,41.03,0,0,0
2023-03-13,P034,online,0,28.72,30,1,0
2023-03-20,P034,online,0,41.03,0,0,0
2023-03-27,P034,online,0,41.03,0,0,0
2023-04-03,P034,online,0,41.03,0,0,0
2023-04-10,P034,online,0,41.03,0,0,0
2023-04-17,P034,online,3,41.03,0,0,0
2023-04-24,P034,online,0,41.03,0,0,0
2023-05-01,P034,online,0,41.03,0,0,0
2023-05-08,P034,online,0,41.03,0,0,0
2023-05-15,P034,online,0,28.72,30,1,0
2023-05-22,P034,online,0,41.03,0,0,0
2023-05-29,P034,online,0,41.03,0,0,0
2023-06-05,P034,online,0,41.03,0,0,0
2023-06-12,P034,online,0,41.03,0,0,0
2023-06-19,P034,online,0,41.03,0,0,0
2023-06-26,P034,online,0,41.03,0,0,0
2023-07-03,P034,online,0,32.82,20,1,0
2023-07-10,P034,online,0,41.03,0,0,0
2023-07-17,P034,online,0,41.03,0,0,0
2023-07-24,P034,online,0,41.03,0,0,0
2023-07-31,P034,online,0,41.03,0,0,0
2023-08-07,P034,online,0,41.03,0,0,0
2023-08-14,P034,online,0,41.03,0,0,0
2023-08-21,P034,online,0,28.72,30,1,0
2023-08-28,P034,online,0,41.03,0,0,0
2023-09-04,P034,online,0,41.03,0,0,0
2023-09-11,P034,online,0,41.03,0,0,0
2023-09-18,P034,online,0,41.03,0,0,0
2023-09-25,P034,online,0,36.93,10,1,0
2023-10-02,P034,online,0,41.03,0,0,0
2023-10-09,P034,online,0,32.82,20,1,0
2023-10-16,P034,online,0,41.03,0,0,0
2023-10-23,P034,online,0,41.03,0,0,0
2023-10-30,P034,online,12,30.77,25,1,0
2023-11-06,P034,online,0,41.03,0,0,0
2023-11-13,P034,online,0,34.88,15,1,0
2023-11-20,P034,online,0,41.03,0,0,0
2023-11-27,P034,online,0,34.88,15,1,0
2023-12-04,P034,online,0,41.03,0,0,0
2023-12-11,P034,online,0,41.03,0,0,0
2023-12-18,P034,online,0,41.03,0,0,0
2023-12-25,P034,online,0,30.77,25,1,0
2024-01-01,P034,online,0,41.03,0,0,0
2024-01-08,P034,online,0,41.03,0,0,0
2024-01-15,P034,online,0,34.88,15,1,0
2024-01-22,P034,online,0,41.03,0,0,0
2024-01-29,P034,online,0,41.03,0,0,0
2024-02-05,P034,online,0,28.72,30,1,0
2024-02-12,P034,online,0,41.03,0,0,0
2024-02-19,P034,online,0,41.03,0,0,0
2024-02-26,P034,online,0,41.03,0,0,0
2024-03-04,P034,online,2,30.77,25,1,0
2024-03-11,P034,online,0,41.03,0,0,0
2024-03-18,P034,online,0,41.03,0,0,0
2024-03-25,P034,online,0,41.03,0,0,0
2024-04-01,P034,online,0,41.03,0,0,0
2024-04-08,P034,online,0,41.03,0,0,0
2024-04-15,P034,online,3,32.82,20,1,0
2024-04-22,P034,online,0,41.03,0,0,0
2024-04-29,P034,online,0,41.03,0,0,0
2024-05-06,P034,online,0,41.03,0,0,0
2024-05-13,P034,online,0,41.03,0,0,0
2024-05-20,P034,online,0,41.03,0,0,0
2024-05-27,P034,online,0,41.03,0,0,0
2024-06-03,P034,online,0,41.03,0,0,0
2024-06-10,P034,online,0,41.03,0,0,0
2024-06-17,P034,online,0,41.03,0,0,0
2024-06-24,P034,online,0,41.03,0,0,0
2024-07-01,P034,online,0,41.03,0,0,0
2024-07-08,P034,online,0,41.03,0,0,0
2024-07-15,P034,online,0,41.03,0,0,0
2024-07-22,P034,online,0,41.03,0,0,0
2024-07-29,P034,online,0,41.03,0,0,0
2024-08-05,P034,online,0,41.03,0,0,0
2024-08-12,P034,online,0,41.03,0,0,0
2024-08-19,P034,online,0,41.03,0,0,0
2024-08-26,P034,online,0,41.03,0,0,0
2024-09-02,P034,online,3,41.03,0,0,0
2024-09-09,P034,online,0,41.03,0,0,0
2024-09-16,P034,online,0,28.72,30,1,0
2024-09-23,P034,online,0,41.03,0,0,0
2024-09-30,P034,online,0,41.03,0,0,0
2024-10-07,P034,online,0,41.03,0,0,0
2024-10-14,P034,online,0,41.03,0,0,0
2024-10-21,P034,online,0,41.03,0,0,0
2024-10-28,P034,online,0,41.03,0,0,0
2024-11-04,P034,online,0,41.03,0,0,0
2024-11-11,P034,online,0,41.03,0,0,0
2024-11-18,P034,online,0,41.03,0,0,0
2024-11-25,P034,online,0,41.03,0,0,0
2024-12-02,P034,online,0,41.03,0,0,0
2024-12-09,P034,online,0,41.03,0,0,0
2024-12-16,P034,online,0,41.03,0,0,0
2024-12-23,P034,online,0,41.03,0,0,0
2024-12-30,P034,online,0,41.03,0,0,0
2025-01-06,P034,online,1,41.03,0,0,0
2025-01-13,P034,online,0,34.88,15,1,0
2025-01-20,P034,online,0,41.03,0,0,0
2025-01-27,P034,online,0,41.03,0,0,0
2025-02-03,P034,online,0,41.03,0,0,0
2025-02-10,P034,online,0,41.03,0,0,0
2025-02-17,P034,online,9,41.03,0,0,0
2025-02-24,P034,online,0,41.03,0,0,0
2025-03-03,P034,online,0,41.03,0,0,0
2025-03-10,P034,online,0,36.93,10,1,0
2025-03-17,P034,online,0,41.03,0,0,0
2025-03-24,P034,online,0,41.03,0,0,0
2025-03-31,P034,online,0,41.03,0,0,0
2025-04-07,P034,online,0,41.03,0,0,0
2025-04-14,P034,online,0,41.03,0,0,0
2025-04-21,P034,online,0,41.03,0,0,0
2025-04-28,P034,online,0,41.03,0,0,0
2025-05-05,P034,online,1,36.93,10,1,0
2025-05-12,P034,online,0,41.03,0,0,0
2025-05-19,P034,online,0,41.03,0,0,0
2025-05-26,P034,online,0,41.03,0,0,0
2025-06-02,P034,online,0,41.03,0,0,0
2025-06-09,P034,online,6,41.03,0,0,0
2025-06-16,P034,online,0,41.03,0,0,0
2025-06-23,P034,online,6,41.03,0,0,0
2025-06-30,P034,online,0,41.03,0,0,0
2025-07-07,P034,online,4,41.03,0,0,0
2025-07-14,P034,online,0,41.03,0,0,0
2025-07-21,P034,online,0,41.03,0,0,0
2025-07-28,P034,online,0,41.03,0,0,0
2025-08-04,P034,online,0,41.03,0,0,0
2025-08-11,P034,online,0,41.03,0,0,0
2025-08-18,P034,online,0,41.03,0,0,0
2025-08-25,P034,online,0,32.82,20,1,0
2025-09-01,P034,online,0,41.03,0,0,0
2025-09-08,P034,online,0,41.03,0,0,0
2025-09-15,P034,online,0,41.03,0,0,0
2025-09-22,P034,online,0,41.03,0,0,0
2025-09-29,P034,online,0,41.03,0,0,0
2025-10-06,P034,online,0,41.03,0,0,0
2025-10-13,P034,online,0,41.03,0,0,0
2025-10-20,P034,online,0,41.03,0,0,0
2025-10-27,P034,online,9,34.88,15,1,0
2025-11-03,P034,online,4,41.03,0,0,0
2025-11-10,P034,online,3,41.03,0,0,0
2025-11-17,P034,online,0,41.03,0,0,0
2025-11-24,P034,online,0,41.03,0,0,0
2025-12-01,P034,online,0,32.82,20,1,0
2025-12-08,P034,online,0,41.03,0,0,0
2025-12-15,P034,online,0,41.03,0,0,0
2025-12-22,P034,online,0,41.03,0,0,0
2023-01-02,P035,store,0,31.6,0,0,0
2023-01-09,P035,store,0,31.6,0,0,0
2023-01-16,P035,store,0,31.6,0,0,0
2023-01-23,P035,store,2,31.6,0,0,0
2023-01-30,P035,store,1,31.6,0,0,0
2023-02-06,P035,store,0,31.6,0,0,0
2023-02-13,P035,store,0,31.6,0,0,0
2023-02-20,P035,store,0,31.6,0,0,0
2023-02-27,P035,store,0,31.6,0,0,0
2023-03-06,P035,store,2,31.6,0,0,0
2023-03-13,P035,store,1,31.6,0,0,0
2023-03-20,P035,store,0,31.6,0,0,0
2023-03-27,P035,store,1,31.6,0,0,0
2023-04-03,P035,store,1,31.6,0,0,0
2023-04-10,P035,store,0,31.6,0,0,0
2023-04-17,P035,store,0,31.6,0,0,0
2023-04-24,P035,store,0,31.6,0,0,0
2023-05-01,P035,store,0,31.6,0,0,0
2023-05-08,P035,store,2,31.6,0,0,0
2023-05-15,P035,store,2,31.6,0,0,0
2023-05-22,P035,store,1,31.6,0,0,0
2023-05-29,P035,store,0,31.6,0,0,0
2023-06-05,P035,store,1,31.6,0,0,0
2023-06-12,P035,store,1,31.6,0,0,0
2023-06-19,P035,store,1,31.6,0,0,0
2023-06-26,P035,store,1,31.6,0,0,0
2023-07-03,P035,store,2,31.6,0,0,0
2023-07-10,P035,store,0,31.6,0,0,0
2023-07-17,P035,store,0,31.6,0,0,0
2023-07-24,P035,store,0,31.6,0,0,0
2023-07-31,P035,store,0,31.6,0,0,0
2023-08-07,P035,store,2,31.6,0,0,0
2023-08-14,P035,store,0,31.6,0,0,0
2023-08-21,P035,store,2,31.6,0,0,0
2023-08-28,P035,store,0,31.6,0,0,0
2023-09-04,P035,store,1,31.6,0,0,0
2023-09-11,P035,store,0,31.6,0,0,0
2023-09-18,P035,store,0,31.6,0,0,0
2023-09-25,P035,store,0,31.6,0,0,0
2023-10-02,P035,store,2,31.6,0,0,0
2023-10-09,P035,store,0,31.6,0,0,0
2023-10-16,P035,store,0,31.6,0,0,0
2023-10-23,P035,store,0,31.6,0,0,0
2023-10-30,P035,store,2,31.6,0,0,0
2023-11-06,P035,store,0,31.6,0,0,0
2023-11-13,P035,store,1,31.6,0,0,0
2023-11-20,P035,store,0,31.6,0,0,0
2023-11-27,P035,store,0,31.6,0,0,0
2023-12-04,P035,store,0,31.6,0,0,0
2023-12-11,P035,store,0,31.6,0,0,0
2023-12-18,P035,store,0,31.6,0,0,0
2023-12-25,P035,store,0,31.6,0,0,0
2024-01-01,P035,store,1,31.6,0,0,0
2024-01-08,P035,store,1,31.6,0,0,0
2024-01-15,P035,store,0,31.6,0,0,0
2024-01-22,P035,store,0,31.6,0,0,0
2024-01-29,P035,store,2,31.6,0,0,0
2024-02-05,P035,store,0,31.6,0,0,0
2024-02-12,P035,store,0,31.6,0,0,0
2024-02-19,P035,store,1,31.6,0,0,0
2024-02-26,P035,store,0,31.6,0,0,0
2024-03-04,P035,store,0,31.6,0,0,0
2024-03-11,P035,store,0,31.6,0,0,0
2024-03-18,P035,store,0,31.6,0,0,0
2024-03-25,P035,store,1,31.6,0,0,0
2024-04-01,P035,store,1,31.6,0,0,0
2024-04-08,P035,store,0,31.6,0,0,0
2024-04-15,P035,store,0,31.6,0,0,0
2024-04-22,P035,store,0,31.6,0,0,0
2024-04-29,P035,store,0,31.6,0,0,0
2024-05-06,P035,store,1,31.6,0,0,0
2024-05-13,P035,store,0,31.6,0,0,0
2024-05-20,P035,store,3,31.6,0,0,0
2024-05-27,P035,store,1,31.6,0,0,0
2024-06-03,P035,store,0,31.6,0,0,0
2024-06-10,P035,store,0,31.6,0,0,0
2024-06-17,P035,store,0,31.6,0,0,0
2024-06-24,P035,store,3,31.6,0,0,0
2024-07-01,P035,store,0,31.6,0,0,0
2024-07-08,P035,store,0,31.6,0,0,0
2024-07-15,P035,store,2,31.6,0,0,0
2024-07-22,P035,store,1,31.6,0,0,0
2024-07-29,P035,store,0,31.6,0,0,0
2024-08-05,P035,store,0,31.6,0,0,0
2024-08-12,P035,store,0,31.6,0,0,0
2024-08-19,P035,store,1,31.6,0,0,0
2024-08-26,P035,store,2,31.6,0,0,0
2024-09-02,P035,store,0,31.6,0,0,0
2024-09-09,P035,store,0,31.6,0,0,0
2024-09-16,P035,store,0,31.6,0,0,0
2024-09-23,P035,store,1,31.6,0,0,0
2024-09-30,P035,store,3,31.6,0,0,0
2024-10-07,P035,store,2,31.6,0,0,0
2024-10-14,P035,store,0,31.6,0,0,0
2024-10-21,P035,store,0,31.6,0,0,0
2024-10-28,P035,store,0,31.6,0,0,0
2024-11-04,P035,store,0,31.6,0,0,0
2024-11-11,P035,store,2,31.6,0,0,0
2024-11-18,P035,store,0,31.6,0,0,0
2024-11-25,P035,store,1,31.6,0,0,0
2024-12-02,P035,store,0,31.6,0,0,0
2024-12-09,P035,store,0,31.6,0,0,0
2024-12-16,P035,store,2,31.6,0,0,0
2024-12-23,P035,store,2,31.6,0,0,0
2024-12-30,P035,store,0,31.6,0,0,0
2025-01-06,P035,store,0,31.6,0,0,0
2025-01-13,P035,store,2,31.6,0,0,0
2025-01-20,P035,store,0,31.6,0,0,0
2025-01-27,P035,store,0,31.6,0,0,0
2025-02-03,P035,store,3,31.6,0,0,0
2025-02-10,P035,store,2,31.6,0,0,0
2025-02-17,P035,store,0,31.6,0,0,0
2025-02-24,P035,store,0,31.6,0,0,0
2025-03-03,P035,store,0,31.6,0,0,0
2025-03-10,P035,store,0,31.6,0,0,0
2025-03-17,P035,store,0,31.6,0,0,0
2025-03-24,P035,store,0,31.6,0,0,0
2025-03-31,P035,store,0,31.6,0,0,0
2025-04-07,P035,store,1,31.6,0,0,0
2025-04-14,P035,store,0,31.6,0,0,0
2025-04-21,P035,store,1,31.6,0,0,0
2025-04-28,P035,store,2,31.6,0,0,0
2025-05-05,P035,store,1,31.6,0,0,0
2025-05-12,P035,store,0,31.6,0,0,0
2025-05-19,P035,store,0,31.6,0,0,0
2025-05-26,P035,store,0,31.6,0,0,0
2025-06-02,P035,store,2,31.6,0,0,0
2025-06-09,P035,store,1,31.6,0,0,0
2025-06-16,P035,store,0,31.6,0,0,0
2025-06-23,P035,store,0,31.6,0,0,0
2025-06-30,P035,store,0,31.6,0,0,0
2025-07-07,P035,store,0,31.6,0,0,0
2025-07-14,P035,store,0,31.6,0,0,0
2025-07-21,P035,store,1,31.6,0,0,0
2025-07-28,P035,store,0,31.6,0,0,0
2025-08-04,P035,store,0,31.6,0,0,0
2025-08-11,P035,store,1,31.6,0,0,0
2025-08-18,P035,store,0,31.6,0,0,0
2025-08-25,P035,store,0,31.6,0,0,0
2025-09-01,P035,store,0,31.6,0,0,0
2025-09-08,P035,store,0,31.6,0,0,0
2025-09-15,P035,store,0,31.6,0,0,0
2025-09-22,P035,store,0,31.6,0,0,0
2025-09-29,P035,store,1,31.6,0,0,0
2025-10-06,P035,store,1,31.6,0,0,0
2025-10-13,P035,store,2,31.6,0,0,0
2025-10-20,P035,store,1,31.6,0,0,0
2025-10-27,P035,store,0,31.6,0,0,0
2025-11-03,P035,store,3,31.6,0,0,0
2025-11-10,P035,store,0,31.6,0,0,0
2025-11-17,P035,store,1,31.6,0,0,0
2025-11-24,P035,store,2,31.6,0,0,0
2025-12-01,P035,store,0,31.6,0,0,0
2025-12-08,P035,store,0,31.6,0,0,0
2025-12-15,P035,store,0,31.6,0,0,0
2025-12-22,P035,store,2,31.6,0,0,0
2023-01-02,P035,online,0,31.6,0,0,0
2023-01-09,P035,online,1,31.6,0,0,0
2023-01-16,P035,online,0,31.6,0,0,0
2023-01-23,P035,online,3,31.6,0,0,0
2023-01-30,P035,online,0,31.6,0,0,0
2023-02-06,P035,online,0,31.6,0,0,0
2023-02-13,P035,online,0,31.6,0,0,0
2023-02-20,P035,online,3,31.6,0,0,0
2023-02-27,P035,online,0,31.6,0,0,0
2023-03-06,P035,online,0,31.6,0,0,0
2023-03-13,P035,online,0,31.6,0,0,0
2023-03-20,P035,online,1,31.6,0,0,0
2023-03-27,P035,online,2,31.6,0,0,0
2023-04-03,P035,online,0,31.6,0,0,0
2023-04-10,P035,online,0,31.6,0,0,0
2023-04-17,P035,online,2,31.6,0,0,0
2023-04-24,P035,online,0,31.6,0,0,0
2023-05-01,P035,online,0,31.6,0,0,0
2023-05-08,P035,online,3,31.6,0,0,0
2023-05-15,P035,online,0,31.6,0,0,0
2023-05-22,P035,online,0,31.6,0,0,0
2023-05-29,P035,online,0,31.6,0,0,0
2023-06-05,P035,online,0,31.6,0,0,0
2023-06-12,P035,online,0,31.6,0,0,0
2023-06-19,P035,online,0,31.6,0,0,0
2023-06-26,P035,online,0,31.6,0,0,0
2023-07-03,P035,online,2,31.6,0,0,0
2023-07-10,P035,online,0,31.6,0,0,0
2023-07-17,P035,online,0,31.6,0,0,0
2023-07-24,P035,online,2,31.6,0,0,0
2023-07-31,P035,online,0,31.6,0,0,0
2023-08-07,P035,online,0,31.6,0,0,0
2023-08-14,P035,online,0,31.6,0,0,0
2023-08-21,P035,online,2,31.6,0,0,0
2023-08-28,P035,online,0,31.6,0,0,0
2023-09-04,P035,online,0,31.6,0,0,0
2023-09-11,P035,online,0,31.6,0,0,0
2023-09-18,P035,online,2,31.6,0,0,0
2023-09-25,P035,online,0,31.6,0,0,0
2023-10-02,P035,online,0,31.6,0,0,0
2023-10-09,P035,online,0,31.6,0,0,0
2023-10-16,P035,online,0,31.6,0,0,0
2023-10-23,P035,online,0,31.6,0,0,0
2023-10-30,P035,online,0,31.6,0,0,0
2023-11-06,P035,online,0,31.6,0,0,0
2023-11-13,P035,online,0,31.6,0,0,0
2023-11-20,P035,online,0,31.6,0,0,0
2023-11-27,P035,online,0,31.6,0,0,0
2023-12-04,P035,online,3,31.6,0,0,0
2023-12-11,P035,online,2,31.6,0,0,0
2023-12-18,P035,online,0,31.6,0,0,0
2023-12-25,P035,online,0,31.6,0,0,0
2024-01-01,P035,online,2,31.6,0,0,0
2024-01-08,P035,online,1,31.6,0,0,0
2024-01-15,P035,online,0,31.6,0,0,0
2024-01-22,P035,online,2,31.6,0,0,0
2024-01-29,P035,online,0,31.6,0,0,0
2024-02-05,P035,online,3,31.6,0,0,0
2024-02-12,P035,online,2,31.6,0,0,0
2024-02-19,P035,online,0,31.6,0,0,0
2024-02-26,P035,online,0,31.6,0,0,0
2024-03-04,P035,online,1,31.6,0,0,0
2024-03-11,P035,online,0,31.6,0,0,0
2024-03-18,P035,online,0,31.6,0,0,0
2024-03-25,P035,online,0,31.6,0,0,0
2024-04-01,P035,online,2,31.6,0,0,0
2024-04-08,P035,online,3,31.6,0,0,0
2024-04-15,P035,online,0,31.6,0,0,0
2024-04-22,P035,online,0,31.6,0,0,0
2024-04-29,P035,online,0,31.6,0,0,0
2024-05-06,P035,online,0,31.6,0,0,0
2024-05-13,P035,online,0,31.6,0,0,0
2024-05-20,P035,online,0,31.6,0,0,0
2024-05-27,P035,online,0,31.6,0,0,0
2024-06-03,P035,online,0,31.6,0,0,0
2024-06-10,P035,online,0,31.6,0,0,0
2024-06-17,P035,online,0,31.6,0,0,0
2024-06-24,P035,online,0,31.6,0,0,0
2024-07-01,P035,online,0,31.6,0,0,0
2024-07-08,P035,online,0,31.6,0,0,0
2024-07-15,P035,online,0,31.6,0,0,0
2024-07-22,P035,online,0,31.6,0,0,0
2024-07-29,P035,online,0,31.6,0,0,0
2024-08-05,P035,online,0,31.6,0,0,0
2024-08-12,P035,online,0,31.6,0,0,0
2024-08-19,P035,online,0,31.6,0,0,0
2024-08-26,P035,online,0,31.6,0,0,0
2024-09-02,P035,online,2,31.6,0,0,0
2024-09-09,P035,online,1,31.6,0,0,0
2024-09-16,P035,online,1,31.6,0,0,0
2024-09-23,P035,online,0,31.6,0,0,0
2024-09-30,P035,online,0,31.6,0,0,0
2024-10-07,P035,online,0,31.6,0,0,0
2024-10-14,P035,online,0,31.6,0,0,0
2024-10-21,P035,online,0,31.6,0,0,0
2024-10-28,P035,online,0,31.6,0,0,0
2024-11-04,P035,online,1,31.6,0,0,0
2024-11-11,P035,online,1,31.6,0,0,0
2024-11-18,P035,online,0,31.6,0,0,0
2024-11-25,P035,online,0,31.6,0,0,0
2024-12-02,P035,online,0,31.6,0,0,0
2024-12-09,P035,online,0,31.6,0,0,0
2024-12-16,P035,online,2,31.6,0,0,0
2024-12-23,P035,online,0,31.6,0,0,0
2024-12-30,P035,online,0,31.6,0,0,0
2025-01-06,P035,online,1,31.6,0,0,0
2025-01-13,P035,online,0,31.6,0,0,0
2025-01-20,P035,online,0,31.6,0,0,0
2025-01-27,P035,online,1,31.6,0,0,0
2025-02-03,P035,online,0,31.6,0,0,0
2025-02-10,P035,online,2,31.6,0,0,0
2025-02-17,P035,online,0,31.6,0,0,0
2025-02-24,P035,online,2,31.6,0,0,0
2025-03-03,P035,online,0,31.6,0,0,0
2025-03-10,P035,online,0,31.6,0,0,0
2025-03-17,P035,online,0,31.6,0,0,0
2025-03-24,P035,online,1,31.6,0,0,0
2025-03-31,P035,online,0,31.6,0,0,0
2025-04-07,P035,online,2,31.6,0,0,0
2025-04-14,P035,online,0,31.6,0,0,0
2025-04-21,P035,online,0,31.6,0,0,0
2025-04-28,P035,online,0,31.6,0,0,0
2025-05-05,P035,online,0,31.6,0,0,0
2025-05-12,P035,online,0,31.6,0,0,0
2025-05-19,P035,online,0,31.6,0,0,0
2025-05-26,P035,online,0,31.6,0,0,0
2025-06-02,P035,online,0,31.6,0,0,0
2025-06-09,P035,online,0,31.6,0,0,0
2025-06-16,P035,online,1,31.6,0,0,0
2025-06-23,P035,online,0,31.6,0,0,0
2025-06-30,P035,online,0,31.6,0,0,0
2025-07-07,P035,online,2,31.6,0,0,0
2025-07-14,P035,online,0,31.6,0,0,0
2025-07-21,P035,online,0,31.6,0,0,0
2025-07-28,P035,online,0,31.6,0,0,0
2025-08-04,P035,online,0,31.6,0,0,0
2025-08-11,P035,online,0,31.6,0,0,0
2025-08-18,P035,online,0,31.6,0,0,0
2025-08-25,P035,online,0,31.6,0,0,0
2025-09-01,P035,online,3,31.6,0,0,0
2025-09-08,P035,online,0,31.6,0,0,0
2025-09-15,P035,online,1,31.6,0,0,0
2025-09-22,P035,online,0,31.6,0,0,0
2025-09-29,P035,online,0,31.6,0,0,0
2025-10-06,P035,online,3,31.6,0,0,0
2025-10-13,P035,online,0,31.6,0,0,0
2025-10-20,P035,online,0,31.6,0,0,0
2025-10-27,P035,online,0,31.6,0,0,0
2025-11-03,P035,online,2,31.6,0,0,0
2025-11-10,P035,online,0,31.6,0,0,0
2025-11-17,P035,online,0,31.6,0,0,0
2025-11-24,P035,online,0,31.6,0,0,0
2025-12-01,P035,online,3,31.6,0,0,0
2025-12-08,P035,online,0,31.6,0,0,0
2025-12-15,P035,online,3,31.6,0,0,0
2025-12-22,P035,online,0,31.6,0,0,0
2023-01-02,P036,store,0,73.79,0,0,0
2023-01-09,P036,store,1,73.79,0,0,0
2023-01-16,P036,store,0,73.79,0,0,0
2023-01-23,P036,store,0,73.79,0,0,0
2023-01-30,P036,store,0,73.79,0,0,0
2023-02-06,P036,store,0,73.79,0,0,0
2023-02-13,P036,store,0,73.79,0,0,0
2023-02-20,P036,store,1,73.79,0,0,0
2023-02-27,P036,store,0,73.79,0,0,0
2023-03-06,P036,store,0,73.79,0,0,0
2023-03-13,P036,store,0,73.79,0,0,0
2023-03-20,P036,store,0,73.79,0,0,0
2023-03-27,P036,store,1,73.79,0,0,0
2023-04-03,P036,store,0,73.79,0,0,0
2023-04-10,P036,store,1,73.79,0,0,0
2023-04-17,P036,store,0,73.79,0,0,0
2023-04-24,P036,store,0,73.79,0,0,0
2023-05-01,P036,store,0,73.79,0,0,0
2023-05-08,P036,store,2,73.79,0,0,0
2023-05-15,P036,store,0,73.79,0,0,0
2023-05-22,P036,store,2,73.79,0,0,0
2023-05-29,P036,store,0,73.79,0,0,0
2023-06-05,P036,store,2,73.79,0,0,0
2023-06-12,P036,store,0,73.79,0,0,0
2023-06-19,P036,store,0,73.79,0,0,0
2023-06-26,P036,store,0,73.79,0,0,0
2023-07-03,P036,store,0,73.79,0,0,0
2023-07-10,P036,store,1,73.79,0,0,0
2023-07-17,P036,store,1,73.79,0,0,0
2023-07-24,P036,store,0,73.79,0,0,0
2023-07-31,P036,store,2,73.79,0,0,0
2023-08-07,P036,store,0,73.79,0,0,0
2023-08-14,P036,store,1,73.79,0,0,0
2023-08-21,P036,store,0,73.79,0,0,0
2023-08-28,P036,store,0,73.79,0,0,0
2023-09-04,P036,store,0,73.79,0,0,0
2023-09-11,P036,store,0,73.79,0,0,0
2023-09-18,P036,store,1,73.79,0,0,0
2023-09-25,P036,store,0,73.79,0,0,0
2023-10-02,P036,store,0,73.79,0,0,0
2023-10-09,P036,store,2,73.79,0,0,0
2023-10-16,P036,store,0,73.79,0,0,0
2023-10-23,P036,store,0,73.79,0,0,0
2023-10-30,P036,store,0,73.79,0,0,0
2023-11-06,P036,store,1,73.79,0,0,0
2023-11-13,P036,store,1,73.79,0,0,0
2023-11-20,P036,store,0,73.79,0,0,0
2023-11-27,P036,store,0,73.79,0,0,0
2023-12-04,P036,store,0,73.79,0,0,0
2023-12-11,P036,store,0,73.79,0,0,0
2023-12-18,P036,store,3,73.79,0,0,0
2023-12-25,P036,store,0,73.79,0,0,0
2024-01-01,P036,store,1,73.79,0,0,0
2024-01-08,P036,store,1,73.79,0,0,0
2024-01-15,P036,store,0,73.79,0,0,0
2024-01-22,P036,store,0,73.79,0,0,0
2024-01-29,P036,store,0,73.79,0,0,0
2024-02-05,P036,store,1,73.79,0,0,0
2024-02-12,P036,store,0,73.79,0,0,0
2024-02-19,P036,store,2,73.79,0,0,0
2024-02-26,P036,store,0,73.79,0,0,0
2024-03-04,P036,store,1,73.79,0,0,0
2024-03-11,P036,store,2,73.79,0,0,0
2024-03-18,P036,store,0,73.79,0,0,0
2024-03-25,P036,store,1,73.79,0,0,0
2024-04-01,P036,store,0,73.79,0,0,0
2024-04-08,P036,store,0,73.79,0,0,0
2024-04-15,P036,store,0,73.79,0,0,0
2024-04-22,P036,store,0,73.79,0,0,0
2024-04-29,P036,store,3,73.79,0,0,0
2024-05-06,P036,store,1,73.79,0,0,0
2024-05-13,P036,store,1,73.79,0,0,0
2024-05-20,P036,store,0,73.79,0,0,0
2024-05-27,P036,store,0,73.79,0,0,0
2024-06-03,P036,store,0,73.79,0,0,0
2024-06-10,P036,store,0,73.79,0,0,0
2024-06-17,P036,store,2,73.79,0,0,0
2024-06-24,P036,store,0,73.79,0,0,0
2024-07-01,P036,store,0,73.79,0,0,0
2024-07-08,P036,store,2,73.79,0,0,0
2024-07-15,P036,store,0,73.79,0,0,0
2024-07-22,P036,store,0,73.79,0,0,0
2024-07-29,P036,store,2,73.79,0,0,0
2024-08-05,P036,store,0,73.79,0,0,0
2024-08-12,P036,store,3,73.79,0,0,0
2024-08-19,P036,store,0,73.79,0,0,0
2024-08-26,P036,store,0,73.79,0,0,0
2024-09-02,P036,store,0,73.79,0,0,0
2024-09-09,P036,store,0,73.79,0,0,0
2024-09-16,P036,store,0,73.79,0,0,0
2024-09-23,P036,store,1,73.79,0,0,0
2024-09-30,P036,store,0,73.79,0,0,0
2024-10-07,P036,store,1,73.79,0,0,0
2024-10-14,P036,store,0,73.79,0,0,0
2024-10-21,P036,store,0,73.79,0,0,0
2024-10-28,P036,store,1,73.79,0,0,0
2024-11-04,P036,store,0,73.79,0,0,0
2024-11-11,P036,store,1,73.79,0,0,0
2024-11-18,P036,store,0,73.79,0,0,0
2024-11-25,P036,store,0,73.79,0,0,0
2024-12-02,P036,store,0,73.79,0,0,0
2024-12-09,P036,store,2,73.79,0,0,0
2024-12-16,P036,store,0,73.79,0,0,0
2024-12-23,P036,store,0,73.79,0,0,0
2024-12-30,P036,store,3,73.79,0,0,0
2025-01-06,P036,store,0,73.79,0,0,0
2025-01-13,P036,store,0,73.79,0,0,0
2025-01-20,P036,store,0,73.79,0,0,0
2025-01-27,P036,store,0,73.79,0,0,0
2025-02-03,P036,store,0,73.79,0,0,0
2025-02-10,P036,store,1,73.79,0,0,0
2025-02-17,P036,store,0,73.79,0,0,0
2025-02-24,P036,store,1,73.79,0,0,0
2025-03-03,P036,store,1,73.79,0,0,0
2025-03-10,P036,store,0,73.79,0,0,0
2025-03-17,P036,store,0,73.79,0,0,0
2025-03-24,P036,store,0,73.79,0,0,0
2025-03-31,P036,store,0,73.79,0,0,0
2025-04-07,P036,store,0,73.79,0,0,0
2025-04-14,P036,store,1,73.79,0,0,0
2025-04-21,P036,store,0,73.79,0,0,0
2025-04-28,P036,store,0,73.79,0,0,0
2025-05-05,P036,store,2,73.79,0,0,0
2025-05-12,P036,store,0,73.79,0,0,0
2025-05-19,P036,store,0,73.79,0,0,0
2025-05-26,P036,store,2,73.79,0,0,0
2025-06-02,P036,store,0,73.79,0,0,0
2025-06-09,P036,store,0,73.79,0,0,0
2025-06-16,P036,store,0,73.79,0,0,0
2025-06-23,P036,store,0,73.79,0,0,0
2025-06-30,P036,store,2,73.79,0,0,0
2025-07-07,P036,store,0,73.79,0,0,0
2025-07-14,P036,store,0,73.79,0,0,0
2025-07-21,P036,store,2,73.79,0,0,0
2025-07-28,P036,store,0,73.79,0,0,0
2025-08-04,P036,store,0,73.79,0,0,0
2025-08-11,P036,store,0,73.79,0,0,0
2025-08-18,P036,store,0,73.79,0,0,0
2025-08-25,P036,store,1,73.79,0,0,0
2025-09-01,P036,store,0,73.79,0,0,0
2025-09-08,P036,store,0,73.79,0,0,0
2025-09-15,P036,store,2,73.79,0,0,0
2025-09-22,P036,store,0,73.79,0,0,0
2025-09-29,P036,store,0,73.79,0,0,0
2025-10-06,P036,store,0,73.79,0,0,0
2025-10-13,P036,store,0,73.79,0,0,0
2025-10-20,P036,store,1,73.79,0,0,0
2025-10-27,P036,store,0,73.79,0,0,0
2025-11-03,P036,store,0,73.79,0,0,0
2025-11-10,P036,store,0,73.79,0,0,0
2025-11-17,P036,store,0,73.79,0,0,0
2025-11-24,P036,store,0,73.79,0,0,0
2025-12-01,P036,store,1,73.79,0,0,0
2025-12-08,P036,store,3,73.79,0,0,0
2025-12-15,P036,store,2,73.79,0,0,0
2025-12-22,P036,store,2,73.79,0,0,0
2023-01-02,P036,online,0,73.79,0,0,0
2023-01-09,P036,online,0,73.79,0,0,0
2023-01-16,P036,online,1,73.79,0,0,0
2023-01-23,P036,online,1,73.79,0,0,0
2023-01-30,P036,online,0,73.79,0,0,0
2023-02-06,P036,online,0,73.79,0,0,0
2023-02-13,P036,online,0,73.79,0,0,0
2023-02-20,P036,online,1,73.79,0,0,0
2023-02-27,P036,online,2,73.79,0,0,0
2023-03-06,P036,online,0,73.79,0,0,0
2023-03-13,P036,online,1,73.79,0,0,0
2023-03-20,P036,online,0,73.79,0,0,0
2023-03-27,P036,online,0,73.79,0,0,0
2023-04-03,P036,online,0,73.79,0,0,0
2023-04-10,P036,online,2,73.79,0,0,0
2023-04-17,P036,online,0,73.79,0,0,0
2023-04-24,P036,online,0,73.79,0,0,0
2023-05-01,P036,online,2,73.79,0,0,0
2023-05-08,P036,online,1,73.79,0,0,0
2023-05-15,P036,online,0,73.79,0,0,0
2023-05-22,P036,online,0,73.79,0,0,0
2023-05-29,P036,online,0,73.79,0,0,0
2023-06-05,P036,online,0,73.79,0,0,0
2023-06-12,P036,online,0,73.79,0,0,0
2023-06-19,P036,online,2,73.79,0,0,0
2023-06-26,P036,online,1,73.79,0,0,0
2023-07-03,P036,online,1,73.79,0,0,0
2023-07-10,P036,online,0,73.79,0,0,0
2023-07-17,P036,online,0,73.79,0,0,0
2023-07-24,P036,online,1,73.79,0,0,0
2023-07-31,P036,online,1,73.79,0,0,0
2023-08-07,P036,online,1,73.79,0,0,0
2023-08-14,P036,online,0,73.79,0,0,0
2023-08-21,P036,online,0,73.79,0,0,0
2023-08-28,P036,online,0,73.79,0,0,0
2023-09-04,P036,online,0,73.79,0,0,0
2023-09-11,P036,online,2,73.79,0,0,0
2023-09-18,P036,online,0,73.79,0,0,0
2023-09-25,P036,online,2,73.79,0,0,0
2023-10-02,P036,online,0,73.79,0,0,0
2023-10-09,P036,online,0,73.79,0,0,0
2023-10-16,P036,online,1,73.79,0,0,0
2023-10-23,P036,online,0,73.79,0,0,0
2023-10-30,P036,online,1,73.79,0,0,0
2023-11-06,P036,online,0,73.79,0,0,0
2023-11-13,P036,online,1,73.79,0,0,0
2023-11-20,P036,online,0,73.79,0,0,0
2023-11-27,P036,online,1,73.79,0,0,0
2023-12-04,P036,online,0,73.79,0,0,0
2023-12-11,P036,online,0,73.79,0,0,0
2023-12-18,P036,online,0,73.79,0,0,0
2023-12-25,P036,online,2,73.79,0,0,0
2024-01-01,P036,online,0,73.79,0,0,0
2024-01-08,P036,online,0,73.79,0,0,0
2024-01-15,P036,online,0,73.79,0,0,0
2024-01-22,P036,online,0,73.79,0,0,0
2024-01-29,P036,online,0,73.79,0,0,0
2024-02-05,P036,online,0,73.79,0,0,0
2024-02-12,P036,online,0,73.79,0,0,0
2024-02-19,P036,online,0,73.79,0,0,0
2024-02-26,P036,online,1,73.79,0,0,0
2024-03-04,P036,online,0,73.79,0,0,0
2024-03-11,P036,online,0,73.79,0,0,0
2024-03-18,P036,online,0,73.79,0,0,0
2024-03-25,P036,online,0,73.79,0,0,0
2024-04-01,P036,online,0,73.79,0,0,0
2024-04-08,P036,online,0,73.79,0,0,0
2024-04-15,P036,online,0,73.79,0,0,0
2024-04-22,P036,online,1,73.79,0,0,0
2024-04-29,P036,online,0,73.79,0,0,0
2024-05-06,P036,online,1,73.79,0,0,0
2024-05-13,P036,online,0,73.79,0,0,0
2024-05-20,P036,online,0,73.79,0,0,0
2024-05-27,P036,online,1,73.79,0,0,0
2024-06-03,P036,online,0,73.79,0,0,0
2024-06-10,P036,online,0,73.79,0,0,0
2024-06-17,P036,online,2,73.79,0,0,0
2024-06-24,P036,online,3,73.79,0,0,0
2024-07-01,P036,online,2,73.79,0,0,0
2024-07-08,P036,online,1,73.79,0,0,0
2024-07-15,P036,online,2,73.79,0,0,0
2024-07-22,P036,online,3,73.79,0,0,0
2024-07-29,P036,online,0,73.79,0,0,0
2024-08-05,P036,online,0,73.79,0,0,0
2024-08-12,P036,online,1,73.79,0,0,0
2024-08-19,P036,online,0,73.79,0,0,0
2024-08-26,P036,online,0,73.79,0,0,0
2024-09-02,P036,online,0,73.79,0,0,0
2024-09-09,P036,online,1,73.79,0,0,0
2024-09-16,P036,online,0,73.79,0,0,0
2024-09-23,P036,online,1,73.79,0,0,0
2024-09-30,P036,online,0,73.79,0,0,0
2024-10-07,P036,online,3,73.79,0,0,0
2024-10-14,P036,online,1,73.79,0,0,0
2024-10-21,P036,online,1,73.79,0,0,0
2024-10-28,P036,online,2,73.79,0,0,0
2024-11-04,P036,online,0,73.79,0,0,0
2024-11-11,P036,online,0,73.79,0,0,0
2024-11-18,P036,online,1,73.79,0,0,0
2024-11-25,P036,online,2,73.79,0,0,0
2024-12-02,P036,online,0,73.79,0,0,0
2024-12-09,P036,online,0,73.79,0,0,0
2024-12-16,P036,online,0,73.79,0,0,0
2024-12-23,P036,online,0,73.79,0,0,0
2024-12-30,P036,online,0,73.79,0,0,0
2025-01-06,P036,online,1,73.79,0,0,0
2025-01-13,P036,online,0,73.79,0,0,0
2025-01-20,P036,online,1,73.79,0,0,0
2025-01-27,P036,online,0,73.79,0,0,0
2025-02-03,P036,online,0,73.79,0,0,0
2025-02-10,P036,online,1,73.79,0,0,0
2025-02-17,P036,online,1,73.79,0,0,0
2025-02-24,P036,online,0,73.79,0,0,0
2025-03-03,P036,online,0,73.79,0,0,0
2025-03-10,P036,online,0,73.79,0,0,0
2025-03-17,P036,online,0,73.79,0,0,0
2025-03-24,P036,online,0,73.79,0,0,0
2025-03-31,P036,online,1,73.79,0,0,0
2025-04-07,P036,online,2,73.79,0,0,0
2025-04-14,P036,online,0,73.79,0,0,0
2025-04-21,P036,online,0,73.79,0,0,0
2025-04-28,P036,online,0,73.79,0,0,0
2025-05-05,P036,online,0,73.79,0,0,0
2025-05-12,P036,online,1,73.79,0,0,0
2025-05-19,P036,online,2,73.79,0,0,0
2025-05-26,P036,online,1,73.79,0,0,0
2025-06-02,P036,online,0,73.79,0,0,0
2025-06-09,P036,online,1,73.79,0,0,0
2025-06-16,P036,online,0,73.79,0,0,0
2025-06-23,P036,online,1,73.79,0,0,0
2025-06-30,P036,online,0,73.79,0,0,0
2025-07-07,P036,online,1,73.79,0,0,0
2025-07-14,P036,online,1,73.79,0,0,0
2025-07-21,P036,online,0,73.79,0,0,0
2025-07-28,P036,online,1,73.79,0,0,0
2025-08-04,P036,online,1,73.79,0,0,0
2025-08-11,P036,online,0,73.79,0,0,0
2025-08-18,P036,online,0,73.79,0,0,0
2025-08-25,P036,online,0,73.79,0,0,0
2025-09-01,P036,online,3,73.79,0,0,0
2025-09-08,P036,online,0,73.79,0,0,0
2025-09-15,P036,online,0,73.79,0,0,0
2025-09-22,P036,online,1,73.79,0,0,0
2025-09-29,P036,online,1,73.79,0,0,0
2025-10-06,P036,online,0,73.79,0,0,0
2025-10-13,P036,online,2,73.79,0,0,0
2025-10-20,P036,online,0,73.79,0,0,0
2025-10-27,P036,online,0,73.79,0,0,0
2025-11-03,P036,online,0,73.79,0,0,0
2025-11-10,P036,online,0,73.79,0,0,0
2025-11-17,P036,online,0,73.79,0,0,0
2025-11-24,P036,online,0,73.79,0,0,0
2025-12-01,P036,online,0,73.79,0,0,0
2025-12-08,P036,online,0,73.79,0,0,0
2025-12-15,P036,online,0,73.79,0,0,0
2025-12-22,P036,online,1,73.79,0,0,0
2023-01-02,P037,store,2,25.83,0,0,0
2023-01-09,P037,store,0,25.83,0,0,0
2023-01-16,P037,store,0,25.83,0,0,0
2023-01-23,P037,store,1,25.83,0,0,0
2023-01-30,P037,store,1,25.83,0,0,0
2023-02-06,P037,store,0,25.83,0,0,0
2023-02-13,P037,store,1,25.83,0,0,0
2023-02-20,P037,store,1,25.83,0,0,0
2023-02-27,P037,store,0,25.83,0,0,0
2023-03-06,P037,store,0,25.83,0,0,0
2023-03-13,P037,store,0,25.83,0,0,0
2023-03-20,P037,store,0,25.83,0,0,0
2023-03-27,P037,store,2,25.83,0,0,0
2023-04-03,P037,store,0,25.83,0,0,0
2023-04-10,P037,store,1,25.83,0,0,0
2023-04-17,P037,store,0,25.83,0,0,0
2023-04-24,P037,store,0,25.83,0,0,0
2023-05-01,P037,store,0,25.83,0,0,0
2023-05-08,P037,store,0,25.83,0,0,0
2023-05-15,P037,store,0,25.83,0,0,0
2023-05-22,P037,store,3,25.83,0,0,0
2023-05-29,P037,store,0,25.83,0,0,0
2023-06-05,P037,store,0,25.83,0,0,0
2023-06-12,P037,store,0,25.83,0,0,0
2023-06-19,P037,store,0,25.83,0,0,0
2023-06-26,P037,store,0,25.83,0,0,0
2023-07-03,P037,store,0,25.83,0,0,0
2023-07-10,P037,store,1,25.83,0,0,0
2023-07-17,P037,store,0,25.83,0,0,0
2023-07-24,P037,store,0,25.83,0,0,0
2023-07-31,P037,store,0,25.83,0,0,0
2023-08-07,P037,store,1,25.83,0,0,0
2023-08-14,P037,store,1,25.83,0,0,0
2023-08-21,P037,store,0,25.83,0,0,0
2023-08-28,P037,store,0,25.83,0,0,0
2023-09-04,P037,store,3,25.83,0,0,0
2023-09-11,P037,store,2,25.83,0,0,0
2023-09-18,P037,store,0,25.83,0,0,0
2023-09-25,P037,store,0,25.83,0,0,0
2023-10-02,P037,store,1,25.83,0,0,0
2023-10-09,P037,store,0,25.83,0,0,0
2023-10-16,P037,store,3,25.83,0,0,0
2023-10-23,P037,store,2,25.83,0,0,0
2023-10-30,P037,store,0,25.83,0,0,0
2023-11-06,P037,store,0,25.83,0,0,0
2023-11-13,P037,store,0,25.83,0,0,0
2023-11-20,P037,store,0,25.83,0,0,0
2023-11-27,P037,store,0,25.83,0,0,0
2023-12-04,P037,store,3,25.83,0,0,0
2023-12-11,P037,store,2,25.83,0,0,0
2023-12-18,P037,store,0,25.83,0,0,0
2023-12-25,P037,store,0,25.83,0,0,0
2024-01-01,P037,store,0,25.83,0,0,0
2024-01-08,P037,store,1,25.83,0,0,0
2024-01-15,P037,store,0,25.83,0,0,0
2024-01-22,P037,store,0,25.83,0,0,0
2024-01-29,P037,store,0,25.83,0,0,0
2024-02-05,P037,store,0,25.83,0,0,0
2024-02-12,P037,store,0,25.83,0,0,0
2024-02-19,P037,store,0,25.83,0,0,0
2024-02-26,P037,store,1,25.83,0,0,0
2024-03-04,P037,store,0,25.83,0,0,0
2024-03-11,P037,store,2,25.83,0,0,0
2024-03-18,P037,store,2,25.83,0,0,0
2024-03-25,P037,store,3,25.83,0,0,0
2024-04-01,P037,store,1,25.83,0,0,0
2024-04-08,P037,store,0,25.83,0,0,0
2024-04-15,P037,store,0,25.83,0,0,0
2024-04-22,P037,store,2,25.83,0,0,0
2024-04-29,P037,store,0,25.83,0,0,0
2024-05-06,P037,store,0,25.83,0,0,0
2024-05-13,P037,store,0,25.83,0,0,0
2024-05-20,P037,store,0,25.83,0,0,0
2024-05-27,P037,store,0,25.83,0,0,0
2024-06-03,P037,store,0,25.83,0,0,0
2024-06-10,P037,store,0,25.83,0,0,0
2024-06-17,P037,store,0,25.83,0,0,0
2024-06-24,P037,store,0,25.83,0,0,0
2024-07-01,P037,store,0,25.83,0,0,0
2024-07-08,P037,store,0,25.83,0,0,0
2024-07-15,P037,store,4,25.83,0,0,0
2024-07-22,P037,store,1,25.83,0,0,0
2024-07-29,P037,store,0,25.83,0,0,0
2024-08-05,P037,store,0,25.83,0,0,0
2024-08-12,P037,store,0,25.83,0,0,0
2024-08-19,P037,store,0,25.83,0,0,0
2024-08-26,P037,store,0,25.83,0,0,0
2024-09-02,P037,store,0,25.83,0,0,0
2024-09-09,P037,store,2,25.83,0,0,0
2024-09-16,P037,store,0,25.83,0,0,0
2024-09-23,P037,store,0,25.83,0,0,0
2024-09-30,P037,store,0,25.83,0,0,0
2024-10-07,P037,store,0,25.83,0,0,0
2024-10-14,P037,store,0,25.83,0,0,0
2024-10-21,P037,store,1,25.83,0,0,0
2024-10-28,P037,store,2,25.83,0,0,0
2024-11-04,P037,store,2,25.83,0,0,0
2024-11-11,P037,store,0,25.83,0,0,0
2024-11-18,P037,store,1,25.83,0,0,0
2024-11-25,P037,store,0,25.83,0,0,0
2024-12-02,P037,store,2,25.83,0,0,0
2024-12-09,P037,store,0,25.83,0,0,0
2024-12-16,P037,store,0,25.83,0,0,0
2024-12-23,P037,store,0,25.83,0,0,0
2024-12-30,P037,store,0,25.83,0,0,0
2025-01-06,P037,store,1,25.83,0,0,0
2025-01-13,P037,store,0,25.83,0,0,0
2025-01-20,P037,store,0,25.83,0,0,0
2025-01-27,P037,store,1,25.83,0,0,0
2025-02-03,P037,store,1,25.83,0,0,0
2025-02-10,P037,store,1,25.83,0,0,0
2025-02-17,P037,store,0,25.83,0,0,0
2025-02-24,P037,store,0,25.83,0,0,0
2025-03-03,P037,store,0,25.83,0,0,0
2025-03-10,P037,store,1,25.83,0,0,0
2025-03-17,P037,store,0,25.83,0,0,0
2025-03-24,P037,store,1,25.83,0,0,0
2025-03-31,P037,store,0,25.83,0,0,0
2025-04-07,P037,store,0,25.83,0,0,0
2025-04-14,P037,store,3,25.83,0,0,0
2025-04-21,P037,store,2,25.83,0,0,0
2025-04-28,P037,store,2,25.83,0,0,0
2025-05-05,P037,store,1,25.83,0,0,0
2025-05-12,P037,store,0,25.83,0,0,0
2025-05-19,P037,store,0,25.83,0,0,0
2025-05-26,P037,store,1,25.83,0,0,0
2025-06-02,P037,store,0,25.83,0,0,0
2025-06-09,P037,store,0,25.83,0,0,0
2025-06-16,P037,store,0,25.83,0,0,0
2025-06-23,P037,store,0,25.83,0,0,0
2025-06-30,P037,store,1,25.83,0,0,0
2025-07-07,P037,store,0,25.83,0,0,0
2025-07-14,P037,store,2,25.83,0,0,0
2025-07-21,P037,store,2,25.83,0,0,0
2025-07-28,P037,store,3,25.83,0,0,0
2025-08-04,P037,store,0,25.83,0,0,0
2025-08-11,P037,store,0,25.83,0,0,0
2025-08-18,P037,store,0,25.83,0,0,0
2025-08-25,P037,store,1,25.83,0,0,0
2025-09-01,P037,store,2,25.83,0,0,0
2025-09-08,P037,store,0,25.83,0,0,0
2025-09-15,P037,store,1,25.83,0,0,0
2025-09-22,P037,store,0,25.83,0,0,0
2025-09-29,P037,store,1,25.83,0,0,0
2025-10-06,P037,store,0,25.83,0,0,0
2025-10-13,P037,store,0,25.83,0,0,0
2025-10-20,P037,store,0,25.83,0,0,0
2025-10-27,P037,store,0,25.83,0,0,0
2025-11-03,P037,store,0,25.83,0,0,0
2025-11-10,P037,store,0,25.83,0,0,0
2025-11-17,P037,store,1,25.83,0,0,0
2025-11-24,P037,store,1,25.83,0,0,0
2025-12-01,P037,store,1,25.83,0,0,0
2025-12-08,P037,store,1,25.83,0,0,0
2025-12-15,P037,store,0,25.83,0,0,0
2025-12-22,P037,store,1,25.83,0,0,0
2023-01-02,P037,online,0,25.83,0,0,0
2023-01-09,P037,online,0,25.83,0,0,0
2023-01-16,P037,online,0,25.83,0,0,0
2023-01-23,P037,online,0,25.83,0,0,0
2023-01-30,P037,online,1,25.83,0,0,0
2023-02-06,P037,online,1,25.83,0,0,0
2023-02-13,P037,online,1,25.83,0,0,0
2023-02-20,P037,online,1,25.83,0,0,0
2023-02-27,P037,online,0,25.83,0,0,0
2023-03-06,P037,online,0,25.83,0,0,0
2023-03-13,P037,online,0,25.83,0,0,0
2023-03-20,P037,online,0,25.83,0,0,0
2023-03-27,P037,online,2,25.83,0,0,0
2023-04-03,P037,online,0,25.83,0,0,0
2023-04-10,P037,online,0,25.83,0,0,0
2023-04-17,P037,online,1,25.83,0,0,0
2023-04-24,P037,online,1,25.83,0,0,0
2023-05-01,P037,online,1,25.83,0,0,0
2023-05-08,P037,online,0,25.83,0,0,0
2023-05-15,P037,online,0,25.83,0,0,0
2023-05-22,P037,online,0,25.83,0,0,0
2023-05-29,P037,online,1,25.83,0,0,0
2023-06-05,P037,online,1,25.83,0,0,0
2023-06-12,P037,online,0,25.83,0,0,0
2023-06-19,P037,online,0,25.83,0,0,0
2023-06-26,P037,online,0,25.83,0,0,0
2023-07-03,P037,online,2,25.83,0,0,0
2023-07-10,P037,online,0,25.83,0,0,0
2023-07-17,P037,online,1,25.83,0,0,0
2023-07-24,P037,online,2,25.83,0,0,0
2023-07-31,P037,online,0,25.83,0,0,0
2023-08-07,P037,online,0,25.83,0,0,0
2023-08-14,P037,online,1,25.83,0,0,0
2023-08-21,P037,online,0,25.83,0,0,0
2023-08-28,P037,online,0,25.83,0,0,0
2023-09-04,P037,online,0,25.83,0,0,0
2023-09-11,P037,online,0,25.83,0,0,0
2023-09-18,P037,online,1,25.83,0,0,0
2023-09-25,P037,online,0,25.83,0,0,0
2023-10-02,P037,online,0,25.83,0,0,0
2023-10-09,P037,online,0,25.83,0,0,0
2023-10-16,P037,online,0,25.83,0,0,0
2023-10-23,P037,online,0,25.83,0,0,0
2023-10-30,P037,online,0,25.83,0,0,0
2023-11-06,P037,online,0,25.83,0,0,0
2023-11-13,P037,online,0,25.83,0,0,0
2023-11-20,P037,online,0,25.83,0,0,0
2023-11-27,P037,online,0,25.83,0,0,0
2023-12-04,P037,online,0,25.83,0,0,0
2023-12-11,P037,online,1,25.83,0,0,0
2023-12-18,P037,online,0,25.83,0,0,0
2023-12-25,P037,online,1,25.83,0,0,0
2024-01-01,P037,online,0,25.83,0,0,0
2024-01-08,P037,online,0,25.83,0,0,0
2024-01-15,P037,online,0,25.83,0,0,0
2024-01-22,P037,online,0,25.83,0,0,0
2024-01-29,P037,online,2,25.83,0,0,0
2024-02-05,P037,online,0,25.83,0,0,0
2024-02-12,P037,online,0,25.83,0,0,0
2024-02-19,P037,online,2,25.83,0,0,0
2024-02-26,P037,online,2,25.83,0,0,0
2024-03-04,P037,online,2,25.83,0,0,0
2024-03-11,P037,online,1,25.83,0,0,0
2024-03-18,P037,online,2,25.83,0,0,0
2024-03-25,P037,online,1,25.83,0,0,0
2024-04-01,P037,online,1,25.83,0,0,0
2024-04-08,P037,online,1,25.83,0,0,0
2024-04-15,P037,online,0,25.83,0,0,0
2024-04-22,P037,online,0,25.83,0,0,0
2024-04-29,P037,online,0,25.83,0,0,0
2024-05-06,P037,online,0,25.83,0,0,0
2024-05-13,P037,online,1,25.83,0,0,0
2024-05-20,P037,online,1,25.83,0,0,0
2024-05-27,P037,online,0,25.83,0,0,0
2024-06-03,P037,online,0,25.83,0,0,0
2024-06-10,P037,online,0,25.83,0,0,0
2024-06-17,P037,online,0,25.83,0,0,0
2024-06-24,P037,online,0,25.83,0,0,0
2024-07-01,P037,online,0,25.83,0,0,0
2024-07-08,P037,online,0,25.83,0,0,0
2024-07-15,P037,online,0,25.83,0,0,0
2024-07-22,P037,online,0,25.83,0,0,0
2024-07-29,P037,online,0,25.83,0,0,0
2024-08-05,P037,online,0,25.83,0,0,0
2024-08-12,P037,online,0,25.83,0,0,0
2024-08-19,P037,online,0,25.83,0,0,0
2024-08-26,P037,online,0,25.83,0,0,0
2024-09-02,P037,online,3,25.83,0,0,0
2024-09-09,P037,online,0,25.83,0,0,0
2024-09-16,P037,online,1,25.83,0,0,0
2024-09-23,P037,online,0,25.83,0,0,0
2024-09-30,P037,online,0,25.83,0,0,0
2024-10-07,P037,online,0,25.83,0,0,0
2024-10-14,P037,online,1,25.83,0,0,0
2024-10-21,P037,online,0,25.83,0,0,0
2024-10-28,P037,online,3,25.83,0,0,0
2024-11-04,P037,online,1,25.83,0,0,0
2024-11-11,P037,online,0,25.83,0,0,0
2024-11-18,P037,online,2,25.83,0,0,0
2024-11-25,P037,online,1,25.83,0,0,0
2024-12-02,P037,online,1,25.83,0,0,0
2024-12-09,P037,online,0,25.83,0,0,0
2024-12-16,P037,online,0,25.83,0,0,0
2024-12-23,P037,online,1,25.83,0,0,0
2024-12-30,P037,online,0,25.83,0,0,0
2025-01-06,P037,online,1,25.83,0,0,0
2025-01-13,P037,online,0,25.83,0,0,0
2025-01-20,P037,online,0,25.83,0,0,0
2025-01-27,P037,online,0,25.83,0,0,0
2025-02-03,P037,online,0,25.83,0,0,0
2025-02-10,P037,online,1,25.83,0,0,0
2025-02-17,P037,online,0,25.83,0,0,0
2025-02-24,P037,online,0,25.83,0,0,0
2025-03-03,P037,online,0,25.83,0,0,0
2025-03-10,P037,online,0,25.83,0,0,0
2025-03-17,P037,online,0,25.83,0,0,0
2025-03-24,P037,online,1,25.83,0,0,0
2025-03-31,P037,online,0,25.83,0,0,0
2025-04-07,P037,online,0,25.83,0,0,0
2025-04-14,P037,online,1,25.83,0,0,0
2025-04-21,P037,online,0,25.83,0,0,0
2025-04-28,P037,online,0,25.83,0,0,0
2025-05-05,P037,online,0,25.83,0,0,0
2025-05-12,P037,online,3,25.83,0,0,0
2025-05-19,P037,online,1,25.83,0,0,0
2025-05-26,P037,online,0,25.83,0,0,0
2025-06-02,P037,online,0,25.83,0,0,0
2025-06-09,P037,online,1,25.83,0,0,0
2025-06-16,P037,online,4,25.83,0,0,0
2025-06-23,P037,online,0,25.83,0,0,0
2025-06-30,P037,online,0,25.83,0,0,0
2025-07-07,P037,online,0,25.83,0,0,0
2025-07-14,P037,online,0,25.83,0,0,0
2025-07-21,P037,online,0,25.83,0,0,0
2025-07-28,P037,online,0,25.83,0,0,0
2025-08-04,P037,online,2,25.83,0,0,0
2025-08-11,P037,online,0,25.83,0,0,0
2025-08-18,P037,online,1,25.83,0,0,0
2025-08-25,P037,online,1,25.83,0,0,0
2025-09-01,P037,online,1,25.83,0,0,0
2025-09-08,P037,online,2,25.83,0,0,0
2025-09-15,P037,online,1,25.83,0,0,0
2025-09-22,P037,online,0,25.83,0,0,0
2025-09-29,P037,online,0,25.83,0,0,0
2025-10-06,P037,online,0,25.83,0,0,0
2025-10-13,P037,online,2,25.83,0,0,0
2025-10-20,P037,online,0,25.83,0,0,0
2025-10-27,P037,online,1,25.83,0,0,0
2025-11-03,P037,online,0,25.83,0,0,0
2025-11-10,P037,online,1,25.83,0,0,0
2025-11-17,P037,online,1,25.83,0,0,0
2025-11-24,P037,online,0,25.83,0,0,0
2025-12-01,P037,online,0,25.83,0,0,0
2025-12-08,P037,online,1,25.83,0,0,0
2025-12-15,P037,online,0,25.83,0,0,0
2025-12-22,P037,online,0,25.83,0,0,0
2023-01-02,P038,store,1,27.84,0,0,0
2023-01-09,P038,store,0,27.84,0,0,0
2023-01-16,P038,store,0,27.84,0,0,0
2023-01-23,P038,store,0,27.84,0,0,0
2023-01-30,P038,store,5,27.84,0,0,0
2023-02-06,P038,store,1,27.84,0,0,0
2023-02-13,P038,store,0,27.84,0,0,0
2023-02-20,P038,store,0,27.84,0,0,0
2023-02-27,P038,store,0,27.84,0,0,0
2023-03-06,P038,store,0,27.84,0,0,0
2023-03-13,P038,store,2,27.84,0,0,0
2023-03-20,P038,store,8,27.84,0,0,0
2023-03-27,P038,store,0,27.84,0,0,0
2023-04-03,P038,store,19,27.84,0,0,0
2023-04-10,P038,store,0,27.84,0,0,0
2023-04-17,P038,store,0,27.84,0,0,0
2023-04-24,P038,store,0,27.84,0,0,0
2023-05-01,P038,store,6,27.84,0,0,0
2023-05-08,P038,store,0,27.84,0,0,0
2023-05-15,P038,store,9,27.84,0,0,0
2023-05-22,P038,store,2,27.84,0,0,0
2023-05-29,P038,store,3,27.84,0,0,0
2023-06-05,P038,store,0,27.84,0,0,0
2023-06-12,P038,store,0,27.84,0,0,0
2023-06-19,P038,store,0,27.84,0,0,0
2023-06-26,P038,store,0,27.84,0,0,0
2023-07-03,P038,store,0,27.84,0,0,0
2023-07-10,P038,store,0,27.84,0,0,0
2023-07-17,P038,store,0,27.84,0,0,0
2023-07-24,P038,store,0,27.84,0,0,0
2023-07-31,P038,store,0,27.84,0,0,0
2023-08-07,P038,store,0,27.84,0,0,0
2023-08-14,P038,store,0,27.84,0,0,0
2023-08-21,P038,store,0,27.84,0,0,0
2023-08-28,P038,store,0,27.84,0,0,0
2023-09-04,P038,store,0,27.84,0,0,0
2023-09-11,P038,store,0,27.84,0,0,0
2023-09-18,P038,store,1,27.84,0,0,0
2023-09-25,P038,store,3,27.84,0,0,0
2023-10-02,P038,store,0,27.84,0,0,0
2023-10-09,P038,store,7,27.84,0,0,0
2023-10-16,P038,store,0,27.84,0,0,0
2023-10-23,P038,store,0,27.84,0,0,0
2023-10-30,P038,store,3,27.84,0,0,0
2023-11-06,P038,store,2,27.84,0,0,0
2023-11-13,P038,store,0,27.84,0,0,0
2023-11-20,P038,store,0,27.84,0,0,0
2023-11-27,P038,store,0,27.84,0,0,0
2023-12-04,P038,store,0,27.84,0,0,0
2023-12-11,P038,store,0,27.84,0,0,0
2023-12-18,P038,store,8,27.84,0,0,0
2023-12-25,P038,store,3,27.84,0,0,0
2024-01-01,P038,store,2,27.84,0,0,0
2024-01-08,P038,store,0,27.84,0,0,0
2024-01-15,P038,store,8,27.84,0,0,0
2024-01-22,P038,store,0,27.84,0,0,0
2024-01-29,P038,store,2,27.84,0,0,0
2024-02-05,P038,store,0,27.84,0,0,0
2024-02-12,P038,store,0,27.84,0,0,0
2024-02-19,P038,store,0,27.84,0,0,0
2024-02-26,P038,store,0,27.84,0,0,0
2024-03-04,P038,store,0,27.84,0,0,0
2024-03-11,P038,store,6,27.84,0,0,0
2024-03-18,P038,store,12,27.84,0,0,0
2024-03-25,P038,store,1,27.84,0,0,0
2024-04-01,P038,store,0,27.84,0,0,0
2024-04-08,P038,store,0,27.84,0,0,0
2024-04-15,P038,store,0,27.84,0,0,0
2024-04-22,P038,store,2,27.84,0,0,0
2024-04-29,P038,store,0,27.84,0,0,0
2024-05-06,P038,store,7,27.84,0,0,0
2024-05-13,P038,store,0,27.84,0,0,0
2024-05-20,P038,store,3,27.84,0,0,0
2024-05-27,P038,store,0,27.84,0,0,0
2024-06-03,P038,store,0,27.84,0,0,0
2024-06-10,P038,store,0,27.84,0,0,0
2024-06-17,P038,store,4,27.84,0,0,0
2024-06-24,P038,store,0,27.84,0,0,0
2024-07-01,P038,store,1,27.84,0,0,0
2024-07-08,P038,store,0,27.84,0,0,0
2024-07-15,P038,store,14,27.84,0,0,0
2024-07-22,P038,store,0,27.84,0,0,0
2024-07-29,P038,store,3,27.84,0,0,0
2024-08-05,P038,store,0,27.84,0,0,0
2024-08-12,P038,store,0,27.84,0,0,0
2024-08-19,P038,store,0,27.84,0,0,0
2024-08-26,P038,store,0,27.84,0,0,0
2024-09-02,P038,store,0,27.84,0,0,0
2024-09-09,P038,store,1,27.84,0,0,0
2024-09-16,P038,store,0,27.84,0,0,0
2024-09-23,P038,store,16,27.84,0,0,0
2024-09-30,P038,store,1,27.84,0,0,0
2024-10-07,P038,store,0,27.84,0,0,0
2024-10-14,P038,store,1,27.84,0,0,0
2024-10-21,P038,store,0,27.84,0,0,0
2024-10-28,P038,store,4,27.84,0,0,0
2024-11-04,P038,store,0,27.84,0,0,0
2024-11-11,P038,store,0,27.84,0,0,0
2024-11-18,P038,store,0,27.84,0,0,0
2024-11-25,P038,store,2,27.84,0,0,0
2024-12-02,P038,store,5,27.84,0,0,0
2024-12-09,P038,store,1,27.84,0,0,0
2024-12-16,P038,store,3,27.84,0,0,0
2024-12-23,P038,store,4,27.84,0,0,0
2024-12-30,P038,store,0,27.84,0,0,0
2025-01-06,P038,store,1,27.84,0,0,0
2025-01-13,P038,store,0,27.84,0,0,0
2025-01-20,P038,store,0,27.84,0,0,0
2025-01-27,P038,store,0,27.84,0,0,0
2025-02-03,P038,store,0,27.84,0,0,0
2025-02-10,P038,store,5,27.84,0,0,0
2025-02-17,P038,store,0,27.84,0,0,0
2025-02-24,P038,store,2,27.84,0,0,0
2025-03-03,P038,store,2,27.84,0,0,0
2025-03-10,P038,store,2,27.84,0,0,0
2025-03-17,P038,store,0,27.84,0,0,0
2025-03-24,P038,store,5,27.84,0,0,0
2025-03-31,P038,store,0,27.84,0,0,0
2025-04-07,P038,store,0,27.84,0,0,0
2025-04-14,P038,store,0,27.84,0,0,0
2025-04-21,P038,store,0,27.84,0,0,0
2025-04-28,P038,store,0,27.84,0,0,0
2025-05-05,P038,store,0,27.84,0,0,0
2025-05-12,P038,store,0,27.84,0,0,0
2025-05-19,P038,store,0,27.84,0,0,0
2025-05-26,P038,store,0,27.84,0,0,0
2025-06-02,P038,store,0,27.84,0,0,0
2025-06-09,P038,store,1,27.84,0,0,0
2025-06-16,P038,store,1,27.84,0,0,0
2025-06-23,P038,store,3,27.84,0,0,0
2025-06-30,P038,store,3,27.84,0,0,0
2025-07-07,P038,store,0,27.84,0,0,0
2025-07-14,P038,store,0,27.84,0,0,0
2025-07-21,P038,store,0,27.84,0,0,0
2025-07-28,P038,store,0,27.84,0,0,0
2025-08-04,P038,store,0,27.84,0,0,0
2025-08-11,P038,store,16,27.84,0,0,0
2025-08-18,P038,store,0,27.84,0,0,0
2025-08-25,P038,store,0,27.84,0,0,0
2025-09-01,P038,store,0,27.84,0,0,0
2025-09-08,P038,store,0,27.84,0,0,0
2025-09-15,P038,store,0,27.84,0,0,0
2025-09-22,P038,store,6,27.84,0,0,0
2025-09-29,P038,store,0,27.84,0,0,0
2025-10-06,P038,store,0,27.84,0,0,0
2025-10-13,P038,store,0,27.84,0,0,0
2025-10-20,P038,store,0,27.84,0,0,0
2025-10-27,P038,store,0,27.84,0,0,0
2025-11-03,P038,store,4,27.84,0,0,0
2025-11-10,P038,store,2,27.84,0,0,0
2025-11-17,P038,store,0,27.84,0,0,0
2025-11-24,P038,store,1,27.84,0,0,0
2025-12-01,P038,store,0,27.84,0,0,0
2025-12-08,P038,store,0,27.84,0,0,0
2025-12-15,P038,store,0,27.84,0,0,0
2025-12-22,P038,store,5,27.84,0,0,0
2023-01-02,P038,online,0,27.84,0,0,0
2023-01-09,P038,online,0,27.84,0,0,0
2023-01-16,P038,online,1,27.84,0,0,0
2023-01-23,P038,online,0,27.84,0,0,0
2023-01-30,P038,online,0,27.84,0,0,0
2023-02-06,P038,online,0,27.84,0,0,0
2023-02-13,P038,online,3,27.84,0,0,0
2023-02-20,P038,online,0,27.84,0,0,0
2023-02-27,P038,online,0,27.84,0,0,0
2023-03-06,P038,online,0,27.84,0,0,0
2023-03-13,P038,online,0,27.84,0,0,0
2023-03-20,P038,online,0,27.84,0,0,0
2023-03-27,P038,online,16,27.84,0,0,0
2023-04-03,P038,online,2,27.84,0,0,0
2023-04-10,P038,online,0,27.84,0,0,0
2023-04-17,P038,online,0,27.84,0,0,0
2023-04-24,P038,online,0,27.84,0,0,0
2023-05-01,P038,online,0,27.84,0,0,0
2023-05-08,P038,online,5,27.84,0,0,0
2023-05-15,P038,online,0,27.84,0,0,0
2023-05-22,P038,online,0,27.84,0,0,0
2023-05-29,P038,online,0,27.84,0,0,0
2023-06-05,P038,online,0,27.84,0,0,0
2023-06-12,P038,online,0,27.84,0,0,0
2023-06-19,P038,online,6,27.84,0,0,0
2023-06-26,P038,online,0,27.84,0,0,0
2023-07-03,P038,online,0,27.84,0,0,0
2023-07-10,P038,online,5,27.84,0,0,0
2023-07-17,P038,online,0,27.84,0,0,0
2023-07-24,P038,online,5,27.84,0,0,0
2023-07-31,P038,online,9,27.84,0,0,0
2023-08-07,P038,online,0,27.84,0,0,0
2023-08-14,P038,online,0,27.84,0,0,0
2023-08-21,P038,online,0,27.84,0,0,0
2023-08-28,P038,online,0,27.84,0,0,0
2023-09-04,P038,online,0,27.84,0,0,0
2023-09-11,P038,online,11,27.84,0,0,0
2023-09-18,P038,online,0,27.84,0,0,0
2023-09-25,P038,online,0,27.84,0,0,0
2023-10-02,P038,online,0,27.84,0,0,0
2023-10-09,P038,online,0,27.84,0,0,0
2023-10-16,P038,online,1,27.84,0,0,0
2023-10-23,P038,online,0,27.84,0,0,0
2023-10-30,P038,online,3,27.84,0,0,0
2023-11-06,P038,online,0,27.84,0,0,0
2023-11-13,P038,online,1,27.84,0,0,0
2023-11-20,P038,online,0,27.84,0,0,0
2023-11-27,P038,online,0,27.84,0,0,0
2023-12-04,P038,online,8,27.84,0,0,0
2023-12-11,P038,online,0,27.84,0,0,0
2023-12-18,P038,online,6,27.84,0,0,0
2023-12-25,P038,online,0,27.84,0,0,0
2024-01-01,P038,online,0,27.84,0,0,0
2024-01-08,P038,online,7,27.84,0,0,0
2024-01-15,P038,online,0,27.84,0,0,0
2024-01-22,P038,online,0,27.84,0,0,0
2024-01-29,P038,online,0,27.84,0,0,0
2024-02-05,P038,online,0,27.84,0,0,0
2024-02-12,P038,online,0,27.84,0,0,0
2024-02-19,P038,online,0,27.84,0,0,0
2024-02-26,P038,online,3,27.84,0,0,0
2024-03-04,P038,online,0,27.84,0,0,0
2024-03-11,P038,online,0,27.84,0,0,0
2024-03-18,P038,online,0,27.84,0,0,0
2024-03-25,P038,online,3,27.84,0,0,0
2024-04-01,P038,online,0,27.84,0,0,0
2024-04-08,P038,online,0,27.84,0,0,0
2024-04-15,P038,online,0,27.84,0,0,0
2024-04-22,P038,online,0,27.84,0,0,0
2024-04-29,P038,online,0,27.84,0,0,0
2024-05-06,P038,online,0,27.84,0,0,0
2024-05-13,P038,online,0,27.84,0,0,0
2024-05-20,P038,online,3,27.84,0,0,0
2024-05-27,P038,online,0,27.84,0,0,0
2024-06-03,P038,online,0,27.84,0,0,0
2024-06-10,P038,online,5,27.84,0,0,0
2024-06-17,P038,online,0,27.84,0,0,0
2024-06-24,P038,online,0,27.84,0,0,0
2024-07-01,P038,online,4,27.84,0,0,0
2024-07-08,P038,online,0,27.84,0,0,0
2024-07-15,P038,online,0,27.84,0,0,0
2024-07-22,P038,online,4,27.84,0,0,0
2024-07-29,P038,online,0,27.84,0,0,0
2024-08-05,P038,online,0,27.84,0,0,0
2024-08-12,P038,online,2,27.84,0,0,0
2024-08-19,P038,online,0,27.84,0,0,0
2024-08-26,P038,online,0,27.84,0,0,0
2024-09-02,P038,online,0,27.84,0,0,0
2024-09-09,P038,online,0,27.84,0,0,0
2024-09-16,P038,online,0,27.84,0,0,0
2024-09-23,P038,online,0,27.84,0,0,0
2024-09-30,P038,online,0,27.84,0,0,0
2024-10-07,P038,online,0,27.84,0,0,0
2024-10-14,P038,online,0,27.84,0,0,0
2024-10-21,P038,online,0,27.84,0,0,0
2024-10-28,P038,online,0,27.84,0,0,0
2024-11-04,P038,online,0,27.84,0,0,0
2024-11-11,P038,online,0,27.84,0,0,0
2024-11-18,P038,online,13,27.84,0,0,0
2024-11-25,P038,online,0,27.84,0,0,0
2024-12-02,P038,online,0,27.84,0,0,0
2024-12-09,P038,online,0,27.84,0,0,0
2024-12-16,P038,online,0,27.84,0,0,0
2024-12-23,P038,online,0,27.84,0,0,0
2024-12-30,P038,online,0,27.84,0,0,0
2025-01-06,P038,online,3,27.84,0,0,0
2025-01-13,P038,online,0,27.84,0,0,0
2025-01-20,P038,online,0,27.84,0,0,0
2025-01-27,P038,online,0,27.84,0,0,0
2025-02-03,P038,online,0,27.84,0,0,0
2025-02-10,P038,online,2,27.84,0,0,0
2025-02-17,P038,online,0,27.84,0,0,0
2025-02-24,P038,online,0,27.84,0,0,0
2025-03-03,P038,online,0,27.84,0,0,0
2025-03-10,P038,online,0,27.84,0,0,0
2025-03-17,P038,online,0,27.84,0,0,0
2025-03-24,P038,online,2,27.84,0,0,0
2025-03-31,P038,online,0,27.84,0,0,0
2025-04-07,P038,online,0,27.84,0,0,0
2025-04-14,P038,online,1,27.84,0,0,0
2025-04-21,P038,online,0,27.84,0,0,0
2025-04-28,P038,online,0,27.84,0,0,0
2025-05-05,P038,online,0,27.84,0,0,0
2025-05-12,P038,online,0,27.84,0,0,0
2025-05-19,P038,online,0,27.84,0,0,0
2025-05-26,P038,online,0,27.84,0,0,0
2025-06-02,P038,online,2,27.84,0,0,0
2025-06-09,P038,online,0,27.84,0,0,0
2025-06-16,P038,online,0,27.84,0,0,0
2025-06-23,P038,online,4,27.84,0,0,0
2025-06-30,P038,online,0,27.84,0,0,0
2025-07-07,P038,online,0,27.84,0,0,0
2025-07-14,P038,online,2,27.84,0,0,0
2025-07-21,P038,online,0,27.84,0,0,0
2025-07-28,P038,online,0,27.84,0,0,0
2025-08-04,P038,online,0,27.84,0,0,0
2025-08-11,P038,online,0,27.84,0,0,0
2025-08-18,P038,online,0,27.84,0,0,0
2025-08-25,P038,online,6,27.84,0,0,0
2025-09-01,P038,online,2,27.84,0,0,0
2025-09-08,P038,online,0,27.84,0,0,0
2025-09-15,P038,online,0,27.84,0,0,0
2025-09-22,P038,online,13,27.84,0,0,0
2025-09-29,P038,online,0,27.84,0,0,0
2025-10-06,P038,online,8,27.84,0,0,0
2025-10-13,P038,online,0,27.84,0,0,0
2025-10-20,P038,online,18,27.84,0,0,0
2025-10-27,P038,online,0,27.84,0,0,0
2025-11-03,P038,online,0,27.84,0,0,0
2025-11-10,P038,online,0,27.84,0,0,0
2025-11-17,P038,online,0,27.84,0,0,0
2025-11-24,P038,online,7,27.84,0,0,0
2025-12-01,P038,online,0,27.84,0,0,0
2025-12-08,P038,online,0,27.84,0,0,0
2025-12-15,P038,online,0,27.84,0,0,0
2025-12-22,P038,online,0,27.84,0,0,0
2023-01-02,P039,store,0,9.15,0,0,0
2023-01-09,P039,store,0,9.15,0,0,0
2023-01-16,P039,store,0,9.15,0,0,0
2023-01-23,P039,store,0,9.15,0,0,0
2023-01-30,P039,store,0,9.15,0,0,0
2023-02-06,P039,store,0,9.15,0,0,0
2023-02-13,P039,store,0,9.15,0,0,0
2023-02-20,P039,store,0,9.15,0,0,0
2023-02-27,P039,store,0,9.15,0,0,0
2023-03-06,P039,store,0,9.15,0,0,0
2023-03-13,P039,store,0,9.15,0,0,0
2023-03-20,P039,store,0,9.15,0,0,0
2023-03-27,P039,store,0,9.15,0,0,0
2023-04-03,P039,store,0,9.15,0,0,0
2023-04-10,P039,store,0,9.15,0,0,0
2023-04-17,P039,store,0,9.15,0,0,0
2023-04-24,P039,store,0,9.15,0,0,0
2023-05-01,P039,store,0,9.15,0,0,0
2023-05-08,P039,store,0,9.15,0,0,0
2023-05-15,P039,store,0,9.15,0,0,0
2023-05-22,P039,store,4,9.15,0,0,0
2023-05-29,P039,store,0,9.15,0,0,0
2023-06-05,P039,store,0,9.15,0,0,0
2023-06-12,P039,store,0,9.15,0,0,0
2023-06-19,P039,store,0,9.15,0,0,0
2023-06-26,P039,store,0,9.15,0,0,0
2023-07-03,P039,store,0,9.15,0,0,0
2023-07-10,P039,store,7,9.15,0,0,0
2023-07-17,P039,store,0,9.15,0,0,0
2023-07-24,P039,store,0,9.15,0,0,0
2023-07-31,P039,store,1,9.15,0,0,0
2023-08-07,P039,store,0,9.15,0,0,0
2023-08-14,P039,store,4,9.15,0,0,0
2023-08-21,P039,store,0,9.15,0,0,0
2023-08-28,P039,store,0,9.15,0,0,0
2023-09-04,P039,store,0,9.15,0,0,0
2023-09-11,P039,store,0,9.15,0,0,0
2023-09-18,P039,store,0,9.15,0,0,0
2023-09-25,P039,store,0,9.15,0,0,0
2023-10-02,P039,store,0,9.15,0,0,0
2023-10-09,P039,store,2,9.15,0,0,0
2023-10-16,P039,store,0,9.15,0,0,0
2023-10-23,P039,store,0,9.15,0,0,0
2023-10-30,P039,store,5,9.15,0,0,0
2023-11-06,P039,store,0,9.15,0,0,0
2023-11-13,P039,store,7,9.15,0,0,0
2023-11-20,P039,store,3,9.15,0,0,0
2023-11-27,P039,store,0,9.15,0,0,0
2023-12-04,P039,store,0,9.15,0,0,0
2023-12-11,P039,store,0,9.15,0,0,0
2023-12-18,P039,store,0,9.15,0,0,0
2023-12-25,P039,store,0,9.15,0,0,0
2024-01-01,P039,store,0,9.15,0,0,0
2024-01-08,P039,store,0,9.15,0,0,0
2024-01-15,P039,store,0,9.15,0,0,0
2024-01-22,P039,store,0,9.15,0,0,0
2024-01-29,P039,store,0,9.15,0,0,0
2024-02-05,P039,store,0,9.15,0,0,0
2024-02-12,P039,store,1,9.15,0,0,0
2024-02-19,P039,store,0,9.15,0,0,0
2024-02-26,P039,store,1,9.15,0,0,0
2024-03-04,P039,store,0,9.15,0,0,0
2024-03-11,P039,store,0,9.15,0,0,0
2024-03-18,P039,store,0,9.15,0,0,0
2024-03-25,P039,store,3,9.15,0,0,0
2024-04-01,P039,store,0,9.15,0,0,0
2024-04-08,P039,store,0,9.15,0,0,0
2024-04-15,P039,store,0,9.15,0,0,0
2024-04-22,P039,store,0,9.15,0,0,0
2024-04-29,P039,store,2,9.15,0,0,0
2024-05-06,P039,store,0,9.15,0,0,0
2024-05-13,P039,store,0,9.15,0,0,0
2024-05-20,P039,store,0,9.15,0,0,0
2024-05-27,P039,store,0,9.15,0,0,0
2024-06-03,P039,store,0,9.15,0,0,0
2024-06-10,P039,store,0,9.15,0,0,0
2024-06-17,P039,store,0,9.15,0,0,0
2024-06-24,P039,store,0,9.15,0,0,0
2024-07-01,P039,store,0,9.15,0,0,0
2024-07-08,P039,store,0,9.15,0,0,0
2024-07-15,P039,store,0,9.15,0,0,0
2024-07-22,P039,store,0,9.15,0,0,0
2024-07-29,P039,store,0,9.15,0,0,0
2024-08-05,P039,store,4,9.15,0,0,0
2024-08-12,P039,store,1,9.15,0,0,0
2024-08-19,P039,store,5,9.15,0,0,0
2024-08-26,P039,store,0,9.15,0,0,0
2024-09-02,P039,store,2,9.15,0,0,0
2024-09-09,P039,store,0,9.15,0,0,0
2024-09-16,P039,store,0,9.15,0,0,0
2024-09-23,P039,store,0,9.15,0,0,0
2024-09-30,P039,store,0,9.15,0,0,0
2024-10-07,P039,store,0,9.15,0,0,0
2024-10-14,P039,store,0,9.15,0,0,0
2024-10-21,P039,store,0,9.15,0,0,0
2024-10-28,P039,store,0,9.15,0,0,0
2024-11-04,P039,store,0,9.15,0,0,0
2024-11-11,P039,store,0,9.15,0,0,0
2024-11-18,P039,store,0,9.15,0,0,0
2024-11-25,P039,store,0,9.15,0,0,0
2024-12-02,P039,store,0,9.15,0,0,0
2024-12-09,P039,store,0,9.15,0,0,0
2024-12-16,P039,store,0,9.15,0,0,0
2024-12-23,P039,store,0,9.15,0,0,0
2024-12-30,P039,store,0,9.15,0,0,0
2025-01-06,P039,store,0,9.15,0,0,0
2025-01-13,P039,store,0,9.15,0,0,0
2025-01-20,P039,store,0,9.15,0,0,0
2025-01-27,P039,store,0,9.15,0,0,0
2025-02-03,P039,store,0,9.15,0,0,0
2025-02-10,P039,store,0,9.15,0,0,0
2025-02-17,P039,store,0,9.15,0,0,0
2025-02-24,P039,store,0,9.15,0,0,0
2025-03-03,P039,store,0,9.15,0,0,0
2025-03-10,P039,store,0,9.15,0,0,0
2025-03-17,P039,store,4,9.15,0,0,0
2025-03-24,P039,store,0,9.15,0,0,0
2025-03-31,P039,store,6,9.15,0,0,0
2025-04-07,P039,store,0,9.15,0,0,0
2025-04-14,P039,store,0,9.15,0,0,0
2025-04-21,P039,store,0,9.15,0,0,0
2025-04-28,P039,store,0,9.15,0,0,0
2025-05-05,P039,store,0,9.15,0,0,0
2025-05-12,P039,store,0,9.15,0,0,0
2025-05-19,P039,store,0,9.15,0,0,0
2025-05-26,P039,store,0,9.15,0,0,0
2025-06-02,P039,store,0,9.15,0,0,0
2025-06-09,P039,store,0,9.15,0,0,0
2025-06-16,P039,store,0,9.15,0,0,0
2025-06-23,P039,store,0,9.15,0,0,0
2025-06-30,P039,store,0,9.15,0,0,0
2025-07-07,P039,store,0,9.15,0,0,0
2025-07-14,P039,store,0,9.15,0,0,0
2025-07-21,P039,store,0,9.15,0,0,0
2025-07-28,P039,store,1,9.15,0,0,0
2025-08-04,P039,store,5,9.15,0,0,0
2025-08-11,P039,store,0,9.15,0,0,0
2025-08-18,P039,store,1,9.15,0,0,0
2025-08-25,P039,store,0,9.15,0,0,0
2025-09-01,P039,store,0,9.15,0,0,0
2025-09-08,P039,store,0,9.15,0,0,0
2025-09-15,P039,store,0,9.15,0,0,0
2025-09-22,P039,store,0,9.15,0,0,0
2025-09-29,P039,store,0,9.15,0,0,0
2025-10-06,P039,store,0,9.15,0,0,0
2025-10-13,P039,store,0,9.15,0,0,0
2025-10-20,P039,store,0,9.15,0,0,0
2025-10-27,P039,store,0,9.15,0,0,0
2025-11-03,P039,store,0,9.15,0,0,0
2025-11-10,P039,store,0,9.15,0,0,0
2025-11-17,P039,store,0,9.15,0,0,0
2025-11-24,P039,store,0,9.15,0,0,0
2025-12-01,P039,store,0,9.15,0,0,0
2025-12-08,P039,store,0,9.15,0,0,0
2025-12-15,P039,store,5,9.15,0,0,0
2025-12-22,P039,store,0,9.15,0,0,0
2023-01-02,P039,online,0,9.15,0,0,0
2023-01-09,P039,online,0,9.15,0,0,0
2023-01-16,P039,online,0,9.15,0,0,0
2023-01-23,P039,online,0,9.15,0,0,0
2023-01-30,P039,online,0,9.15,0,0,0
2023-02-06,P039,online,0,9.15,0,0,0
2023-02-13,P039,online,0,9.15,0,0,0
2023-02-20,P039,online,0,9.15,0,0,0
2023-02-27,P039,online,0,9.15,0,0,0
2023-03-06,P039,online,6,9.15,0,0,0
2023-03-13,P039,online,0,9.15,0,0,0
2023-03-20,P039,online,0,9.15,0,0,0
2023-03-27,P039,online,1,9.15,0,0,0
2023-04-03,P039,online,0,9.15,0,0,0
2023-04-10,P039,online,0,9.15,0,0,0
2023-04-17,P039,online,0,9.15,0,0,0
2023-04-24,P039,online,2,9.15,0,0,0
2023-05-01,P039,online,0,9.15,0,0,0
2023-05-08,P039,online,0,9.15,0,0,0
2023-05-15,P039,online,0,9.15,0,0,0
2023-05-22,P039,online,0,9.15,0,0,0
2023-05-29,P039,online,5,9.15,0,0,0
2023-06-05,P039,online,0,9.15,0,0,0
2023-06-12,P039,online,0,9.15,0,0,0
2023-06-19,P039,online,0,9.15,0,0,0
2023-06-26,P039,online,0,9.15,0,0,0
2023-07-03,P039,online,0,9.15,0,0,0
2023-07-10,P039,online,8,9.15,0,0,0
2023-07-17,P039,online,0,9.15,0,0,0
2023-07-24,P039,online,0,9.15,0,0,0
2023-07-31,P039,online,0,9.15,0,0,0
2023-08-07,P039,online,0,9.15,0,0,0
2023-08-14,P039,online,0,9.15,0,0,0
2023-08-21,P039,online,0,9.15,0,0,0
2023-08-28,P039,online,0,9.15,0,0,0
2023-09-04,P039,online,0,9.15,0,0,0
2023-09-11,P039,online,4,9.15,0,0,0
2023-09-18,P039,online,0,9.15,0,0,0
2023-09-25,P039,online,0,9.15,0,0,0
2023-10-02,P039,online,5,9.15,0,0,0
2023-10-09,P039,online,0,9.15,0,0,0
2023-10-16,P039,online,0,9.15,0,0,0
2023-10-23,P039,online,4,9.15,0,0,0
2023-10-30,P039,online,0,9.15,0,0,0
2023-11-06,P039,online,0,9.15,0,0,0
2023-11-13,P039,online,3,9.15,0,0,0
2023-11-20,P039,online,0,9.15,0,0,0
2023-11-27,P039,online,0,9.15,0,0,0
2023-12-04,P039,online,3,9.15,0,0,0
2023-12-11,P039,online,0,9.15,0,0,0
2023-12-18,P039,online,0,9.15,0,0,0
2023-12-25,P039,online,0,9.15,0,0,0
2024-01-01,P039,online,0,9.15,0,0,0
2024-01-08,P039,online,0,9.15,0,0,0
2024-01-15,P039,online,0,9.15,0,0,0
2024-01-22,P039,online,10,9.15,0,0,0
2024-01-29,P039,online,0,9.15,0,0,0
2024-02-05,P039,online,0,9.15,0,0,0
2024-02-12,P039,online,0,9.15,0,0,0
2024-02-19,P039,online,0,9.15,0,0,0
2024-02-26,P039,online,0,9.15,0,0,0
2024-03-04,P039,online,0,9.15,0,0,0
2024-03-11,P039,online,0,9.15,0,0,0
2024-03-18,P039,online,0,9.15,0,0,0
2024-03-25,P039,online,0,9.15,0,0,0
2024-04-01,P039,online,0,9.15,0,0,0
2024-04-08,P039,online,0,9.15,0,0,0
2024-04-15,P039,online,0,9.15,0,0,0
2024-04-22,P039,online,0,9.15,0,0,0
2024-04-29,P039,online,0,9.15,0,0,0
2024-05-06,P039,online,0,9.15,0,0,0
2024-05-13,P039,online,6,9.15,0,0,0
2024-05-20,P039,online,0,9.15,0,0,0
2024-05-27,P039,online,0,9.15,0,0,0
2024-06-03,P039,online,2,9.15,0,0,0
2024-06-10,P039,online,0,9.15,0,0,0
2024-06-17,P039,online,0,9.15,0,0,0
2024-06-24,P039,online,7,9.15,0,0,0
2024-07-01,P039,online,3,9.15,0,0,0
2024-07-08,P039,online,0,9.15,0,0,0
2024-07-15,P039,online,0,9.15,0,0,0
2024-07-22,P039,online,0,9.15,0,0,0
2024-07-29,P039,online,0,9.15,0,0,0
2024-08-05,P039,online,0,9.15,0,0,0
2024-08-12,P039,online,0,9.15,0,0,0
2024-08-19,P039,online,0,9.15,0,0,0
2024-08-26,P039,online,0,9.15,0,0,0
2024-09-02,P039,online,0,9.15,0,0,0
2024-09-09,P039,online,1,9.15,0,0,0
2024-09-16,P039,online,0,9.15,0,0,0
2024-09-23,P039,online,0,9.15,0,0,0
2024-09-30,P039,online,0,9.15,0,0,0
2024-10-07,P039,online,0,9.15,0,0,0
2024-10-14,P039,online,0,9.15,0,0,0
2024-10-21,P039,online,0,9.15,0,0,0
2024-10-28,P039,online,0,9.15,0,0,0
2024-11-04,P039,online,0,9.15,0,0,0
2024-11-11,P039,online,0,9.15,0,0,0
2024-11-18,P039,online,0,9.15,0,0,0
2024-11-25,P039,online,0,9.15,0,0,0
2024-12-02,P039,online,0,9.15,0,0,0
2024-12-09,P039,online,0,9.15,0,0,0
2024-12-16,P039,online,0,9.15,0,0,0
2024-12-23,P039,online,8,9.15,0,0,0
2024-12-30,P039,online,5,9.15,0,0,0
2025-01-06,P039,online,0,9.15,0,0,0
2025-01-13,P039,online,0,9.15,0,0,0
2025-01-20,P039,online,0,9.15,0,0,0
2025-01-27,P039,online,0,9.15,0,0,0
2025-02-03,P039,online,3,9.15,0,0,0
2025-02-10,P039,online,5,9.15,0,0,0
2025-02-17,P039,online,0,9.15,0,0,0
2025-02-24,P039,online,0,9.15,0,0,0
2025-03-03,P039,online,0,9.15,0,0,0
2025-03-10,P039,online,0,9.15,0,0,0
2025-03-17,P039,online,0,9.15,0,0,0
2025-03-24,P039,online,7,9.15,0,0,0
2025-03-31,P039,online,0,9.15,0,0,0
2025-04-07,P039,online,0,9.15,0,0,0
2025-04-14,P039,online,0,9.15,0,0,0
2025-04-21,P039,online,13,9.15,0,0,0
2025-04-28,P039,online,2,9.15,0,0,0
2025-05-05,P039,online,0,9.15,0,0,0
2025-05-12,P039,online,0,9.15,0,0,0
2025-05-19,P039,online,0,9.15,0,0,0
2025-05-26,P039,online,0,9.15,0,0,0
2025-06-02,P039,online,0,9.15,0,0,0
2025-06-09,P039,online,0,9.15,0,0,0
2025-06-16,P039,online,3,9.15,0,0,0
2025-06-23,P039,online,0,9.15,0,0,0
2025-06-30,P039,online,0,9.15,0,0,0
2025-07-07,P039,online,0,9.15,0,0,0
2025-07-14,P039,online,0,9.15,0,0,0
2025-07-21,P039,online,13,9.15,0,0,0
2025-07-28,P039,online,3,9.15,0,0,0
2025-08-04,P039,online,0,9.15,0,0,0
2025-08-11,P039,online,2,9.15,0,0,0
2025-08-18,P039,online,5,9.15,0,0,0
2025-08-25,P039,online,5,9.15,0,0,0
2025-09-01,P039,online,0,9.15,0,0,0
2025-09-08,P039,online,0,9.15,0,0,0
2025-09-15,P039,online,0,9.15,0,0,0
2025-09-22,P039,online,0,9.15,0,0,0
2025-09-29,P039,online,0,9.15,0,0,0
2025-10-06,P039,online,0,9.15,0,0,0
2025-10-13,P039,online,0,9.15,0,0,0
2025-10-20,P039,online,0,9.15,0,0,0
2025-10-27,P039,online,0,9.15,0,0,0
2025-11-03,P039,online,0,9.15,0,0,0
2025-11-10,P039,online,0,9.15,0,0,0
2025-11-17,P039,online,0,9.15,0,0,0
2025-11-24,P039,online,0,9.15,0,0,0
2025-12-01,P039,online,0,9.15,0,0,0
2025-12-08,P039,online,10,9.15,0,0,0
2025-12-15,P039,online,7,9.15,0,0,0
2025-12-22,P039,online,2,9.15,0,0,0
2023-01-02,P040,store,0,13.92,0,0,0
2023-01-09,P040,store,0,13.92,0,0,0
2023-01-16,P040,store,0,13.92,0,0,0
2023-01-23,P040,store,0,13.92,0,0,0
2023-01-30,P040,store,0,13.92,0,0,0
2023-02-06,P040,store,0,13.92,0,0,0
2023-02-13,P040,store,0,13.92,0,0,0
2023-02-20,P040,store,0,13.92,0,0,0
2023-02-27,P040,store,12,13.92,0,0,0
2023-03-06,P040,store,0,13.92,0,0,0
2023-03-13,P040,store,0,13.92,0,0,0
2023-03-20,P040,store,2,13.92,0,0,0
2023-03-27,P040,store,0,13.92,0,0,0
2023-04-03,P040,store,1,13.92,0,0,0
2023-04-10,P040,store,0,13.92,0,0,0
2023-04-17,P040,store,2,13.92,0,0,0
2023-04-24,P040,store,0,13.92,0,0,0
2023-05-01,P040,store,0,13.92,0,0,0
2023-05-08,P040,store,0,13.92,0,0,0
2023-05-15,P040,store,0,13.92,0,0,0
2023-05-22,P040,store,0,13.92,0,0,0
2023-05-29,P040,store,0,13.92,0,0,0
2023-06-05,P040,store,0,13.92,0,0,0
2023-06-12,P040,store,0,13.92,0,0,0
2023-06-19,P040,store,0,13.92,0,0,0
2023-06-26,P040,store,0,13.92,0,0,0
2023-07-03,P040,store,0,13.92,0,0,0
2023-07-10,P040,store,0,13.92,0,0,0
2023-07-17,P040,store,0,13.92,0,0,0
2023-07-24,P040,store,0,13.92,0,0,0
2023-07-31,P040,store,1,13.92,0,0,0
2023-08-07,P040,store,2,13.92,0,0,0
2023-08-14,P040,store,0,13.92,0,0,0
2023-08-21,P040,store,12,13.92,0,0,0
2023-08-28,P040,store,0,13.92,0,0,0
2023-09-04,P040,store,6,13.92,0,0,0
2023-09-11,P040,store,0,13.92,0,0,0
2023-09-18,P040,store,0,13.92,0,0,0
2023-09-25,P040,store,0,13.92,0,0,0
2023-10-02,P040,store,2,13.92,0,0,0
2023-10-09,P040,store,0,13.92,0,0,0
2023-10-16,P040,store,7,13.92,0,0,0
2023-10-23,P040,store,0,13.92,0,0,0
2023-10-30,P040,store,0,13.92,0,0,0
2023-11-06,P040,store,0,13.92,0,0,0
2023-11-13,P040,store,2,13.92,0,0,0
2023-11-20,P040,store,0,13.92,0,0,0
2023-11-27,P040,store,0,13.92,0,0,0
2023-12-04,P040,store,0,13.92,0,0,0
2023-12-11,P040,store,0,13.92,0,0,0
2023-12-18,P040,store,0,13.92,0,0,0
2023-12-25,P040,store,0,13.92,0,0,0
2024-01-01,P040,store,0,13.92,0,0,0
2024-01-08,P040,store,4,13.92,0,0,0
2024-01-15,P040,store,0,13.92,0,0,0
2024-01-22,P040,store,10,13.92,0,0,0
2024-01-29,P040,store,0,13.92,0,0,0
2024-02-05,P040,store,0,13.92,0,0,0
2024-02-12,P040,store,8,13.92,0,0,0
2024-02-19,P040,store,0,13.92,0,0,0
2024-02-26,P040,store,0,13.92,0,0,0
2024-03-04,P040,store,16,13.92,0,0,0
2024-03-11,P040,store,0,13.92,0,0,0
2024-03-18,P040,store,0,13.92,0,0,0
2024-03-25,P040,store,0,13.92,0,0,0
2024-04-01,P040,store,0,13.92,0,0,0
2024-04-08,P040,store,0,13.92,0,0,0
2024-04-15,P040,store,0,13.92,0,0,0
2024-04-22,P040,store,0,13.92,0,0,0
2024-04-29,P040,store,0,13.92,0,0,0
2024-05-06,P040,store,0,13.92,0,0,0
2024-05-13,P040,store,0,13.92,0,0,0
2024-05-20,P040,store,0,13.92,0,0,0
2024-05-27,P040,store,0,13.92,0,0,0
2024-06-03,P040,store,3,13.92,0,0,0
2024-06-10,P040,store,0,13.92,0,0,0
2024-06-17,P040,store,0,13.92,0,0,0
2024-06-24,P040,store,0,13.92,0,0,0
2024-07-01,P040,store,0,13.92,0,0,0
2024-07-08,P040,store,0,13.92,0,0,0
2024-07-15,P040,store,0,13.92,0,0,0
2024-07-22,P040,store,0,13.92,0,0,0
2024-07-29,P040,store,0,13.92,0,0,0
2024-08-05,P040,store,5,13.92,0,0,0
2024-08-12,P040,store,0,13.92,0,0,0
2024-08-19,P040,store,0,13.92,0,0,0
2024-08-26,P040,store,0,13.92,0,0,0
2024-09-02,P040,store,0,13.92,0,0,0
2024-09-09,P040,store,0,13.92,0,0,0
2024-09-16,P040,store,6,13.92,0,0,0
2024-09-23,P040,store,3,13.92,0,0,0
2024-09-30,P040,store,0,13.92,0,0,0
2024-10-07,P040,store,0,13.92,0,0,0
2024-10-14,P040,store,0,13.92,0,0,0
2024-10-21,P040,store,0,13.92,0,0,0
2024-10-28,P040,store,0,13.92,0,0,0
2024-11-04,P040,store,0,13.92,0,0,0
2024-11-11,P040,store,0,13.92,0,0,0
2024-11-18,P040,store,0,13.92,0,0,0
2024-11-25,P040,store,0,13.92,0,0,0
2024-12-02,P040,store,0,13.92,0,0,0
2024-12-09,P040,store,0,13.92,0,0,0
2024-12-16,P040,store,0,13.92,0,0,0
2024-12-23,P040,store,1,13.92,0,0,0
2024-12-30,P040,store,0,13.92,0,0,0
2025-01-06,P040,store,0,13.92,0,0,0
2025-01-13,P040,store,0,13.92,0,0,0
2025-01-20,P040,store,0,13.92,0,0,0
2025-01-27,P040,store,1,13.92,0,0,0
2025-02-03,P040,store,1,13.92,0,0,0
2025-02-10,P040,store,0,13.92,0,0,0
2025-02-17,P040,store,0,13.92,0,0,0
2025-02-24,P040,store,0,13.92,0,0,0
2025-03-03,P040,store,0,13.92,0,0,0
2025-03-10,P040,store,0,13.92,0,0,0
2025-03-17,P040,store,0,13.92,0,0,0
2025-03-24,P040,store,3,13.92,0,0,0
2025-03-31,P040,store,0,13.92,0,0,0
2025-04-07,P040,store,0,13.92,0,0,0
2025-04-14,P040,store,9,13.92,0,0,0
2025-04-21,P040,store,1,13.92,0,0,0
2025-04-28,P040,store,0,13.92,0,0,0
2025-05-05,P040,store,0,13.92,0,0,0
2025-05-12,P040,store,0,13.92,0,0,0
2025-05-19,P040,store,0,13.92,0,0,0
2025-05-26,P040,store,0,13.92,0,0,0
2025-06-02,P040,store,2,13.92,0,0,0
2025-06-09,P040,store,1,13.92,0,0,0
2025-06-16,P040,store,0,13.92,0,0,0
2025-06-23,P040,store,0,13.92,0,0,0
2025-06-30,P040,store,0,13.92,0,0,0
2025-07-07,P040,store,6,13.92,0,0,0
2025-07-14,P040,store,13,13.92,0,0,0
2025-07-21,P040,store,0,13.92,0,0,0
2025-07-28,P040,store,0,13.92,0,0,0
2025-08-04,P040,store,0,13.92,0,0,0
2025-08-11,P040,store,0,13.92,0,0,0
2025-08-18,P040,store,0,13.92,0,0,0
2025-08-25,P040,store,2,13.92,0,0,0
2025-09-01,P040,store,0,13.92,0,0,0
2025-09-08,P040,store,0,13.92,0,0,0
2025-09-15,P040,store,0,13.92,0,0,0
2025-09-22,P040,store,0,13.92,0,0,0
2025-09-29,P040,store,0,13.92,0,0,0
2025-10-06,P040,store,0,13.92,0,0,0
2025-10-13,P040,store,0,13.92,0,0,0
2025-10-20,P040,store,0,13.92,0,0,0
2025-10-27,P040,store,0,13.92,0,0,0
2025-11-03,P040,store,10,13.92,0,0,0
2025-11-10,P040,store,3,13.92,0,0,0
2025-11-17,P040,store,0,13.92,0,0,0
2025-11-24,P040,store,0,13.92,0,0,0
2025-12-01,P040,store,0,13.92,0,0,0
2025-12-08,P040,store,3,13.92,0,0,0
2025-12-15,P040,store,0,13.92,0,0,0
2025-12-22,P040,store,0,13.92,0,0,0
2023-01-02,P040,online,0,13.92,0,0,0
2023-01-09,P040,online,0,13.92,0,0,0
2023-01-16,P040,online,0,13.92,0,0,0
2023-01-23,P040,online,0,13.92,0,0,0
2023-01-30,P040,online,1,13.92,0,0,0
2023-02-06,P040,online,0,13.92,0,0,0
2023-02-13,P040,online,0,13.92,0,0,0
2023-02-20,P040,online,0,13.92,0,0,0
2023-02-27,P040,online,0,13.92,0,0,0
2023-03-06,P040,online,0,13.92,0,0,0
2023-03-13,P040,online,2,13.92,0,0,0
2023-03-20,P040,online,0,13.92,0,0,0
2023-03-27,P040,online,4,13.92,0,0,0
2023-04-03,P040,online,0,13.92,0,0,0
2023-04-10,P040,online,0,13.92,0,0,0
2023-04-17,P040,online,0,13.92,0,0,0
2023-04-24,P040,online,0,13.92,0,0,0
2023-05-01,P040,online,0,13.92,0,0,0
2023-05-08,P040,online,0,13.92,0,0,0
2023-05-15,P040,online,0,13.92,0,0,0
2023-05-22,P040,online,0,13.92,0,0,0
2023-05-29,P040,online,0,13.92,0,0,0
2023-06-05,P040,online,1,13.92,0,0,0
2023-06-12,P040,online,0,13.92,0,0,0
2023-06-19,P040,online,0,13.92,0,0,0
2023-06-26,P040,online,0,13.92,0,0,0
2023-07-03,P040,online,0,13.92,0,0,0
2023-07-10,P040,online,7,13.92,0,0,0
2023-07-17,P040,online,0,13.92,0,0,0
2023-07-24,P040,online,0,13.92,0,0,0
2023-07-31,P040,online,0,13.92,0,0,0
2023-08-07,P040,online,0,13.92,0,0,0
2023-08-14,P040,online,0,13.92,0,0,0
2023-08-21,P040,online,0,13.92,0,0,0
2023-08-28,P040,online,0,13.92,0,0,0
2023-09-04,P040,online,0,13.92,0,0,0
2023-09-11,P040,online,5,13.92,0,0,0
2023-09-18,P040,online,0,13.92,0,0,0
2023-09-25,P040,online,2,13.92,0,0,0
2023-10-02,P040,online,0,13.92,0,0,0
2023-10-09,P040,online,0,13.92,0,0,0
2023-10-16,P040,online,3,13.92,0,0,0
2023-10-23,P040,online,0,13.92,0,0,0
2023-10-30,P040,online,0,13.92,0,0,0
2023-11-06,P040,online,0,13.92,0,0,0
2023-11-13,P040,online,0,13.92,0,0,0
2023-11-20,P040,online,0,13.92,0,0,0
2023-11-27,P040,online,0,13.92,0,0,0
2023-12-04,P040,online,0,13.92,0,0,0
2023-12-11,P040,online,0,13.92,0,0,0
2023-12-18,P040,online,0,13.92,0,0,0
2023-12-25,P040,online,0,13.92,0,0,0
2024-01-01,P040,online,0,13.92,0,0,0
2024-01-08,P040,online,0,13.92,0,0,0
2024-01-15,P040,online,0,13.92,0,0,0
2024-01-22,P040,online,0,13.92,0,0,0
2024-01-29,P040,online,0,13.92,0,0,0
2024-02-05,P040,online,0,13.92,0,0,0
2024-02-12,P040,online,3,13.92,0,0,0
2024-02-19,P040,online,0,13.92,0,0,0
2024-02-26,P040,online,0,13.92,0,0,0
2024-03-04,P040,online,0,13.92,0,0,0
2024-03-11,P040,online,0,13.92,0,0,0
2024-03-18,P040,online,0,13.92,0,0,0
2024-03-25,P040,online,0,13.92,0,0,0
2024-04-01,P040,online,0,13.92,0,0,0
2024-04-08,P040,online,0,13.92,0,0,0
2024-04-15,P040,online,0,13.92,0,0,0
2024-04-22,P040,online,0,13.92,0,0,0
2024-04-29,P040,online,1,13.92,0,0,0
2024-05-06,P040,online,0,13.92,0,0,0
2024-05-13,P040,online,0,13.92,0,0,0
2024-05-20,P040,online,0,13.92,0,0,0
2024-05-27,P040,online,0,13.92,0,0,0
2024-06-03,P040,online,0,13.92,0,0,0
2024-06-10,P040,online,0,13.92,0,0,0
2024-06-17,P040,online,0,13.92,0,0,0
2024-06-24,P040,online,0,13.92,0,0,0
2024-07-01,P040,online,0,13.92,0,0,0
2024-07-08,P040,online,0,13.92,0,0,0
2024-07-15,P040,online,0,13.92,0,0,0
2024-07-22,P040,online,5,13.92,0,0,0
2024-07-29,P040,online,0,13.92,0,0,0
2024-08-05,P040,online,2,13.92,0,0,0
2024-08-12,P040,online,0,13.92,0,0,0
2024-08-19,P040,online,0,13.92,0,0,0
2024-08-26,P040,online,6,13.92,0,0,0
2024-09-02,P040,online,0,13.92,0,0,0
2024-09-09,P040,online,0,13.92,0,0,0
2024-09-16,P040,online,0,13.92,0,0,0
2024-09-23,P040,online,0,13.92,0,0,0
2024-09-30,P040,online,0,13.92,0,0,0
2024-10-07,P040,online,0,13.92,0,0,0
2024-10-14,P040,online,0,13.92,0,0,0
2024-10-21,P040,online,0,13.92,0,0,0
2024-10-28,P040,online,0,13.92,0,0,0
2024-11-04,P040,online,0,13.92,0,0,0
2024-11-11,P040,online,0,13.92,0,0,0
2024-11-18,P040,online,0,13.92,0,0,0
2024-11-25,P040,online,0,13.92,0,0,0
2024-12-02,P040,online,0,13.92,0,0,0
2024-12-09,P040,online,3,13.92,0,0,0
2024-12-16,P040,online,0,13.92,0,0,0
2024-12-23,P040,online,0,13.92,0,0,0
2024-12-30,P040,online,0,13.92,0,0,0
2025-01-06,P040,online,0,13.92,0,0,0
2025-01-13,P040,online,0,13.92,0,0,0
2025-01-20,P040,online,0,13.92,0,0,0
2025-01-27,P040,online,0,13.92,0,0,0
2025-02-03,P040,online,0,13.92,0,0,0
2025-02-10,P040,online,0,13.92,0,0,0
2025-02-17,P040,online,0,13.92,0,0,0
2025-02-24,P040,online,0,13.92,0,0,0
2025-03-03,P040,online,0,13.92,0,0,0
2025-03-10,P040,online,0,13.92,0,0,0
2025-03-17,P040,online,0,13.92,0,0,0
2025-03-24,P040,online,4,13.92,0,0,0
2025-03-31,P040,online,1,13.92,0,0,0
2025-04-07,P040,online,0,13.92,0,0,0
2025-04-14,P040,online,0,13.92,0,0,0
2025-04-21,P040,online,0,13.92,0,0,0
2025-04-28,P040,online,0,13.92,0,0,0
2025-05-05,P040,online,0,13.92,0,0,0
2025-05-12,P040,online,0,13.92,0,0,0
2025-05-19,P040,online,0,13.92,0,0,0
2025-05-26,P040,online,4,13.92,0,0,0
2025-06-02,P040,online,4,13.92,0,0,0
2025-06-09,P040,online,6,13.92,0,0,0
2025-06-16,P040,online,0,13.92,0,0,0
2025-06-23,P040,online,0,13.92,0,0,0
2025-06-30,P040,online,0,13.92,0,0,0
2025-07-07,P040,online,0,13.92,0,0,0
2025-07-14,P040,online,0,13.92,0,0,0
2025-07-21,P040,online,0,13.92,0,0,0
2025-07-28,P040,online,0,13.92,0,0,0
2025-08-04,P040,online,0,13.92,0,0,0
2025-08-11,P040,online,0,13.92,0,0,0
2025-08-18,P040,online,3,13.92,0,0,0
2025-08-25,P040,online,15,13.92,0,0,0
2025-09-01,P040,online,0,13.92,0,0,0
2025-09-08,P040,online,0,13.92,0,0,0
2025-09-15,P040,online,4,13.92,0,0,0
2025-09-22,P040,online,0,13.92,0,0,0
2025-09-29,P040,online,0,13.92,0,0,0
2025-10-06,P040,online,0,13.92,0,0,0
2025-10-13,P040,online,5,13.92,0,0,0
2025-10-20,P040,online,0,13.92,0,0,0
2025-10-27,P040,online,0,13.92,0,0,0
2025-11-03,P040,online,0,13.92,0,0,0
2025-11-10,P040,online,0,13.92,0,0,0
2025-11-17,P040,online,0,13.92,0,0,0
2025-11-24,P040,online,2,13.92,0,0,0
2025-12-01,P040,online,0,13.92,0,0,0
2025-12-08,P040,online,0,13.92,0,0,0
2025-12-15,P040,online,0,13.92,0,0,0
2025-12-22,P040,online,0,13.92,0,0,0
